Date,BBDC4.SA
2015-01-02,7.824869632720947
2015-01-05,7.841010093688965
2015-01-06,8.098952293395996
2015-01-07,8.420808792114258
2015-01-08,8.464178085327148
2015-01-09,8.096667289733887
2015-01-12,7.952861309051514
2015-01-13,7.977973461151123
2015-01-14,8.062427520751953
2015-01-15,7.980255603790283
2015-01-16,8.057868957519531
2015-01-19,7.888942718505859
2015-01-20,7.863835334777832
2015-01-21,8.055581092834473
2015-01-22,8.14460563659668
2015-01-23,8.073847770690918
2015-01-26,8.203957557678223
2015-01-27,8.2176513671875
2015-01-28,8.046452522277832
2015-01-29,7.936885833740234
2015-01-30,7.6994853019714355
2015-02-02,7.779373645782471
2015-02-03,8.067327499389648
2015-02-04,8.270613670349121
2015-02-05,8.138137817382812
2015-02-06,8.172394752502441
2015-02-09,8.256906509399414
2015-02-10,8.084270477294922
2015-02-11,7.866334438323975
2015-02-12,8.178327560424805
2015-02-13,8.396263122558594
2015-02-18,8.48802661895752
2015-02-19,8.469675064086914
2015-02-20,8.490323066711426
2015-02-23,8.572909355163574
2015-02-24,8.666961669921875
2015-02-25,8.715136528015137
2015-02-26,8.733497619628906
2015-02-27,8.62567138671875
2015-03-02,8.508675575256348
2015-03-03,8.527199745178223
2015-03-04,8.350452423095703
2015-03-05,8.336684226989746
2015-03-06,8.235687255859375
2015-03-09,7.999271392822266
2015-03-10,7.733007907867432
2015-03-11,7.964840888977051
2015-03-12,7.822531700134277
2015-03-13,7.726123332977295
2015-03-16,7.840892791748047
2015-03-17,8.14846420288086
2015-03-18,8.46981430053711
2015-03-19,8.327505111694336
2015-03-20,8.45604419708252
2015-03-23,8.435382843017578
2015-03-24,8.355046272277832
2015-03-25,8.359639167785645
2015-03-26,8.102561950683594
2015-03-27,7.877615928649902
2015-03-30,8.042876243591309
2015-03-31,8.13928508758545
2015-04-01,8.403715133666992
2015-04-02,8.49162483215332
2015-04-06,8.574308395385742
2015-04-07,8.621161460876465
2015-04-08,8.618402481079102
2015-04-09,8.46406078338623
2015-04-10,8.497129440307617
2015-04-13,8.519183158874512
2015-04-14,8.637697219848633
2015-04-15,8.731407165527344
2015-04-16,8.734161376953125
2015-04-17,8.475083351135254
2015-04-20,8.428227424621582
2015-04-22,8.497129440307617
2015-04-23,8.71487045288086
2015-04-24,8.957406044006348
2015-04-27,8.789283752441406
2015-04-28,8.957406044006348
2015-04-29,8.69006061553955
2015-04-30,8.869211196899414
2015-05-04,8.913305282592773
2015-05-05,8.948874473571777
2015-05-06,8.728255271911621
2015-05-07,8.695165634155273
2015-05-08,8.728255271911621
2015-05-11,8.70068073272705
2015-05-12,8.612432479858398
2015-05-13,8.52694320678711
2015-05-14,8.722744941711426
2015-05-15,8.874415397644043
2015-05-18,8.648282051086426
2015-05-19,8.571062088012695
2015-05-20,8.328383445739746
2015-05-21,8.229105949401855
2015-05-22,7.99745512008667
2015-05-25,8.08018684387207
2015-05-26,7.790627956390381
2015-05-27,8.074673652648926
2015-05-28,7.980910301208496
2015-05-29,7.776837348937988
2015-06-01,7.729954719543457
2015-06-02,7.994597911834717
2015-06-03,7.77933931350708
2015-06-05,7.613767147064209
2015-06-08,7.605490207672119
2015-06-09,7.561336040496826
2015-06-10,7.837292194366455
2015-06-11,7.826261520385742
2015-06-12,7.671716690063477
2015-06-15,7.641366481781006
2015-06-16,7.812462329864502
2015-06-17,7.646883487701416
2015-06-18,7.933882713317871
2015-06-19,7.773829936981201
2015-06-22,7.848333835601807
2015-06-23,7.951095104217529
2015-06-24,8.00110149383545
2015-06-25,7.973320484161377
2015-06-26,8.090007781982422
2015-06-29,7.873307228088379
2015-06-30,7.898312568664551
2015-07-01,7.873307228088379
2015-07-02,8.034266471862793
2015-07-03,7.94252347946167
2015-07-06,7.786847114562988
2015-07-07,7.717343330383301
2015-07-08,7.59779691696167
2015-07-10,7.923061847686768
2015-07-13,8.062063217163086
2015-07-14,8.112109184265137
2015-07-15,8.0731840133667
2015-07-16,8.034266471862793
2015-07-17,8.012022018432617
2015-07-20,7.856346607208252
2015-07-21,7.756264686584473
2015-07-22,7.658957004547119
2015-07-23,7.364278316497803
2015-07-24,7.431000709533691
2015-07-27,7.533858299255371
2015-07-28,7.611701488494873
2015-07-29,7.675640106201172
2015-07-30,7.478256702423096
2015-07-31,7.639501571655273
2015-08-03,7.314239978790283
2015-08-04,7.247180938720703
2015-08-05,7.216580867767334
2015-08-06,7.247180938720703
2015-08-07,7.044093608856201
2015-08-10,7.135903835296631
2015-08-11,7.255533695220947
2015-08-12,6.924466609954834
2015-08-13,6.760329723358154
2015-08-14,6.7241621017456055
2015-08-17,6.610097408294678
2015-08-18,6.743640422821045
2015-08-19,6.540552139282227
2015-08-20,6.504386901855469
2015-08-21,6.432049751281738
2015-08-24,6.40423583984375
2015-08-25,6.290164470672607
2015-08-26,6.699124813079834
2015-08-27,6.888304233551025
2015-08-28,6.66852331161499
2015-08-31,6.4125752449035645
2015-09-01,6.228960990905762
2015-09-02,6.342837333679199
2015-09-03,6.501547336578369
2015-09-04,6.225894451141357
2015-09-08,6.370678901672363
2015-09-09,6.445859432220459
2015-09-10,6.306641578674316
2015-09-11,6.237029552459717
2015-09-14,6.515469074249268
2015-09-15,6.640763759613037
2015-09-16,6.888576984405518
2015-09-17,6.869086265563965
2015-09-18,6.495979309082031
2015-09-21,6.295501232147217
2015-09-22,6.32056188583374
2015-09-23,6.106162071228027
2015-09-24,6.178556442260742
2015-09-25,6.036554336547852
2015-09-28,5.8861985206604
2015-09-29,5.849996089935303
2015-09-30,5.96415901184082
2015-10-01,6.0449066162109375
2015-10-02,6.2731404304504395
2015-10-05,6.45707368850708
2015-10-06,6.518378257751465
2015-10-07,6.752472877502441
2015-10-08,6.7580485343933105
2015-10-09,6.685591697692871
2015-10-13,6.320516586303711
2015-10-14,6.287074565887451
2015-10-15,6.264778137207031
2015-10-16,6.144948482513428
2015-10-19,6.136588096618652
2015-10-20,5.991672039031982
2015-10-21,6.000034809112549
2015-10-22,6.089212894439697
2015-10-23,6.005606174468994
2015-10-26,5.961019039154053
2015-10-27,5.986095905303955
2015-10-28,6.24806022644043
2015-10-29,5.863481521606445
2015-10-30,5.852327346801758
2015-11-03,6.161667823791504
2015-11-04,6.038654327392578
2015-11-05,6.203220367431641
2015-11-06,6.11396598815918
2015-11-09,5.977290153503418
2015-11-10,5.946613311767578
2015-11-11,6.09165096282959
2015-11-12,6.088864326477051
2015-11-13,5.999608516693115
2015-11-16,6.049815654754639
2015-11-17,6.275742053985596
2015-11-18,6.325946807861328
2015-11-19,6.526771068572998
2015-11-23,6.462616443634033
2015-11-24,6.417992115020752
2015-11-25,6.105597496032715
2015-11-26,6.23948335647583
2015-11-27,6.0107645988464355
2015-11-30,5.890827178955078
2015-12-01,5.857357501983643
2015-12-02,5.8542799949646
2015-12-03,6.111118793487549
2015-12-04,6.027365684509277
2015-12-07,5.9659504890441895
2015-12-08,5.834738731384277
2015-12-09,6.127872467041016
2015-12-10,5.862654209136963
2015-12-11,5.812403678894043
2015-12-14,5.709110736846924
2015-12-15,5.798442840576172
2015-12-16,5.848695755004883
2015-12-17,5.975085258483887
2015-12-18,5.716187953948975
2015-12-21,5.550371170043945
2015-12-22,5.599825859069824
2015-12-23,5.643458843231201
2015-12-28,5.69873046875
2015-12-29,5.727822780609131
2015-12-30,5.608551502227783
2016-01-04,5.527098655700684
2016-01-05,5.547186374664307
2016-01-06,5.468561172485352
2016-01-07,5.357910633087158
2016-01-08,5.2530837059021
2016-01-11,5.104578018188477
2016-01-12,5.0754570960998535
2016-01-13,5.002657890319824
2016-01-14,5.154077529907227
2016-01-15,5.023044109344482
2016-01-18,4.9793620109558105
2016-01-19,5.014302730560303
2016-01-20,5.0259528160095215
2016-01-21,4.9531569480896
2016-01-22,5.0550713539123535
2016-01-26,4.996837615966797
2016-01-27,5.057987689971924
2016-01-28,5.0667219161987305
2016-01-29,5.285114288330078
2016-02-01,5.421970844268799
2016-02-02,5.203057765960693
2016-02-03,5.453739166259766
2016-02-04,5.751058578491211
2016-02-05,5.692758083343506
2016-02-10,5.756886005401611
2016-02-11,5.608229160308838
2016-02-12,5.6257171630859375
2016-02-15,5.6257171630859375
2016-02-16,5.826843738555908
2016-02-17,5.890974521636963
2016-02-18,5.771460056304932
2016-02-19,5.7947797775268555
2016-02-22,6.097925662994385
2016-02-23,6.039632320404053
2016-02-24,6.0279669761657715
2016-02-25,6.010481834411621
2016-02-26,6.0279669761657715
2016-02-29,6.220352649688721
2016-03-01,6.395246505737305
2016-03-02,6.534978866577148
2016-03-03,7.1184611320495605
2016-03-04,7.853642463684082
2016-03-07,7.631925106048584
2016-03-08,7.669848918914795
2016-03-09,7.322680473327637
2016-03-10,7.541486740112305
2016-03-11,7.809887886047363
2016-03-14,7.760289669036865
2016-03-15,7.3518571853637695
2016-03-16,7.188477516174316
2016-03-17,8.124969482421875
2016-03-18,8.017022132873535
2016-03-21,8.15122127532959
2016-03-22,8.06661605834961
2016-03-23,7.804049015045166
2016-03-24,7.661093711853027
2016-03-28,8.034526824951172
2016-03-29,8.174561500549316
2016-03-30,8.186234474182129
2016-03-31,7.894491195678711
2016-04-01,8.052031517028809
2016-04-04,7.724758148193359
2016-04-05,7.759795665740967
2016-04-06,7.555428504943848
2016-04-07,7.613827705383301
2016-04-08,8.00210189819336
2016-04-11,8.136395454406738
2016-04-12,8.518837928771973
2016-04-13,9.370720863342285
2016-04-14,8.378705024719238
2016-04-15,8.416654586791992
2016-04-18,8.36878490447998
2016-04-19,8.388047218322754
2016-04-20,8.381627082824707
2016-04-22,8.20500373840332
2016-04-25,8.015533447265625
2016-04-26,8.304553985595703
2016-04-27,8.596785545349121
2016-04-28,8.420161247253418
2016-04-29,8.317400932312012
2016-05-02,8.153621673583984
2016-05-03,7.982960224151611
2016-05-04,8.32362174987793
2016-05-05,8.114726066589355
2016-05-06,8.153289794921875
2016-05-09,8.204708099365234
2016-05-10,8.558222770690918
2016-05-11,8.641776084899902
2016-05-12,8.828176498413086
2016-05-13,8.47144603729248
2016-05-16,8.32362174987793
2016-05-17,8.053661346435547
2016-05-18,8.089014053344727
2016-05-19,7.921896934509277
2016-05-20,7.835130214691162
2016-05-23,7.857624530792236
2016-05-24,7.880119800567627
2016-05-25,7.847987174987793
2016-05-27,7.735499858856201
2016-05-30,7.713005542755127
2016-05-31,7.327359199523926
2016-06-01,7.462329387664795
2016-06-02,7.7032318115234375
2016-06-03,7.741824626922607
2016-06-06,7.696797847747803
2016-06-07,7.796506404876709
2016-06-08,8.040950775146484
2016-06-09,8.053813934326172
2016-06-10,7.732174873352051
2016-06-13,7.860836029052734
2016-06-14,7.706449031829834
2016-06-15,7.719314098358154
2016-06-16,7.835103511810303
2016-06-17,7.786853313446045
2016-06-20,7.915513038635254
2016-06-21,8.008788108825684
2016-06-22,7.992702484130859
2016-06-23,8.25516414642334
2016-06-24,8.050971031188965
2016-06-27,7.73334264755249
2016-06-28,7.924569606781006
2016-06-29,8.115795135498047
2016-06-30,8.161175727844238
2016-07-01,8.30378532409668
2016-07-04,8.339127540588379
2016-07-05,8.335886001586914
2016-07-06,8.335886001586914
2016-07-07,8.368319511413574
2016-07-08,8.598615646362305
2016-07-11,8.695918083190918
2016-07-12,8.624560356140137
2016-07-13,8.815929412841797
2016-07-14,9.179206848144531
2016-07-15,9.179206848144531
2016-07-18,9.370572090148926
2016-07-19,9.334896087646484
2016-07-20,9.41598129272461
2016-07-21,9.344624519348145
2016-07-22,9.406255722045898
2016-07-25,9.377060890197754
2016-07-26,9.302454948425293
2016-07-27,9.334896087646484
2016-07-28,8.919724464416504
2016-07-29,9.198665618896484
2016-08-01,9.211639404296875
2016-08-02,9.097708702087402
2016-08-03,9.308675765991211
2016-08-04,9.409297943115234
2016-08-05,9.467719078063965
2016-08-08,9.3735933303833
2016-08-09,9.324906349182129
2016-08-10,9.191829681396484
2016-08-11,9.464475631713867
2016-08-12,9.477452278137207
2016-08-15,9.617019653320312
2016-08-16,9.470963478088379
2016-08-17,9.578076362609863
2016-08-18,9.604036331176758
2016-08-19,9.548859596252441
2016-08-22,9.292451858520508
2016-08-23,9.191829681396484
2016-08-24,9.126920700073242
2016-08-25,9.169116973876953
2016-08-26,9.295692443847656
2016-08-29,9.464475631713867
2016-08-30,9.493682861328125
2016-08-31,9.432013511657715
2016-09-01,9.33788776397705
2016-09-02,9.610376358032227
2016-09-05,9.642850875854492
2016-09-06,9.743539810180664
2016-09-08,9.873448371887207
2016-09-09,9.327808380126953
2016-09-12,9.360295295715332
2016-09-13,8.970547676086426
2016-09-14,9.045249938964844
2016-09-15,9.292083740234375
2016-09-16,9.123200416564941
2016-09-19,9.171916007995605
2016-09-20,9.272602081298828
2016-09-21,9.454482078552246
2016-09-22,9.63635540008545
2016-09-23,9.655848503112793
2016-09-26,9.535674095153809
2016-09-27,9.733793258666992
2016-09-28,9.792257308959961
2016-09-29,9.629859924316406
2016-09-30,9.63635540008545
2016-10-03,9.884628295898438
2016-10-04,10.027060508728027
2016-10-05,10.106745719909668
2016-10-06,10.106745719909668
2016-10-07,10.24951457977295
2016-10-10,10.246195793151855
2016-10-11,10.209672927856445
2016-10-13,10.222952842712402
2016-10-14,10.305954933166504
2016-10-17,10.511813163757324
2016-10-18,10.767467498779297
2016-10-19,10.691102981567383
2016-10-20,10.847148895263672
2016-10-21,10.74422550201416
2016-10-24,10.641303062438965
2016-10-25,10.591497421264648
2016-10-26,10.54833698272705
2016-10-27,10.724302291870117
2016-10-28,10.764150619506836
2016-10-31,11.102807998657227
2016-11-01,10.777432441711426
2016-11-03,10.521285057067871
2016-11-04,10.521285057067871
2016-11-07,10.886717796325684
2016-11-08,10.880075454711914
2016-11-09,10.581083297729492
2016-11-10,9.63758659362793
2016-11-11,9.654196739196777
2016-11-14,9.72396183013916
2016-11-16,9.870139122009277
2016-11-17,9.561179161071777
2016-11-18,9.727285385131836
2016-11-21,9.78376293182373
2016-11-22,9.850203514099121
2016-11-23,9.89339828491211
2016-11-24,9.800374031066895
2016-11-25,9.846885681152344
2016-11-28,9.969802856445312
2016-11-29,9.654196739196777
2016-11-30,9.883426666259766
2016-12-01,9.331947326660156
2016-12-02,9.481205940246582
2016-12-05,9.431336402893066
2016-12-06,9.63413143157959
2016-12-07,9.574286460876465
2016-12-08,9.474555015563965
2016-12-09,9.600887298583984
2016-12-12,9.20195484161377
2016-12-13,9.238523483276367
2016-12-14,9.128817558288574
2016-12-15,9.158742904663086
2016-12-16,9.108872413635254
2016-12-19,8.909406661987305
2016-12-20,9.102225303649902
2016-12-21,9.025761604309082
2016-12-22,8.986251831054688
2016-12-23,9.174378395080566
2016-12-26,9.342345237731934
2016-12-27,9.251640319824219
2016-12-28,9.584219932556152
2016-12-29,9.742106437683105
2017-01-02,9.674918174743652
2017-01-03,10.084687232971191
2017-01-04,10.0208158493042
2017-01-05,10.131753921508789
2017-01-06,10.195613861083984
2017-01-09,10.209062576293945
2017-01-10,10.209062576293945
2017-01-11,10.286375999450684
2017-01-12,10.528410911560059
2017-01-13,10.444374084472656
2017-01-16,10.46453857421875
2017-01-17,10.763724327087402
2017-01-18,10.656148910522461
2017-01-19,10.646066665649414
2017-01-20,10.595640182495117
2017-01-23,10.837675094604492
2017-01-24,10.797340393066406
2017-01-26,11.039363861083984
2017-01-27,11.07298469543457
2017-01-30,10.87801742553711
2017-01-31,10.992311477661133
2017-02-01,10.901546478271484
2017-02-02,10.49421501159668
2017-02-03,10.749841690063477
2017-02-06,10.527851104736328
2017-02-07,10.511031150817871
2017-02-08,10.7061185836792
2017-02-09,10.770024299621582
2017-02-10,10.931472778320312
2017-02-13,10.961749076843262
2017-02-14,10.89447021484375
2017-02-15,11.129923820495605
2017-02-16,11.09291934967041
2017-02-17,11.069375038146973
2017-02-20,11.1131010055542
2017-02-21,11.425912857055664
2017-02-22,11.499907493591309
2017-02-23,11.32500171661377
2017-02-24,11.240914344787598
2017-03-01,11.140013694763184
2017-03-02,11.106005668640137
2017-03-03,11.368518829345703
2017-03-06,11.257454872131348
2017-03-07,11.106005668640137
2017-03-08,10.917545318603516
2017-03-09,10.819952964782715
2017-03-10,10.759366989135742
2017-03-13,10.893988609313965
2017-03-14,10.803121566772461
2017-03-15,10.994951248168945
2017-03-16,10.944464683532715
2017-03-17,10.607922554016113
2017-03-20,10.796385765075684
2017-03-21,10.476668357849121
2017-03-22,10.51705551147461
2017-03-23,10.527152061462402
2017-03-24,10.67860221862793
2017-03-27,10.769462585449219
2017-03-28,10.83004093170166
2017-03-29,11.055534362792969
2017-03-30,10.984856605529785
2017-03-31,10.897351264953613
2017-04-03,10.951205253601074
2017-04-04,11.035036087036133
2017-04-05,10.809431076049805
2017-04-06,10.694931030273438
2017-04-07,10.718502044677734
2017-04-10,10.785855293273926
2017-04-11,10.812792778015137
2017-04-12,10.705036163330078
2017-04-13,10.378396987915039
2017-04-17,10.843094825744629
2017-04-18,10.779120445251465
2017-04-19,10.671355247497559
2017-04-20,10.486151695251465
2017-04-24,10.678095817565918
2017-04-25,10.77574634552002
2017-04-26,10.957592964172363
2017-04-27,11.27750015258789
2017-04-28,11.250558853149414
2017-05-02,11.553284645080566
2017-05-03,11.545488357543945
2017-05-04,11.37500286102295
2017-05-05,11.389827728271484
2017-05-08,11.382412910461426
2017-05-09,11.4824857711792
2017-05-10,11.65297794342041
2017-05-11,11.723403930664062
2017-05-12,11.842007637023926
2017-05-15,11.860535621643066
2017-05-16,11.879076957702637
2017-05-17,11.64556884765625
2017-05-18,10.118522644042969
2017-05-19,10.285310745239258
2017-05-22,9.992506980895996
2017-05-23,10.059219360351562
2017-05-24,10.174118041992188
2017-05-25,10.10369873046875
2017-05-26,10.337201118469238
2017-05-29,10.337201118469238
2017-05-30,10.396509170532227
2017-05-31,10.200064659118652
2017-06-01,10.144464492797852
2017-06-02,10.003145217895508
2017-06-05,9.995728492736816
2017-06-06,10.12924861907959
2017-06-07,10.292448997497559
2017-06-08,10.136670112609863
2017-06-09,9.92896842956543
2017-06-12,9.769479751586914
2017-06-13,9.691594123840332
2017-06-14,10.06619644165039
2017-06-15,10.06619644165039
2017-06-16,10.017982482910156
2017-06-19,10.04394817352295
2017-06-20,9.81027889251709
2017-06-21,9.754647254943848
2017-06-22,9.877037048339844
2017-06-23,9.795440673828125
2017-06-26,10.23681354522705
2017-06-27,10.121833801269531
2017-06-28,10.20713996887207
2017-06-29,10.255358695983887
2017-06-30,10.440811157226562
2017-07-03,10.530327796936035
2017-07-04,10.544894218444824
2017-07-05,10.548629760742188
2017-07-06,10.395431518554688
2017-07-07,10.406638145446777
2017-07-10,10.52247428894043
2017-07-11,10.705571174621582
2017-07-12,10.989561080932617
2017-07-13,11.086711883544922
2017-07-14,11.097921371459961
2017-07-17,11.02319049835205
2017-07-18,11.161446571350098
2017-07-19,11.02319049835205
2017-07-20,10.985824584960938
2017-07-21,10.940982818603516
2017-07-24,11.034394264221191
2017-07-25,11.213762283325195
2017-07-26,11.11660385131836
2017-07-27,11.10165786743164
2017-07-28,11.11660385131836
2017-07-31,11.281024932861328
2017-08-01,11.41927433013916
2017-08-02,11.575934410095215
2017-08-03,11.57219123840332
2017-08-04,11.583412170410156
2017-08-07,11.718008995056152
2017-08-08,11.841398239135742
2017-08-09,11.84887981414795
2017-08-10,11.736712455749512
2017-08-11,11.841398239135742
2017-08-14,12.076956748962402
2017-08-15,12.1068696975708
2017-08-16,12.1068696975708
2017-08-17,12.005913734436035
2017-08-18,12.25268268585205
2017-08-21,12.248947143554688
2017-08-22,12.525640487670898
2017-08-23,12.637809753417969
2017-08-24,12.67893123626709
2017-08-25,12.690150260925293
2017-08-28,12.495723724365234
2017-08-29,12.708850860595703
2017-08-30,12.581721305847168
2017-08-31,12.555545806884766
2017-09-01,12.81727409362793
2017-09-04,12.813153266906738
2017-09-05,12.629842758178711
2017-09-06,12.820637702941895
2017-09-07,12.820637702941895
2017-09-08,12.71962833404541
2017-09-11,13.209704399108887
2017-09-12,13.191004753112793
2017-09-13,13.247118949890137
2017-09-14,13.146108627319336
2017-09-15,13.426690101623535
2017-09-18,13.542654037475586
2017-09-19,13.5838041305542
2017-09-20,13.505250930786133
2017-09-21,13.508993148803711
2017-09-22,13.475323677062988
2017-09-25,13.247118949890137
2017-09-26,13.232151985168457
2017-09-27,13.093729019165039
2017-09-28,12.92912769317627
2017-09-29,13.112436294555664
2017-10-02,13.243380546569824
2017-10-03,13.811944007873535
2017-10-04,13.722105026245117
2017-10-05,13.733335494995117
2017-10-06,13.591089248657227
2017-10-09,13.583610534667969
2017-10-10,13.89428424835205
2017-10-11,13.811944007873535
2017-10-12,13.811944007873535
2017-10-13,13.707128524780273
2017-10-16,13.669707298278809
2017-10-17,13.63602066040039
2017-10-18,13.576126098632812
2017-10-19,13.519983291625977
2017-10-20,13.452608108520508
2017-10-23,13.325342178344727
2017-10-24,13.505009651184082
2017-10-25,13.546180725097656
2017-10-26,13.422660827636719
2017-10-27,13.396463394165039
2017-10-30,13.156906127929688
2017-10-31,12.980985641479492
2017-11-01,12.576725006103516
2017-11-02,12.576725006103516
2017-11-03,12.703681945800781
2017-11-06,12.703681945800781
2017-11-07,12.265491485595703
2017-11-08,12.711169242858887
2017-11-09,12.250508308410645
2017-11-10,12.261748313903809
2017-11-13,12.321670532226562
2017-11-14,12.059500694274902
2017-11-15,12.059500694274902
2017-11-16,12.374105453491211
2017-11-17,12.591322898864746
2017-11-20,12.591322898864746
2017-11-21,12.879703521728516
2017-11-22,12.733638763427734
2017-11-23,12.640013694763184
2017-11-24,12.527652740478516
2017-11-27,12.508932113647461
2017-11-28,12.546381950378418
2017-11-29,12.306687355041504
2017-11-30,12.228036880493164
2017-12-01,12.198074340820312
2017-12-04,12.407546997070312
2017-12-05,12.280128479003906
2017-12-06,12.407546997070312
2017-12-07,12.317605972290039
2017-12-08,12.351335525512695
2017-12-11,12.351335525512695
2017-12-12,12.594914436340332
2017-12-13,12.381316184997559
2017-12-14,12.283880233764648
2017-12-15,12.235163688659668
2017-12-18,12.332601547241211
2017-12-19,12.25390625
2017-12-20,12.366318702697754
2017-12-21,12.729820251464844
2017-12-22,12.767292022705078
2017-12-25,12.767292022705078
2017-12-26,12.794144630432129
2017-12-27,12.809507369995117
2017-12-28,13.001564025878906
2017-12-29,13.001564025878906
2018-01-02,13.289626121520996
2018-01-03,13.350720405578613
2018-01-04,13.569771766662598
2018-01-05,13.64664363861084
2018-01-08,13.642792701721191
2018-01-09,13.51596736907959
2018-01-10,13.373778343200684
2018-01-11,13.642792701721191
2018-01-12,13.642792701721191
2018-01-15,13.738871574401855
2018-01-16,13.831104278564453
2018-01-17,14.176973342895508
2018-01-18,14.161601066589355
2018-01-19,14.261526107788086
2018-01-22,14.457513809204102
2018-01-23,14.522844314575195
2018-01-24,15.295296669006348
2018-01-25,15.295296669006348
2018-01-26,15.833333015441895
2018-01-29,15.372163772583008
2018-01-30,15.525885581970215
2018-01-31,15.660396575927734
2018-02-01,15.245347023010254
2018-02-02,14.772021293640137
2018-02-05,14.53364372253418
2018-02-06,14.879680633544922
2018-02-07,14.65667724609375
2018-02-08,14.475969314575195
2018-02-09,14.310643196105957
2018-02-14,14.833539962768555
2018-02-15,14.895064353942871
2018-02-16,14.868152618408203
2018-02-19,14.795095443725586
2018-02-20,15.2449369430542
2018-02-21,15.325695037841797
2018-02-22,15.417963027954102
2018-02-23,15.560230255126953
2018-02-26,15.560230255126953
2018-02-27,15.391054153442383
2018-02-28,14.906595230102539
2018-03-01,14.991186141967773
2018-03-02,15.086955070495605
2018-03-05,15.186969757080078
2018-03-06,15.21390438079834
2018-03-07,14.944637298583984
2018-03-08,14.748438835144043
2018-03-09,15.063876152038574
2018-03-12,15.18312931060791
2018-03-13,14.963866233825684
2018-03-14,14.883086204528809
2018-03-15,14.6676664352417
2018-03-16,14.706130027770996
2018-03-19,14.556100845336914
2018-03-20,14.540719032287598
2018-03-21,14.613811492919922
2018-03-22,14.702289581298828
2018-03-23,14.802298545837402
2018-03-26,14.886929512023926
2018-03-27,14.706130027770996
2018-03-28,14.802298545837402
2018-03-29,15.19466781616211
2018-04-02,15.055415153503418
2018-04-03,15.224328994750977
2018-04-04,15.093085289001465
2018-04-05,15.139650344848633
2018-04-06,15.093085289001465
2018-04-09,14.521536827087402
2018-04-10,14.644314765930176
2018-04-11,14.987241744995117
2018-04-12,14.716294288635254
2018-04-13,14.394525527954102
2018-04-16,14.08123779296875
2018-04-17,14.259040832519531
2018-04-18,14.737447738647461
2018-04-19,14.712053298950195
2018-04-20,14.504599571228027
2018-04-23,14.50036907196045
2018-04-24,14.525771141052246
2018-04-25,14.703588485717773
2018-04-26,14.703588485717773
2018-04-27,14.864462852478027
2018-04-30,14.635848045349121
2018-05-02,14.259040832519531
2018-05-03,13.966329574584961
2018-05-04,13.979032516479492
2018-05-07,13.851948738098145
2018-05-08,13.779939651489258
2018-05-09,13.890076637268066
2018-05-10,14.169659614562988
2018-05-11,13.915496826171875
2018-05-14,13.716392517089844
2018-05-15,13.635915756225586
2018-05-16,13.856186866760254
2018-05-17,13.280084609985352
2018-05-18,13.339383125305176
2018-05-21,13.148763656616211
2018-05-22,13.525772094726562
2018-05-23,13.169942855834961
2018-05-24,13.191123008728027
2018-05-25,12.928485870361328
2018-05-28,12.38203239440918
2018-05-29,12.432868957519531
2018-05-30,12.356612205505371
2018-06-01,12.657377243041992
2018-06-04,12.788349151611328
2018-06-05,12.173727035522461
2018-06-06,11.970268249511719
2018-06-07,11.75832462310791
2018-06-08,11.656593322753906
2018-06-11,11.436184883117676
2018-06-12,11.406511306762695
2018-06-13,11.173378944396973
2018-06-14,10.719834327697754
2018-06-15,10.91057300567627
2018-06-18,10.558760643005371
2018-06-19,11.10555362701416
2018-06-20,11.342926025390625
2018-06-21,10.87242603302002
2018-06-22,11.080126762390137
2018-06-25,11.0631685256958
2018-06-26,11.003824234008789
2018-06-27,10.82580280303955
2018-06-28,11.194565773010254
2018-06-29,11.402270317077637
2018-07-02,11.333841323852539
2018-07-03,11.858858108520508
2018-07-04,12.025458335876465
2018-07-05,11.999823570251465
2018-07-06,12.034002304077148
2018-07-10,11.875936508178711
2018-07-11,11.828953742980957
2018-07-12,12.174975395202637
2018-07-13,12.418478965759277
2018-07-16,12.47400951385498
2018-07-17,12.832844734191895
2018-07-18,12.516729354858398
2018-07-19,12.67479133605957
2018-07-20,13.114795684814453
2018-07-23,12.965282440185547
2018-07-24,13.15752124786377
2018-07-25,13.39674186706543
2018-07-26,13.054988861083984
2018-07-27,13.200239181518555
2018-07-30,13.29849624633789
2018-07-31,13.04217529296875
2018-08-01,13.213052749633789
2018-08-02,13.216890335083008
2018-08-03,13.72128677368164
2018-08-06,13.627243995666504
2018-08-07,13.42207145690918
2018-08-08,13.101481437683105
2018-08-09,12.964690208435059
2018-08-10,12.319232940673828
2018-08-13,12.558602333068848
2018-08-14,12.772335052490234
2018-08-15,12.618449211120605
2018-08-16,12.618449211120605
2018-08-17,12.233743667602539
2018-08-20,12.310684204101562
2018-08-21,12.011472702026367
2018-08-22,12.306407928466797
2018-08-23,11.998642921447754
2018-08-24,12.105507850646973
2018-08-27,12.430370330810547
2018-08-28,12.353425979614258
2018-08-29,12.503040313720703
2018-08-30,11.968727111816406
2018-08-31,12.131155014038086
2018-09-03,12.024292945861816
2018-09-04,11.754379272460938
2018-09-05,11.827096939086914
2018-09-06,12.165010452270508
2018-09-10,12.212060928344727
2018-09-11,11.844202995300293
2018-09-12,11.848478317260742
2018-09-13,11.801423072814941
2018-09-14,11.852753639221191
2018-09-17,12.190675735473633
2018-09-18,12.289053916931152
2018-09-19,12.344663619995117
2018-09-20,12.31899356842041
2018-09-21,12.51575756072998
2018-09-24,12.182121276855469
2018-09-25,12.190675735473633
2018-09-26,12.220609664916992
2018-09-27,12.498653411865234
2018-09-28,12.263388633728027
2018-10-01,12.126511573791504
2018-10-02,12.84088134765625
2018-10-03,13.397321701049805
2018-10-04,13.46152400970459
2018-10-05,13.260344505310059
2018-10-08,14.159211158752441
2018-10-09,14.210579872131348
2018-10-10,13.748305320739746
2018-10-11,13.666975975036621
2018-10-15,13.739745140075684
2018-10-16,14.394625663757324
2018-10-17,14.411747932434082
2018-10-18,14.013681411743164
2018-10-19,14.060762405395508
2018-10-22,14.231976509094238
2018-10-23,14.283342361450195
2018-10-24,13.94091510772705
2018-10-25,14.34326171875
2018-10-26,14.591531753540039
2018-10-29,14.31757640838623
2018-10-30,14.874014854431152
2018-10-31,14.681410789489746
2018-11-01,15.520350456237793
2018-11-05,15.85394287109375
2018-11-06,15.682645797729492
2018-11-07,15.37858772277832
2018-11-08,15.057395935058594
2018-11-09,15.280084609985352
2018-11-12,15.267226219177246
2018-11-13,14.993149757385254
2018-11-14,15.203008651733398
2018-11-16,15.93959903717041
2018-11-19,15.871073722839355
2018-11-21,15.6954927444458
2018-11-22,15.75972843170166
2018-11-23,15.725467681884766
2018-11-26,15.498494148254395
2018-11-27,16.132308959960938
2018-11-28,16.462060928344727
2018-11-29,16.667625427246094
2018-11-30,16.470630645751953
2018-12-03,16.187978744506836
2018-12-04,16.14469337463379
2018-12-05,16.136125564575195
2018-12-06,16.31180191040039
2018-12-07,16.23467445373535
2018-12-10,15.92189884185791
2018-12-11,16.10613441467285
2018-12-12,16.2132511138916
2018-12-13,16.641714096069336
2018-12-14,16.45318603515625
2018-12-17,16.131839752197266
2018-12-18,16.431766510009766
2018-12-19,16.196115493774414
2018-12-20,16.28179931640625
2018-12-21,16.15754508972168
2018-12-26,15.991600036621094
2018-12-27,16.362987518310547
2018-12-28,16.887300491333008
2019-01-02,17.64755630493164
2019-01-03,17.826343536376953
2019-01-04,17.68645668029785
2019-01-07,17.89628791809082
2019-01-08,18.00556182861328
2019-01-09,18.315935134887695
2019-01-10,18.259098052978516
2019-01-11,18.141077041625977
2019-01-14,18.355266571044922
2019-01-15,18.3203067779541
2019-01-16,18.407733917236328
2019-01-17,18.468935012817383
2019-01-18,18.65690040588379
2019-01-21,18.44270133972168
2019-01-22,18.35964012145996
2019-01-23,18.67438507080078
2019-01-24,18.86235237121582
2019-01-28,19.01534652709961
2019-01-29,18.77054786682129
2019-01-30,18.72684097290039
2019-01-31,19.784704208374023
2019-02-01,19.539913177490234
2019-02-04,19.972408294677734
2019-02-05,19.98115348815918
2019-02-06,19.040910720825195
2019-02-07,19.329544067382812
2019-02-08,19.535085678100586
2019-02-11,19.42138671875
2019-02-12,19.81060218811035
2019-02-13,19.50447654724121
2019-02-14,20.247922897338867
2019-02-15,20.11672019958496
2019-02-18,19.657541275024414
2019-02-19,19.82371711730957
2019-02-20,19.4957218170166
2019-02-21,19.66628074645996
2019-02-22,19.50447654724121
2019-02-25,19.30768394470215
2019-02-26,19.65316390991211
2019-02-27,19.43450164794922
2019-02-28,18.92284393310547
2019-03-01,18.607975006103516
2019-03-06,18.467519760131836
2019-03-07,18.598772048950195
2019-03-08,18.856908798217773
2019-03-11,19.6225528717041
2019-03-12,19.679433822631836
2019-03-13,19.86756706237793
2019-03-14,19.911312103271484
2019-03-15,19.994443893432617
2019-03-18,20.099443435668945
2019-03-19,19.66631317138672
2019-03-20,19.132537841796875
2019-03-21,18.7125301361084
2019-03-22,18.051877975463867
2019-03-25,18.09125328063965
2019-03-26,18.20937728881836
2019-03-27,17.579360961914062
2019-03-28,18.47188949584961
2019-03-29,18.786895751953125
2019-04-01,18.937410354614258
2019-04-02,18.69523811340332
2019-04-03,18.485118865966797
2019-04-04,18.963136672973633
2019-04-05,19.12071990966797
2019-04-08,19.146989822387695
2019-04-09,19.073442459106445
2019-04-10,18.800294876098633
2019-04-11,18.50087547302246
2019-04-12,18.332780838012695
2019-04-15,18.29076385498047
2019-04-16,18.25924301147461
2019-04-17,18.00710105895996
2019-04-18,18.25398826599121
2019-04-22,18.40632438659668
2019-04-23,18.85281753540039
2019-04-24,18.726749420166016
2019-04-25,18.94738006591797
2019-04-26,18.889589309692383
2019-04-29,18.642704010009766
2019-04-30,18.689977645874023
2019-05-02,18.700489044189453
2019-05-03,18.89966583251953
2019-05-06,18.389850616455078
2019-05-07,18.274229049682617
2019-05-08,18.65264129638672
2019-05-09,18.3267879486084
2019-05-10,18.16385269165039
2019-05-13,17.711862564086914
2019-05-14,17.659311294555664
2019-05-15,17.4700984954834
2019-05-16,17.2651309967041
2019-05-17,17.396520614624023
2019-05-20,17.869539260864258
2019-05-21,18.6053524017334
2019-05-22,18.274229049682617
2019-05-23,18.18488121032715
2019-05-24,18.006187438964844
2019-05-27,18.26372718811035
2019-05-28,18.768266677856445
2019-05-29,19.141429901123047
2019-05-30,19.493560791015625
2019-05-31,19.446260452270508
2019-06-03,19.383190155029297
2019-06-04,19.48256492614746
2019-06-05,19.18282699584961
2019-06-06,19.603511810302734
2019-06-07,19.6087589263916
2019-06-10,19.37739372253418
2019-06-11,19.466796875
2019-06-12,19.240676879882812
2019-06-13,19.03034210205078
2019-06-14,18.998788833618164
2019-06-17,18.951459884643555
2019-06-18,19.114463806152344
2019-06-19,19.351099014282227
2019-06-21,19.787555694580078
2019-06-24,19.945308685302734
2019-06-25,19.777036666870117
2019-06-26,20.0241756439209
2019-06-27,19.929529190063477
2019-06-28,19.845396041870117
2019-07-01,19.8875675201416
2019-07-02,19.95047950744629
2019-07-03,20.304752349853516
2019-07-04,20.65902328491211
2019-07-05,20.838817596435547
2019-07-08,20.743629455566406
2019-07-10,20.64845848083496
2019-07-11,20.473957061767578
2019-07-12,20.093242645263672
2019-07-15,20.008649826049805
2019-07-16,20.013927459716797
2019-07-17,19.908180236816406
2019-07-18,20.34177017211914
2019-07-19,19.881736755371094
2019-07-22,20.156692504882812
2019-07-23,20.22544288635254
2019-07-24,20.606155395507812
2019-07-25,19.405841827392578
2019-07-26,19.15732192993164
2019-07-29,19.115026473999023
2019-07-30,18.718441009521484
2019-07-31,18.24254608154297
2019-08-01,18.08392906188965
2019-08-02,18.136293411254883
2019-08-05,17.808265686035156
2019-08-06,18.078086853027344
2019-08-07,18.459014892578125
2019-08-08,18.548952102661133
2019-08-09,18.242095947265625
2019-08-12,17.861175537109375
2019-08-13,18.041061401367188
2019-08-14,17.68658447265625
2019-08-15,17.564899444580078
2019-08-16,17.6019287109375
2019-08-19,17.347978591918945
2019-08-20,17.178678512573242
2019-08-21,17.517282485961914
2019-08-22,17.289785385131836
2019-08-23,16.914146423339844
2019-08-26,16.739559173583984
2019-08-27,16.95117950439453
2019-08-28,16.850662231445312
2019-08-29,17.16809844970703
2019-08-30,17.432634353637695
2019-09-02,17.252748489379883
2019-09-03,16.971637725830078
2019-09-04,17.183378219604492
2019-09-05,17.580413818359375
2019-09-06,18.316238403320312
2019-09-09,18.549163818359375
2019-09-10,18.220949172973633
2019-09-11,18.14154815673828
2019-09-12,17.945674896240234
2019-09-13,17.712757110595703
2019-09-16,17.479827880859375
2019-09-17,17.945674896240234
2019-09-18,17.998615264892578
2019-09-19,17.78157615661621
2019-09-20,18.093908309936523
2019-09-23,18.130958557128906
2019-09-24,17.89803123474121
2019-09-25,18.01449966430664
2019-09-26,18.27389907836914
2019-09-27,18.263303756713867
2019-09-30,17.956268310546875
2019-10-01,17.712757110595703
2019-10-02,17.02894401550293
2019-10-03,17.076608657836914
2019-10-04,17.251394271850586
2019-10-07,17.140165328979492
2019-10-08,17.124279022216797
2019-10-09,17.611572265625
2019-10-10,17.812847137451172
2019-10-11,18.014122009277344
2019-10-14,18.268367767333984
2019-10-15,18.416675567626953
2019-10-16,18.856306076049805
2019-10-17,18.538490295410156
2019-10-18,18.447608947753906
2019-10-21,18.578641891479492
2019-10-22,19.108205795288086
2019-10-23,19.271991729736328
2019-10-24,19.250146865844727
2019-10-25,19.501285552978516
2019-10-28,20.20556640625
2019-10-29,19.9271297454834
2019-10-30,20.019948959350586
2019-10-31,19.201013565063477
2019-11-01,19.0372371673584
2019-11-04,19.058530807495117
2019-11-05,19.315265655517578
2019-11-06,19.21147346496582
2019-11-07,19.260622024536133
2019-11-08,18.703466415405273
2019-11-11,18.659774780273438
2019-11-12,18.484954833984375
2019-11-13,18.29378318786621
2019-11-14,18.217308044433594
2019-11-18,18.09713363647461
2019-11-19,18.064361572265625
2019-11-21,18.168140411376953
2019-11-22,18.468576431274414
2019-11-25,18.37572479248047
2019-11-26,17.9824161529541
2019-11-27,18.282855987548828
2019-11-28,18.140832901000977
2019-11-29,18.228229522705078
2019-12-02,18.348400115966797
2019-12-03,18.413423538208008
2019-12-04,18.888935089111328
2019-12-05,18.965452194213867
2019-12-06,18.752296447753906
2019-12-09,18.910791397094727
2019-12-10,18.845211029052734
2019-12-11,18.73590087890625
2019-12-12,18.98731231689453
2019-12-13,19.432355880737305
2019-12-16,19.091726303100586
2019-12-17,19.443531036376953
2019-12-18,19.985177993774414
2019-12-19,20.353715896606445
2019-12-20,20.23675537109375
2019-12-23,20.361501693725586
2019-12-26,20.616655349731445
2019-12-27,20.53726577758789
2019-12-30,20.508913040161133
2020-01-02,21.268720626831055
2020-01-03,21.27948570251465
2020-01-06,20.89939308166504
2020-01-07,20.536312103271484
2020-01-08,20.218631744384766
2020-01-09,19.895267486572266
2020-01-10,19.532201766967773
2020-01-13,19.742095947265625
2020-01-14,19.719406127929688
2020-01-15,19.373342514038086
2020-01-16,19.65133285522461
2020-01-17,20.1108455657959
2020-01-20,19.719406127929688
2020-01-21,19.06133460998535
2020-01-22,19.129413604736328
2020-01-23,19.634300231933594
2020-01-24,19.48680877685547
2020-01-27,19.03864097595215
2020-01-28,19.06133460998535
2020-01-29,18.78902816772461
2020-01-30,18.976242065429688
2020-01-31,18.65855598449707
2020-02-03,18.777677536010742
2020-02-04,18.788450241088867
2020-02-05,19.151731491088867
2020-02-06,18.93036460876465
2020-02-07,19.146060943603516
2020-02-10,19.35039710998535
2020-02-11,19.52068519592285
2020-02-12,19.259580612182617
2020-02-13,18.890625
2020-02-14,18.46490478515625
2020-02-17,18.311649322509766
2020-02-18,18.239999771118164
2020-02-19,18.501625061035156
2020-02-20,18.23431968688965
2020-02-21,18.092124938964844
2020-02-26,17.11954689025879
2020-02-27,17.045621871948242
2020-02-28,17.364112854003906
2020-03-02,17.59731101989746
2020-03-03,17.141443252563477
2020-03-04,17.329248428344727
2020-03-05,16.7601375579834
2020-03-06,16.282094955444336
2020-03-09,15.10973072052002
2020-03-10,15.473960876464844
2020-03-11,14.221931457519531
2020-03-12,12.315436363220215
2020-03-13,14.39266586303711
2020-03-16,12.338197708129883
2020-03-17,13.328434944152832
2020-03-18,11.7747802734375
2020-03-19,11.808924674987793
2020-03-20,10.949579238891602
2020-03-23,10.056082725524902
2020-03-24,11.569901466369629
2020-03-25,12.434941291809082
2020-03-26,12.696730613708496
2020-03-27,11.871529579162598
2020-03-30,12.241449356079102
2020-03-31,11.820306777954102
2020-04-01,11.302423477172852
2020-04-02,11.364497184753418
2020-04-03,10.942961692810059
2020-04-06,11.979723930358887
2020-04-07,12.4297456741333
2020-04-08,12.760140419006348
2020-04-09,12.75444507598877
2020-04-13,13.084835052490234
2020-04-14,13.227825164794922
2020-04-15,12.845585823059082
2020-04-16,12.5134859085083
2020-04-17,12.75786018371582
2020-04-20,12.3442964553833
2020-04-22,12.300436019897461
2020-04-23,12.124979019165039
2020-04-24,11.17879581451416
2020-04-27,11.504629135131836
2020-04-28,12.5134859085083
2020-04-29,12.93331241607666
2020-04-30,11.999655723571777
2020-05-04,11.467035293579102
2020-05-05,11.478934288024902
2020-05-06,11.24057674407959
2020-05-07,10.757584571838379
2020-05-08,11.24057674407959
2020-05-11,11.071216583251953
2020-05-12,10.726222038269043
2020-05-13,10.632128715515137
2020-05-14,11.215486526489258
2020-05-15,10.732495307922363
2020-05-18,11.297028541564941
2020-05-19,10.964583396911621
2020-05-20,11.077489852905273
2020-05-21,11.692205429077148
2020-05-22,11.761208534240723
2020-05-25,12.595475196838379
2020-05-26,12.049748420715332
2020-05-27,12.256746292114258
2020-05-28,11.980749130249023
2020-05-29,11.88665771484375
2020-06-01,12.419838905334473
2020-06-02,12.977991104125977
2020-06-03,13.555630683898926
2020-06-04,13.750267028808594
2020-06-05,14.001411437988281
2020-06-08,14.736011505126953
2020-06-09,14.409527778625488
2020-06-10,13.737709999084473
2020-06-12,13.580742835998535
2020-06-15,13.279364585876465
2020-06-16,13.831891059875488
2020-06-17,14.051641464233398
2020-06-18,14.001411437988281
2020-06-19,14.039079666137695
2020-06-22,13.549345970153809
2020-06-23,13.530511856079102
2020-06-24,13.091008186340332
2020-06-25,13.404938697814941
2020-06-26,12.99055004119873
2020-06-29,13.442609786987305
2020-06-30,12.996827125549316
2020-07-01,13.28564453125
2020-07-02,13.32898998260498
2020-07-03,13.416973114013672
2020-07-06,14.233933448791504
2020-07-07,13.643205642700195
2020-07-08,14.108245849609375
2020-07-09,13.79403305053711
2020-07-10,13.995124816894531
2020-07-13,13.800308227539062
2020-07-14,14.03282642364502
2020-07-15,14.265351295471191
2020-07-16,14.013975143432617
2020-07-17,14.083104133605957
2020-07-20,14.215076446533203
2020-07-21,14.598419189453125
2020-07-22,14.347042083740234
2020-07-23,14.139664649963379
2020-07-24,14.227644920349121
2020-07-27,14.881209373474121
2020-07-28,14.780664443969727
2020-07-29,15.24570083618164
2020-07-30,14.71153736114502
2020-07-31,14.101958274841309
2020-08-03,13.951138496398926
2020-08-04,13.661163330078125
2020-08-05,13.7240629196167
2020-08-06,13.818401336669922
2020-08-07,13.736645698547363
2020-08-10,13.8561429977417
2020-08-11,13.742929458618164
2020-08-12,13.61713695526123
2020-08-13,13.334102630615234
2020-08-14,13.352972030639648
2020-08-17,12.96300983428955
2020-08-18,13.101387977600098
2020-08-19,13.051074981689453
2020-08-20,13.019618034362793
2020-08-21,13.019618034362793
2020-08-24,13.315230369567871
2020-08-25,13.315230369567871
2020-08-26,13.03848648071289
2020-08-27,13.233468055725098
2020-08-28,13.503920555114746
2020-08-31,13.044778823852539
2020-09-01,13.308943748474121
2020-09-02,13.295707702636719
2020-09-03,13.818221092224121
2020-09-04,13.830806732177734
2020-09-08,13.610471725463867
2020-09-09,13.572700500488281
2020-09-10,13.125733375549316
2020-09-11,12.880219459533691
2020-09-14,13.031304359436035
2020-09-15,12.892809867858887
2020-09-16,12.917987823486328
2020-09-17,12.949467658996582
2020-09-18,12.640996932983398
2020-09-21,12.452132225036621
2020-09-22,12.527679443359375
2020-09-23,12.23180103302002
2020-09-24,12.464725494384766
2020-09-25,12.452132225036621
2020-09-28,12.414365768432617
2020-09-29,12.11848258972168
2020-09-30,12.219213485717773
2020-10-01,12.27586841583252
2020-10-02,12.376041412353516
2020-10-05,12.552480697631836
2020-10-06,12.50837230682373
2020-10-07,12.376041412353516
2020-10-08,13.012490272521973
2020-10-09,13.069209098815918
2020-10-13,13.144817352294922
2020-10-14,13.157423973083496
2020-10-15,13.069209098815918
2020-10-16,12.810846328735352
2020-10-19,12.987282752990723
2020-10-20,13.548115730285645
2020-10-21,13.686745643615723
2020-10-22,14.316890716552734
2020-10-23,14.253876686096191
2020-10-26,14.430317878723145
2020-10-27,14.027021408081055
2020-10-28,13.233043670654297
2020-10-29,13.100709915161133
2020-10-30,12.703718185424805
2020-11-03,13.13851547241211
2020-11-04,13.043262481689453
2020-11-05,13.245097160339355
2020-11-06,13.2135591506958
2020-11-09,14.468688011169434
2020-11-10,15.402153015136719
2020-11-11,15.33908462524414
2020-11-12,14.733588218688965
2020-11-13,15.257094383239746
2020-11-16,15.931954383850098
2020-11-17,16.020254135131836
2020-11-18,15.528291702270508
2020-11-19,15.540907859802246
2020-11-23,15.439990043640137
2020-11-24,16.133785247802734
2020-11-25,15.92564868927002
2020-11-26,15.667051315307617
2020-11-27,15.540907859802246
2020-11-30,15.326464653015137
2020-12-01,16.184236526489258
2020-12-02,16.360326766967773
2020-12-03,16.145727157592773
2020-12-04,16.284574508666992
2020-12-07,16.391891479492188
2020-12-08,16.196218490600586
2020-12-09,16.240400314331055
2020-12-10,16.90945816040039
2020-12-11,16.776905059814453
2020-12-14,16.688541412353516
2020-12-15,16.688541412353516
2020-12-16,17.0672607421875
2020-12-17,17.149311065673828
2020-12-18,17.180866241455078
2020-12-21,16.764293670654297
2020-12-22,17.10513687133789
2020-12-23,17.496463775634766
2020-12-28,17.66688346862793
2020-12-29,17.638229370117188
2020-12-30,17.388355255126953
2021-01-04,16.9334659576416
2021-01-05,16.830224990844727
2021-01-06,17.38802146911621
2021-01-07,17.84965705871582
2021-01-08,17.69577407836914
2021-01-11,17.381610870361328
2021-01-12,17.368785858154297
2021-01-13,17.105911254882812
2021-01-14,17.631664276123047
2021-01-15,17.144392013549805
2021-01-18,17.202091217041016
2021-01-19,16.926401138305664
2021-01-20,16.573766708374023
2021-01-21,16.336536407470703
2021-01-22,16.035192489624023
2021-01-26,15.650510787963867
2021-01-27,15.874908447265625
2021-01-28,16.36859130859375
2021-01-29,15.862082481384277
2021-02-01,16.189075469970703
2021-02-02,16.124248504638672
2021-02-03,16.201250076293945
2021-02-04,16.68889617919922
2021-02-05,16.599056243896484
2021-02-08,16.246164321899414
2021-02-09,16.329572677612305
2021-02-10,16.149913787841797
2021-02-11,16.169166564941406
2021-02-12,16.169166564941406
2021-02-17,16.156328201293945
2021-02-18,15.996942520141602
2021-02-19,15.862086296081543
2021-02-22,14.821735382080078
2021-02-23,15.528141975402832
2021-02-24,15.41897201538086
2021-02-25,15.085037231445312
2021-02-26,14.770362854003906
2021-03-01,14.282294273376465
2021-03-02,14.667277336120605
2021-03-03,14.79582405090332
2021-03-04,15.367868423461914
2021-03-05,16.09415054321289
2021-03-08,15.522122383117676
2021-03-09,15.650667190551758
2021-03-10,15.91419506072998
2021-03-11,16.19057273864746
2021-03-12,16.08130645751953
2021-03-15,16.30626678466797
2021-03-16,16.03631019592285
2021-03-17,16.70475959777832
2021-03-18,17.013267517089844
2021-03-19,17.186811447143555
2021-03-22,17.096834182739258
2021-03-23,16.91042709350586
2021-03-24,16.736892700195312
2021-03-25,17.109695434570312
2021-03-26,17.225378036499023
2021-03-29,17.296079635620117
2021-03-30,17.585311889648438
2021-03-31,17.206092834472656
2021-04-01,16.576208114624023
2021-04-05,16.72992515563965
2021-04-06,16.466203689575195
2021-04-07,16.286108016967773
2021-04-08,16.23464584350586
2021-04-09,16.20892333984375
2021-04-12,16.51123809814453
2021-04-13,16.401887893676758
2021-04-14,16.594837188720703
2021-04-15,16.594837188720703
2021-04-16,16.787805557250977
2021-04-19,16.7119197845459
2021-04-20,16.45720863342285
2021-04-22,16.343997955322266
2021-04-23,16.648237228393555
2021-04-26,16.662382125854492
2021-04-27,16.513805389404297
2021-04-28,17.398212432861328
2021-04-29,16.81804656982422
2021-04-30,16.874649047851562
2021-05-03,17.376995086669922
2021-05-04,16.852285385131836
2021-05-05,16.8806095123291
2021-05-06,16.965579986572266
2021-05-07,17.036388397216797
2021-05-10,17.447072982788086
2021-05-11,17.418752670288086
2021-05-12,17.064712524414062
2021-05-13,17.461231231689453
2021-05-14,17.624094009399414
2021-05-17,17.701976776123047
2021-05-18,17.98520278930664
2021-05-19,18.1055908203125
2021-05-20,18.275524139404297
2021-05-21,18.360498428344727
2021-05-24,18.310928344726562
2021-05-25,18.218887329101562
2021-05-26,18.636648178100586
2021-05-27,18.749937057495117
2021-05-28,18.792423248291016
2021-05-31,18.749937057495117
2021-06-01,19.174785614013672
2021-06-02,19.92514991760254
2021-06-04,19.903894424438477
2021-06-07,20.151893615722656
2021-06-08,20.010183334350586
2021-06-09,19.91098403930664
2021-06-10,19.946409225463867
2021-06-11,19.868471145629883
2021-06-14,19.783437728881836
2021-06-15,19.797609329223633
2021-06-16,19.896804809570312
2021-06-17,19.8117733001709
2021-06-18,19.556682586669922
2021-06-21,19.606290817260742
2021-06-22,19.24491310119629
2021-06-23,19.159893035888672
2021-06-24,19.301599502563477
2021-06-25,18.699312210083008
2021-06-28,18.60720443725586
2021-06-29,18.493820190429688
2021-06-30,18.231657028198242
2021-07-01,18.004911422729492
2021-07-02,18.436735153198242
2021-07-05,18.11016845703125
2021-07-06,17.885692596435547
2021-07-07,18.016040802001953
2021-07-08,17.806034088134766
2021-07-12,18.25498390197754
2021-07-13,18.240507125854492
2021-07-14,18.320158004760742
2021-07-15,18.044994354248047
2021-07-16,18.044994354248047
2021-07-19,17.38604736328125
2021-07-20,17.65397071838379
2021-07-21,17.66121482849121
2021-07-22,17.523635864257812
2021-07-23,17.34259605407715
2021-07-26,17.487422943115234
2021-07-27,17.62500762939453
2021-07-28,18.037755966186523
2021-07-29,17.863962173461914
2021-07-30,17.55984115600586
2021-08-02,17.66845703125
2021-08-03,17.769166946411133
2021-08-04,17.06622886657715
2021-08-05,16.812589645385742
2021-08-06,17.18217658996582
2021-08-09,17.174924850463867
2021-08-10,16.92853546142578
2021-08-11,16.993755340576172
2021-08-12,16.754615783691406
2021-08-13,16.834327697753906
2021-08-16,16.696645736694336
2021-08-17,16.631420135498047
2021-08-18,16.52271270751953
2021-08-19,16.486480712890625
2021-08-20,16.392269134521484
2021-08-23,16.508222579956055
2021-08-24,16.94302749633789
2021-08-25,16.97201919555664
2021-08-26,16.64591407775879
2021-08-27,16.863311767578125
2021-08-30,16.682144165039062
2021-08-31,16.776350021362305
2021-09-01,16.74736976623535
2021-09-02,16.159154891967773
2021-09-03,16.079368591308594
2021-09-06,16.24618148803711
2021-09-08,15.310579299926758
2021-09-09,15.375849723815918
2021-09-10,15.18728256225586
2021-09-13,15.499149322509766
2021-09-14,15.39760684967041
2021-09-15,15.259807586669922
2021-09-16,15.063980102539062
2021-09-17,14.52002239227295
2021-09-20,13.976066589355469
2021-09-21,14.179141998291016
2021-09-22,14.38947868347168
2021-09-23,15.027715682983398
2021-09-24,14.69408893585205
2021-09-27,15.136509895324707
2021-09-28,14.817391395568848
2021-09-29,15.085736274719238
2021-09-30,15.107499122619629
2021-10-01,15.48464584350586
2021-10-04,15.04834270477295
2021-10-05,15.30241870880127
2021-10-06,15.418563842773438
2021-10-07,15.03382682800293
2021-10-08,15.135455131530762
2021-10-11,14.859611511230469
2021-10-13,14.816049575805664
2021-10-14,14.678123474121094
2021-10-15,15.447600364685059
2021-10-18,15.716198921203613
2021-10-19,15.22982406616211
2021-10-20,15.752486228942871
2021-10-21,15.425825119018555
2021-10-22,14.845090866088867
2021-10-25,15.07011890411377
2021-10-26,14.728939056396484
2021-10-27,14.924938201904297
2021-10-28,14.874128341674805
2021-10-29,14.445829391479492
2021-11-01,14.9467191696167
2021-11-03,14.822449684143066
2021-11-04,13.841547966003418
2021-11-05,14.524545669555664
2021-11-08,14.190314292907715
2021-11-09,14.030464172363281
2021-11-10,14.815187454223633
2021-11-11,14.887846946716309
2021-11-12,15.03315544128418
2021-11-16,15.011364936828613
2021-11-17,15.076752662658691
2021-11-18,14.931443214416504
2021-11-19,14.91690444946289
2021-11-22,14.662595748901367
2021-11-23,14.945968627929688
2021-11-24,15.33106517791748
2021-11-25,15.454584121704102
2021-11-26,14.836984634399414
2021-11-29,14.72799301147461
2021-11-30,14.46642017364502
2021-12-01,14.40828800201416
2021-12-02,15.142104148864746
2021-12-03,15.098470687866211
2021-12-06,15.41847038269043
2021-12-07,15.236652374267578
2021-12-08,15.142104148864746
2021-12-09,14.756646156311035
2021-12-10,14.698458671569824
2021-12-13,14.429362297058105
2021-12-14,14.64754581451416
2021-12-15,14.64754581451416
2021-12-16,14.829375267028809
2021-12-17,14.414823532104492
2021-12-20,14.1166353225708
2021-12-21,14.05616569519043
2021-12-22,14.122432708740234
2021-12-23,14.166614532470703
2021-12-27,14.328600883483887
2021-12-28,14.277059555053711
2021-12-29,14.210792541503906
2021-12-30,14.144522666931152
2022-01-03,14.497956275939941
2022-01-04,14.593012809753418
2022-01-05,14.489823341369629
2022-01-06,14.696187973022461
2022-01-07,14.909928321838379
2022-01-10,14.961517333984375
2022-01-11,14.98363208770752
2022-01-12,14.873072624206543
2022-01-13,15.138401985168457
2022-01-14,15.38161563873291
2022-01-17,15.470062255859375
2022-01-18,15.750133514404297
2022-01-19,15.55113697052002
2022-01-20,15.536394119262695
2022-01-21,15.374249458312988
2022-01-24,15.698539733886719
2022-01-25,16.325002670288086
2022-01-26,16.339744567871094
2022-01-27,16.420822143554688
2022-01-28,16.656665802001953
2022-01-31,16.804073333740234
2022-02-01,16.8630313873291
2022-02-02,16.559844970703125
2022-02-03,16.80326271057129
2022-02-04,16.913908004760742
2022-02-07,16.854896545410156
2022-02-08,16.759010314941406
2022-02-09,15.320625305175781
2022-02-10,15.541911125183105
2022-02-11,15.593545913696289
2022-02-14,15.61567497253418
2022-02-15,15.630426406860352
2022-02-16,15.814837455749512
2022-02-17,15.630426406860352
2022-02-18,15.718947410583496
2022-02-21,15.534534454345703
2022-02-22,15.475523948669434
2022-02-23,15.401761054992676
2022-02-24,14.937057495117188
2022-02-25,15.010821342468262
2022-03-02,14.855913162231445
2022-03-03,15.142964363098145
2022-03-04,14.707345008850098
2022-03-07,14.330808639526367
2022-03-08,14.515382766723633
2022-03-09,15.445669174194336
2022-03-10,15.349686622619629
2022-03-11,15.28323745727539
2022-03-14,15.393989562988281
2022-03-15,15.357068061828613
2022-03-16,15.578571319580078
2022-03-17,15.637629508972168
2022-03-18,15.600720405578613
2022-03-21,15.969878196716309
2022-03-22,16.169231414794922
2022-03-23,16.06585121154785
2022-03-24,16.302125930786133
2022-03-25,16.44979476928711
2022-03-28,16.368566513061523
2022-03-29,16.663894653320312
2022-03-30,16.56053352355957
2022-03-31,16.405485153198242
2022-04-01,16.228290557861328
2022-04-04,16.161026000976562
2022-04-05,15.710261344909668
2022-04-06,15.628976821899414
2022-04-07,15.695479393005371
2022-04-08,15.872828483581543
2022-04-11,15.850664138793945
2022-04-12,15.710261344909668
2022-04-13,15.872828483581543
2022-04-14,15.835886001586914
2022-04-18,16.116695404052734
2022-04-19,15.922801971435547
2022-04-20,15.86584758758545
2022-04-22,15.638033866882324
2022-04-25,15.540392875671387
2022-04-26,14.873212814331055
2022-04-27,14.962715148925781
2022-04-28,14.824398040771484
2022-04-29,14.629124641418457
2022-05-02,14.620984077453613
2022-05-03,14.717891693115234
2022-05-04,14.929657936096191
2022-05-05,14.440958976745605
2022-05-06,14.742331504821777
2022-05-09,14.962239265441895
2022-05-10,15.108850479125977
2022-05-11,15.369487762451172
2022-05-12,15.467225074768066
2022-05-13,15.646411895751953
2022-05-16,15.907055854797363
2022-05-17,16.232847213745117
2022-05-18,15.931487083435059
2022-05-19,15.809309005737305
2022-05-20,16.02109146118164
2022-05-23,16.28171730041504
2022-05-24,16.623811721801758
2022-05-25,16.43647003173828
2022-05-26,16.526063919067383
2022-05-27,16.76226806640625
2022-05-30,16.599365234375
2022-05-31,16.697107315063477
2022-06-01,16.3957462310791
2022-06-02,16.329687118530273
2022-06-03,16.231855392456055
2022-06-06,16.24816131591797
2022-06-07,16.109569549560547
2022-06-08,15.824225425720215
2022-06-09,15.816081047058105
2022-06-10,15.5796537399292
2022-06-13,15.351374626159668
2022-06-14,15.196476936340332
2022-06-15,15.302459716796875
2022-06-17,15.0660400390625
2022-06-20,15.465507507324219
2022-06-21,15.355615615844727
2022-06-22,15.289708137512207
2022-06-23,14.886046409606934
2022-06-24,14.762478828430176
2022-06-27,14.968424797058105
2022-06-28,14.754240989685059
2022-06-29,14.49886417388916
2022-06-30,14.169344902038574
2022-07-01,14.276435852050781
2022-07-04,14.127138137817383
2022-07-05,14.160127639770508
2022-07-06,14.044670104980469
2022-07-07,14.333320617675781
2022-07-08,14.341565132141113
2022-07-11,14.052923202514648
2022-07-12,14.110647201538086
2022-07-13,13.789016723632812
2022-07-14,13.475631713867188
2022-07-15,13.558098793029785
2022-07-18,13.73128604888916
2022-07-19,14.234354019165039
2022-07-20,14.052923202514648
2022-07-21,14.242602348327637
2022-07-22,14.061165809631348
2022-07-25,14.250853538513184
2022-07-26,14.151885032653809
2022-07-27,14.234354019165039
2022-07-28,14.341565132141113
2022-07-29,14.374556541442871
2022-08-01,14.341565132141113
2022-08-02,14.588397979736328
2022-08-03,14.819568634033203
2022-08-04,15.092018127441406
2022-08-05,15.273650169372559
2022-08-08,15.323186874389648
2022-08-09,15.546097755432129
2022-08-10,15.793781280517578
2022-08-11,15.925877571105957
2022-08-12,16.124019622802734
2022-08-15,16.041461944580078
2022-08-16,16.27263069152832
2022-08-17,16.297395706176758
2022-08-18,16.39647102355957
2022-08-19,16.19007110595703
2022-08-22,15.967157363891602
2022-08-23,16.082738876342773
2022-08-24,15.991923332214355
2022-08-25,16.10750961303711
2022-08-26,16.049720764160156
2022-08-29,16.10750961303711
2022-08-30,16.057971954345703
2022-08-31,15.653429985046387
2022-09-01,15.78552532196045
2022-09-02,15.958224296569824
2022-09-05,15.99128532409668
2022-09-06,15.892112731933594
2022-09-08,15.8012056350708
2022-09-09,16.01607322692871
2022-09-12,16.173095703125
2022-09-13,16.04913330078125
2022-09-14,15.974756240844727
2022-09-15,15.91690444946289
2022-09-16,15.735090255737305
2022-09-19,16.140039443969727
2022-09-20,16.660682678222656
2022-09-21,16.5615177154541
2022-09-22,16.941665649414062
2022-09-23,16.611101150512695
2022-09-26,16.3135929107666
2022-09-27,16.214427947998047
2022-09-28,16.222684860229492
2022-09-29,16.346643447875977
2022-09-30,16.396236419677734
2022-10-03,17.528427124023438
2022-10-04,17.519315719604492
2022-10-05,17.709556579589844
2022-10-06,17.34560203552246
2022-10-07,16.932024002075195
2022-10-10,16.675601959228516
2022-10-11,16.634244918823242
2022-10-13,16.394365310668945
2022-10-14,16.286832809448242
2022-10-17,16.402647018432617
2022-10-18,16.526708602905273
2022-10-19,16.60115623474121
2022-10-20,16.791404724121094
2022-10-21,17.147083282470703
2022-10-24,16.41918182373047
2022-10-25,16.31991958618164
2022-10-26,15.608563423156738
2022-10-27,15.898072242736816
2022-10-28,15.989058494567871
2022-10-31,16.42745590209961
2022-11-01,16.51844024658203
2022-11-03,16.2360897064209
2022-11-04,16.06221580505371
2022-11-07,15.532333374023438
2022-11-08,15.383304595947266
2022-11-09,12.709025382995605
2022-11-10,12.336447715759277
2022-11-11,12.543437004089355
2022-11-14,12.551713943481445
2022-11-16,12.593110084533691
2022-11-17,12.866333961486816
2022-11-18,12.924290657043457
2022-11-21,12.833220481872559
2022-11-22,12.783537864685059
2022-11-23,12.692466735839844
2022-11-24,12.949130058288574
2022-11-25,12.709025382995605
2022-11-28,12.692466735839844
2022-11-29,12.841493606567383
2022-11-30,12.899455070495605
2022-12-01,12.750421524047852
2022-12-02,12.74128246307373
2022-12-05,12.268768310546875
2022-12-06,12.558906555175781
2022-12-07,12.41798210144043
2022-12-08,12.06152629852295
2022-12-09,11.854283332824707
2022-12-12,11.721651077270508
2022-12-13,11.373479843139648
2022-12-14,11.61388111114502
2022-12-15,11.472957611083984
2022-12-16,11.456377029418945
2022-12-19,11.771385192871094
2022-12-20,12.194160461425781
2022-12-21,12.293639183044434
2022-12-22,12.33508586883545
2022-12-23,12.550620079040527
2022-12-26,12.252189636230469
2022-12-27,12.194160461425781
2022-12-28,12.567198753356934
2022-12-29,12.558906555175781
2023-01-02,12.22731876373291
2023-01-03,11.6205415725708
2023-01-04,11.653740882873535
2023-01-05,12.160067558288574
2023-01-06,12.500384330749512
2023-01-09,12.658751487731934
2023-01-10,13.038687705993652
2023-01-11,13.29773235321045
2023-01-12,12.986875534057617
2023-01-13,12.943700790405273
2023-01-16,12.546496391296387
2023-01-17,12.632843971252441
2023-01-18,12.8228120803833
2023-01-19,12.848721504211426
2023-01-20,12.667388916015625
2023-01-23,12.132024765014648
2023-01-24,12.26154899597168
2023-01-25,12.175199508666992
2023-01-26,12.209737777709961
2023-01-27,11.847071647644043
2023-01-30,11.907517433166504
2023-01-31,12.106119155883789
2023-02-01,11.872977256774902
2023-02-02,12.05367374420166
2023-02-03,11.78562068939209
2023-02-06,11.742388725280762
2023-02-07,11.67321491241455
2023-02-08,12.243906021118164
2023-02-09,11.932618141174316
2023-02-10,10.95552921295166
2023-02-13,11.344634056091309
2023-02-14,11.448396682739258
2023-02-15,11.898030281066895
2023-02-16,12.122851371765137
2023-02-17,12.05367374420166
2023-02-22,11.932618141174316
2023-02-23,11.880735397338867
2023-02-24,11.500275611877441
2023-02-27,11.387869834899902
2023-02-28,11.31004810333252
2023-03-01,11.223580360412598
2023-03-02,11.075479507446289
2023-03-03,11.136096954345703
2023-03-06,11.508453369140625
2023-03-07,11.776898384094238
2023-03-08,12.140597343444824
2023-03-09,12.097299575805664
2023-03-10,11.750920295715332
2023-03-13,11.621026039123535
2023-03-14,11.551750183105469
2023-03-15,11.71628189086914
2023-03-16,12.045342445373535
2023-03-17,11.543091773986816
2023-03-20,11.34392261505127
2023-03-21,11.37856388092041
2023-03-22,11.274648666381836
2023-03-23,10.88497257232666
2023-03-24,11.006205558776855
2023-03-27,11.20537281036377
2023-03-28,11.188054084777832
2023-03-29,11.248669624328613
2023-03-30,11.58639144897461
2023-03-31,11.404541969299316
2023-04-03,11.11877727508545
2023-04-04,11.369385719299316
2023-04-05,11.464781761169434
2023-04-06,11.300006866455078
2023-04-10,11.430092811584473
2023-04-11,12.02847957611084
2023-04-12,11.9677734375
2023-04-13,11.976446151733398
2023-04-14,11.959100723266602
2023-04-17,11.907065391540527
2023-04-18,11.829017639160156
2023-04-19,11.61220932006836
2023-04-20,11.716278076171875
2023-04-24,11.620882034301758
2023-04-25,11.881049156188965
2023-04-26,11.707605361938477
2023-04-27,11.933082580566406
2023-04-28,12.01113510131836
2023-05-02,11.837688446044922
2023-05-03,11.941009521484375
2023-05-04,12.21890926361084
2023-05-05,12.82681655883789
2023-05-08,13.30445671081543
2023-05-09,13.1741943359375
2023-05-10,13.200246810913086
2023-05-11,13.373929977416992
2023-05-12,13.43472671508789
2023-05-15,13.643148422241211
2023-05-16,13.651836395263672
2023-05-17,13.591043472290039
2023-05-18,13.634464263916016
2023-05-19,13.964470863342285
2023-05-22,13.825521469116211
2023-05-23,13.938416481018066
2023-05-24,13.512883186340332
2023-05-25,13.999207496643066
2023-05-26,13.999207496643066
2023-05-29,14.016576766967773
2023-05-30,13.634464263916016
2023-05-31,13.469457626342773
2023-06-01,13.703939437866211
2023-06-02,13.720437049865723
2023-06-05,14.198654174804688
2023-06-06,14.42471694946289
2023-06-07,14.416020393371582
2023-06-09,14.659476280212402
2023-06-12,14.537750244140625
2023-06-13,14.555137634277344
2023-06-14,14.65078067779541
2023-06-15,14.694258689880371
2023-06-16,14.737730979919434
2023-06-19,14.998577117919922
2023-06-20,15.033357620239258
2023-06-21,14.998577117919922
2023-06-22,14.607306480407715
2023-06-23,14.42471694946289
2023-06-26,14.355162620544434
2023-06-27,14.405227661132812
2023-06-28,14.167633056640625
2023-06-29,14.229232788085938
2023-06-30,14.475627899169922
2023-07-03,14.660423278808594
2023-07-04,14.571420669555664
2023-07-05,14.597851753234863
2023-07-06,14.245458602905273
2023-07-07,14.342366218566895
2023-07-10,14.351175308227539
2023-07-11,14.359984397888184
2023-07-12,14.227836608886719
2023-07-13,14.580229759216309
2023-07-14,14.474512100219727
2023-07-17,14.624277114868164
2023-07-18,14.597851753234863
2023-07-19,14.544991493225098
2023-07-20,14.553802490234375
2023-07-21,15.029528617858887
2023-07-24,14.624277114868164
2023-07-25,14.571420669555664
2023-07-26,14.721186637878418
2023-07-27,14.386412620544434
2023-07-28,14.544991493225098
2023-07-31,14.677135467529297
2023-08-01,14.641899108886719
2023-08-02,14.702735900878906
2023-08-03,14.596892356872559
2023-08-04,13.626708030700684
2023-08-07,13.52968978881836
2023-08-08,13.591426849365234
2023-08-09,13.520869255065918
2023-08-10,13.635530471801758
2023-08-11,13.556147575378418
2023-08-14,13.485589027404785
2023-08-15,13.520869255065918
2023-08-16,13.450310707092285
2023-08-17,13.309191703796387
2023-08-18,13.39738941192627
2023-08-21,13.300374984741211
2023-08-22,13.38857364654541
2023-08-23,13.573789596557617
2023-08-24,13.247457504272461
2023-08-25,13.079874038696289
2023-08-28,13.503227233886719
2023-08-29,13.661986351013184
2023-08-30,13.37093448638916
2023-08-31,13.185713768005371
2023-09-01,13.220992088317871
2023-09-04,13.158271789550781
2023-09-05,12.875677108764648
2023-09-06,12.699056625366211
2023-09-08,12.699056625366211
2023-09-11,12.937495231628418
2023-09-12,13.096453666687012
2023-09-13,13.149441719055176
2023-09-14,13.202425956726074
2023-09-15,13.175935745239258
2023-09-18,13.175935745239258
2023-09-19,13.025805473327637
2023-09-20,13.078792572021484
2023-09-21,12.593083381652832
2023-09-22,12.495944023132324
2023-09-25,12.460617065429688
2023-09-26,12.328152656555176
2023-09-27,12.292827606201172
2023-09-28,12.58425235748291
2023-09-29,12.628408432006836
2023-10-02,12.451786994934082
2023-10-03,12.300552368164062
2023-10-04,12.716170310974121
2023-10-05,12.76922607421875
2023-10-06,12.795756340026855
2023-10-09,12.68079662322998
2023-10-10,12.822283744812012
2023-10-11,13.007988929748535
2023-10-13,12.813440322875977
2023-10-16,12.946086883544922
2023-10-17,12.813440322875977
2023-10-18,12.698484420776367
2023-10-19,12.760385513305664
2023-10-20,12.521623611450195
2023-10-23,12.539310455322266
2023-10-24,12.539310455322266
2023-10-25,12.503938674926758
2023-10-26,12.822283744812012
2023-10-27,12.689640045166016
2023-10-30,12.548151016235352
2023-10-31,12.371294975280762
2023-11-01,12.486250877380371
2023-11-03,13.078622817993164
2023-11-06,13.069765090942383
2023-11-07,13.415103912353516
2023-11-08,13.485945701599121
2023-11-09,13.512507438659668
2023-11-10,13.31770133972168
2023-11-13,13.052056312561035
2023-11-14,13.326555252075195
2023-11-16,13.787010192871094
2023-11-17,13.663042068481445
2023-11-20,13.698461532592773
2023-11-21,13.645332336425781
2023-11-22,13.928686141967773
2023-11-23,14.30058765411377
2023-11-24,14.309444427490234
2023-11-27,14.22089958190918
2023-11-28,14.353721618652344
2023-11-29,14.282879829406738
2023-11-30,14.40684986114502
2023-12-01,14.45112419128418
2023-12-04,14.343832969665527
2023-12-05,14.476806640625
2023-12-06,14.326103210449219
2023-12-07,14.361562728881836
2023-12-08,14.592057228088379
2023-12-11,14.476806640625
2023-12-12,14.405887603759766
2023-12-13,15.03531551361084
2023-12-14,15.292402267456055
2023-12-15,15.44311237335205
2023-12-18,15.558355331420898
2023-12-19,15.558355331420898
2023-12-20,15.30126953125
2023-12-21,15.31013298034668
2023-12-22,15.357625961303711
2023-12-26,15.403254508972168
2023-12-27,15.49450397491455
2023-12-28,15.594884872436523
2024-01-02,15.284626960754395
2024-01-03,15.301961898803711
2024-01-04,15.091845512390137
2024-01-05,15.420723915100098
2024-01-08,15.301961898803711
2024-01-09,14.890864372253418
2024-01-10,14.635069847106934
2024-01-11,14.56198501586914
2024-01-12,14.44322395324707
2024-01-15,14.49803638458252
2024-01-16,14.37014102935791
2024-01-17,14.397544860839844
2024-01-18,14.315329551696777
2024-01-19,14.287921905517578
2024-01-22,14.123483657836914
2024-01-23,14.050399780273438
2024-01-24,13.995586395263672
2024-01-25,14.032126426696777
2024-01-26,14.178296089172363
2024-01-29,14.050399780273438
2024-01-30,13.949908256530762
2024-01-31,14.022992134094238
2024-02-01,13.995586395263672
2024-02-02,14.01294231414795
2024-02-05,14.296493530273438
2024-02-06,15.183735847473145
2024-02-07,12.768973350524902
2024-02-08,12.40310001373291
2024-02-09,12.311630249023438
2024-02-14,12.229310989379883
2024-02-15,12.28419303894043
2024-02-16,12.329924583435059
2024-02-19,12.485422134399414
2024-02-20,12.778120040893555
2024-02-21,12.732383728027344
2024-02-22,12.805562019348145
2024-02-23,12.64091682434082
2024-02-26,12.622626304626465
2024-02-27,12.8238525390625
2024-02-28,12.768973350524902
2024-02-29,12.576889038085938
2024-03-01,12.622626304626465
2024-03-04,12.50261116027832
2024-03-05,12.566727638244629
2024-03-06,12.658324241638184
2024-03-07,12.603364944458008
2024-03-08,12.676643371582031
2024-03-11,12.749917030334473
2024-03-12,12.905627250671387
2024-03-13,13.043017387390137
2024-03-14,13.125452995300293
2024-03-15,12.92394733428955
2024-03-18,13.006381034851074
2024-03-19,12.93310546875
2024-03-20,13.09797477722168
2024-03-21,12.951423645019531
2024-03-22,12.786554336547852
2024-03-25,12.768237113952637
2024-03-26,12.951423645019531
2024-03-27,13.15293025970459
2024-03-28,13.0613374710083
2024-04-01,12.942265510559082
2024-04-02,13.014700889587402
2024-04-03,13.271506309509277
2024-04-04,13.35405445098877
2024-04-05,13.317367553710938
2024-04-08,13.409083366394043
2024-04-09,13.491628646850586
2024-04-10,13.207305908203125
2024-04-11,13.19813346862793
2024-04-12,13.033042907714844
2024-04-15,12.840434074401855
2024-04-16,12.74871826171875
2024-04-17,12.684514045715332
2024-04-18,12.629486083984375
2024-04-19,12.510251998901367
2024-04-22,12.455222129821777
2024-04-23,12.53776741027832
2024-04-24,12.53776741027832
2024-04-25,12.528595924377441
2024-04-26,12.73037338256836
2024-04-29,12.895466804504395
2024-04-30,12.840434074401855
2024-05-02,12.693689346313477
2024-05-03,12.656007766723633
2024-05-06,12.64682388305664
2024-05-07,12.64682388305664
2024-05-08,12.674376487731934
2024-05-09,12.352925300598145
2024-05-10,12.279449462890625
2024-05-13,12.334556579589844
2024-05-14,12.325372695922852
2024-05-15,12.205976486206055
2024-05-16,12.270265579223633
2024-05-17,12.334556579589844
2024-05-20,12.242714881896973
2024-05-21,12.30700397491455
2024-05-22,12.031473159790039
2024-05-23,11.829418182373047
2024-05-24,11.912078857421875
2024-05-27,11.875343322753906
2024-05-28,11.866159439086914
2024-05-29,11.746761322021484
2024-05-31,11.636549949645996
2024-06-03,11.710021018981934
2024-06-04,11.819456100463867
2024-06-05,11.7550687789917
2024-06-06,12.00341796875
2024-06-07,11.911437034606934
2024-06-10,11.828653335571289
2024-06-11,11.893041610717773
2024-06-12,11.672286987304688
2024-06-13,11.681486129760742
2024-06-14,11.80105972290039
2024-06-17,11.92983341217041
2024-06-18,11.744888305664062
2024-06-19,11.801810264587402
2024-06-20,11.77334976196289
2024-06-21,11.763861656188965
2024-06-24,11.801810264587402
2024-06-25,11.706940650939941
2024-06-26,11.735401153564453
2024-06-27,11.782835960388184
2024-06-28,11.744888305664062
2024-07-01,11.640531539916992
2024-07-02,11.620553970336914
2024-07-03,11.658561706542969
2024-07-04,11.706068992614746
2024-07-05,11.839094161987305
2024-07-08,11.839094161987305
2024-07-09,11.839094161987305
2024-07-10,12.038628578186035
2024-07-11,12.038628578186035
2024-07-12,12.010124206542969
2024-07-15,11.981616973876953
2024-07-16,12.019625663757324
2024-07-17,12.162151336669922
2024-07-18,11.934111595153809
2024-07-19,11.867598533630371
2024-07-22,12.000621795654297
2024-07-23,11.915107727050781
2024-07-24,11.92460823059082
2024-07-25,11.734574317932129
2024-07-26,11.829588890075684
2024-07-29,11.877100944519043
2024-07-30,11.782081604003906
2024-07-31,11.810587882995605
2024-08-01,11.962615966796875
2024-08-02,12.03776741027832
2024-08-05,12.95130443572998
2024-08-06,13.379528045654297
2024-08-07,13.408074378967285
2024-08-08,13.560331344604492
2024-08-09,13.893392562866211
2024-08-12,13.98855209350586
2024-08-13,14.15984058380127
2024-08-14,14.283548355102539
2024-08-15,14.426289558410645
2024-08-16,14.2454833984375
2024-08-19,14.88305950164795
2024-08-20,14.940153121948242
2024-08-21,14.873541831970215
2024-08-22,14.768867492675781
2024-08-23,14.902090072631836
2024-08-26,14.854509353637695
2024-08-27,14.673707008361816
2024-08-28,14.911605834960938
2024-08-29,14.873541831970215
2024-08-30,14.88305950164795
2024-09-02,14.844993591308594
2024-09-03,15.005987167358398
2024-09-04,15.120318412780762
2024-09-05,15.253704071044922
2024-09-06,14.95834732055664
2024-09-09,15.005987167358398
2024-09-10,15.053625106811523
2024-09-11,14.88212776184082
2024-09-12,14.815435409545898
2024-09-13,14.815435409545898
2024-09-16,14.701104164123535
2024-09-17,14.605826377868652
2024-09-18,14.5200777053833
2024-09-19,14.319998741149902
2024-09-20,14.053226470947266
2024-09-23,13.691177368164062
2024-09-24,13.672122955322266
2024-09-25,13.757869720458984
2024-09-26,14.110392570495605
2024-09-27,14.23425006866455
2024-09-30,14.005587577819824
2024-10-01,14.186691284179688
2024-10-02,14.698202133178711
2024-10-03,14.54348373413086
2024-10-04,14.562825202941895
2024-10-07,14.698202133178711
2024-10-08,14.717541694641113
2024-10-09,14.427446365356445
2024-10-10,14.504804611206055
2024-10-11,14.311408042907715
2024-10-14,14.52414608001709
2024-10-15,14.649852752685547
2024-10-16,14.6015043258667
2024-10-17,14.698202133178711
2024-10-18,14.814241409301758
2024-10-21,14.775561332702637
2024-10-22,14.678863525390625
2024-10-23,14.620843887329102
2024-10-24,14.649852752685547
2024-10-25,14.437115669250488
2024-10-28,14.698202133178711
2024-10-29,14.485465049743652
2024-10-30,14.533814430236816
2024-10-31,13.895602226257324
2024-11-01,13.644186019897461
2024-11-04,13.662559509277344
2024-11-05,13.48826789855957
2024-11-06,13.372074127197266
2024-11-07,13.226829528808594
2024-11-08,13.081587791442871
2024-11-11,13.033172607421875
2024-11-12,12.965392112731934
2024-11-13,13.05253791809082
2024-11-14,13.100951194763184
2024-11-18,13.284928321838379
2024-11-19,13.381755828857422
2024-11-21,13.333343505859375
2024-11-22,13.362390518188477
2024-11-25,13.168732643127441
2024-11-26,13.255878448486328
2024-11-27,12.897610664367676
2024-11-28,12.355368614196777
2024-11-29,12.2294921875
2024-12-02,11.968053817749023
2024-12-03,11.928269386291504
2024-12-04,12.064037322998047
2024-12-05,12.228899955749512
2024-12-06,11.947664260864258
2024-12-09,11.870080947875977
2024-12-10,12.102828979492188
2024-12-11,12.316181182861328
2024-12-12,11.88947868347168
2024-12-13,11.73431396484375
2024-12-16,11.54035758972168
2024-12-17,11.627635955810547
2024-12-18,11.142748832702637
2024-12-19,11.152446746826172
2024-12-20,11.40458869934082
2024-12-23,11.200935363769531
2024-12-26,11.288216590881348
2024-12-27,11.200935363769531
2024-12-30,11.210633277893066
2025-01-02,11.343950271606445
2025-01-03,11.163515090942383
2025-01-06,11.382798194885254
2025-01-07,11.542276382446289
2025-01-08,11.362863540649414
2025-01-09,11.283123016357422
2025-01-10,11.143580436706543
2025-01-13,11.183449745178223
2025-01-14,11.392765998840332
2025-01-15,11.791462898254395
2025-01-16,11.691787719726562
2025-01-17,11.552245140075684
2025-01-20,11.592114448547363
2025-01-21,11.602082252502441
2025-01-22,11.442602157592773
2025-01-23,11.352896690368652
2025-01-24,11.263189315795898
2025-01-27,11.542276382446289
2025-01-28,11.592114448547363
2025-01-29,11.472505569458008
2025-01-30,12.10045337677002
2025-01-31,12.050615310668945
2025-02-03,12.030680656433105
2025-02-04,12.00969123840332
2025-02-05,12.28921890258789
2025-02-06,12.458930969238281
2025-02-07,11.969758033752441
2025-02-10,11.979742050170898
2025-02-11,12.259268760681152
2025-02-12,11.700214385986328
2025-02-13,11.859944343566895
2025-02-14,12.16942024230957
2025-02-17,12.189387321472168
2025-02-18,12.179404258728027
2025-02-19,11.9597749710083
2025-02-20,11.929825782775879
2025-02-21,11.820012092590332
2025-02-24,11.610366821289062
2025-02-25,11.750130653381348
2025-02-26,11.52051830291748
2025-02-27,11.450636863708496
2025-02-28,11.221024513244629
2025-03-05,11.450636863708496
2025-03-06,11.550000190734863
2025-03-07,11.6899995803833
2025-03-10,11.520000457763672
2025-03-11,11.430000305175781
