Date,ITUB4.SA
2015-01-02,12.177519798278809
2015-01-05,12.23871898651123
2015-01-06,12.436691284179688
2015-01-07,12.886643409729004
2015-01-08,13.088227272033691
2015-01-09,12.515888214111328
2015-01-12,12.213518142700195
2015-01-13,12.199116706848145
2015-01-14,12.281905174255371
2015-01-15,12.173919677734375
2015-01-16,12.361100196838379
2015-01-19,11.914745330810547
2015-01-20,11.954344749450684
2015-01-21,12.307112693786621
2015-01-22,12.368303298950195
2015-01-23,12.249510765075684
2015-01-26,12.393494606018066
2015-01-27,12.34670639038086
2015-01-28,12.09472370147705
2015-01-29,12.011938095092773
2015-01-30,11.842752456665039
2015-02-02,11.999414443969727
2015-02-03,12.334325790405273
2015-02-04,12.788081169128418
2015-02-05,12.68005084991455
2015-02-06,12.65124225616455
2015-02-09,12.73047161102295
2015-02-10,12.56840705871582
2015-02-11,12.355940818786621
2015-02-12,12.680716514587402
2015-02-13,13.10144329071045
2015-02-18,13.178934097290039
2015-02-19,13.175247192382812
2015-02-20,13.245365142822266
2015-02-23,13.374532699584961
2015-02-24,13.514774322509766
2015-02-25,13.547992706298828
2015-02-26,13.614422798156738
2015-02-27,13.470488548278809
2015-03-02,13.409567832946777
2015-03-03,13.512947082519531
2015-03-04,13.394795417785645
2015-03-05,13.27665901184082
2015-03-06,12.922220230102539
2015-03-09,12.586243629455566
2015-03-10,12.091503143310547
2015-03-11,12.501325607299805
2015-03-12,12.553013801574707
2015-03-13,12.49024486541748
2015-03-16,12.49024486541748
2015-03-17,12.84837818145752
2015-03-18,13.23604679107666
2015-03-19,13.154818534851074
2015-03-20,13.26559066772461
2015-03-23,13.180659294128418
2015-03-24,13.099434852600098
2015-03-25,13.088360786437988
2015-03-26,12.71915054321289
2015-03-27,12.497629165649414
2015-03-30,12.918526649475098
2015-03-31,13.036669731140137
2015-04-01,13.481752395629883
2015-04-02,13.611030578613281
2015-04-06,13.77724838256836
2015-04-07,13.784634590148926
2015-04-08,13.851119995117188
2015-04-09,13.574102401733398
2015-04-10,13.673819541931152
2015-04-13,13.566701889038086
2015-04-14,13.566701889038086
2015-04-15,13.762467384338379
2015-04-16,13.659043312072754
2015-04-17,13.48544692993164
2015-04-20,13.260129928588867
2015-04-22,13.62950325012207
2015-04-23,13.998861312866211
2015-04-24,14.453176498413086
2015-04-27,14.183541297912598
2015-04-28,14.327592849731445
2015-04-29,14.131844520568848
2015-04-30,14.231560707092285
2015-05-04,14.392297744750977
2015-05-05,14.251875877380371
2015-05-06,13.893465995788574
2015-05-07,13.948885917663574
2015-05-08,14.133633613586426
2015-05-11,14.067133903503418
2015-05-12,14.004317283630371
2015-05-13,13.908245086669922
2015-05-14,14.044957160949707
2015-05-15,14.307303428649902
2015-05-18,13.92672061920166
2015-05-19,13.730877876281738
2015-05-20,13.487003326416016
2015-05-21,13.324432373046875
2015-05-22,13.043593406677246
2015-05-25,13.091628074645996
2015-05-26,12.899491310119629
2015-05-27,13.161837577819824
2015-05-28,13.00664234161377
2015-05-29,12.685173988342285
2015-06-01,12.59830093383789
2015-06-02,12.879251480102539
2015-06-03,12.553942680358887
2015-06-05,12.254508972167969
2015-06-08,12.2027587890625
2015-06-09,12.125123023986816
2015-06-10,12.480010986328125
2015-06-11,12.402374267578125
2015-06-12,12.272993087768555
2015-06-15,12.335837364196777
2015-06-16,12.77204418182373
2015-06-17,12.546544075012207
2015-06-18,12.857073783874512
2015-06-19,12.712896347045898
2015-06-22,12.749862670898438
2015-06-23,12.875553131103516
2015-06-24,12.919917106628418
2015-06-25,12.698115348815918
2015-06-26,12.809009552001953
2015-06-29,12.646361351013184
2015-06-30,12.650064468383789
2015-07-01,12.722177505493164
2015-07-02,12.89229679107666
2015-07-03,12.762857437133789
2015-07-06,12.54465103149414
2015-07-07,12.592733383178711
2015-07-08,12.44849967956543
2015-07-10,12.825718879699707
2015-07-13,12.944076538085938
2015-07-14,12.952951431274414
2015-07-15,12.729202270507812
2015-07-16,12.765815734863281
2015-07-17,12.688521385192871
2015-07-20,12.611223220825195
2015-07-21,12.505454063415527
2015-07-22,12.31018352508545
2015-07-23,11.797595977783203
2015-07-24,11.74471664428711
2015-07-27,11.720301628112793
2015-07-28,11.935911178588867
2015-07-29,12.05388355255127
2015-07-30,11.903367042541504
2015-07-31,12.236948013305664
2015-08-03,12.177940368652344
2015-08-04,11.884888648986816
2015-08-05,11.864534378051758
2015-08-06,11.819765090942383
2015-08-07,11.473797798156738
2015-08-10,11.62439250946045
2015-08-11,11.599977493286133
2015-08-12,11.266217231750488
2015-08-13,11.004904747009277
2015-08-14,10.992538452148438
2015-08-17,10.877131462097168
2015-08-18,11.058487892150879
2015-08-19,10.831792831420898
2015-08-20,10.856527328491211
2015-08-21,10.881255149841309
2015-08-24,10.65868091583252
2015-08-25,10.63807487487793
2015-08-26,11.281059265136719
2015-08-27,11.680864334106445
2015-08-28,11.347010612487793
2015-08-31,10.943078994750977
2015-09-01,10.689451217651367
2015-09-02,10.941018104553223
2015-09-03,11.357542991638184
2015-09-04,10.895655632019043
2015-09-08,11.015249252319336
2015-09-09,11.138972282409668
2015-09-10,10.916276931762695
2015-09-11,10.936895370483398
2015-09-14,11.378166198730469
2015-09-15,11.658600807189941
2015-09-16,11.852423667907715
2015-09-17,11.955527305603027
2015-09-18,11.485383033752441
2015-09-21,11.229703903198242
2015-09-22,11.336923599243164
2015-09-23,10.887401580810547
2015-09-24,11.011127471923828
2015-09-25,10.743064880371094
2015-09-28,10.734816551208496
2015-09-29,10.689451217651367
2015-09-30,10.93277359008789
2015-10-01,11.091631889343262
2015-10-02,11.541410446166992
2015-10-05,11.784855842590332
2015-10-06,11.892146110534668
2015-10-07,12.230508804321289
2015-10-08,12.275898933410645
2015-10-09,12.193374633789062
2015-10-13,11.541410446166992
2015-10-14,11.434124946594238
2015-10-15,11.244305610656738
2015-10-16,11.07512378692627
2015-10-19,11.339215278625488
2015-10-20,11.108139991760254
2015-10-21,11.025615692138672
2015-10-22,11.256685256958008
2015-10-23,11.182411193847656
2015-10-26,11.017361640930176
2015-10-27,10.955466270446777
2015-10-28,11.029742240905762
2015-10-29,10.728517532348633
2015-10-30,10.922451972961426
2015-11-03,11.626395225524902
2015-11-04,11.655299186706543
2015-11-05,11.795676231384277
2015-11-06,11.618138313293457
2015-11-09,11.320878982543945
2015-11-10,11.391060829162598
2015-11-11,11.70070743560791
2015-11-12,11.733741760253906
2015-11-13,11.407578468322754
2015-11-16,11.729608535766602
2015-11-17,11.812190055847168
2015-11-18,11.783279418945312
2015-11-19,12.105324745178223
2015-11-23,12.1011962890625
2015-11-24,12.117707252502441
2015-11-25,11.523176193237305
2015-11-26,11.69245433807373
2015-11-27,11.382797241210938
2015-11-30,11.473631858825684
2015-12-01,11.562451362609863
2015-12-02,11.194798469543457
2015-12-03,11.905313491821289
2015-12-04,11.6409330368042
2015-12-07,11.554193496704102
2015-12-08,11.421998977661133
2015-12-09,12.041635513305664
2015-12-10,11.982965469360352
2015-12-11,11.982965469360352
2015-12-14,11.700037956237793
2015-12-15,11.774932861328125
2015-12-16,11.695877075195312
2015-12-17,11.895593643188477
2015-12-18,11.204909324645996
2015-12-21,10.996865272521973
2015-12-22,11.067606925964355
2015-12-23,11.025997161865234
2015-12-28,10.984389305114746
2015-12-29,10.992713928222656
2015-12-30,10.955260276794434
2016-01-04,10.461935997009277
2016-01-05,10.549360275268555
2016-01-06,10.507728576660156
2016-01-07,10.307897567749023
2016-01-08,10.312061309814453
2016-01-11,10.19133186340332
2016-01-12,10.237126350402832
2016-01-13,10.078924179077148
2016-01-14,10.22463321685791
2016-01-15,9.958199501037598
2016-01-18,9.841623306274414
2016-01-19,9.741710662841797
2016-01-20,9.604330062866211
2016-01-21,9.625143051147461
2016-01-22,9.716730117797852
2016-01-26,9.820808410644531
2016-01-27,9.858278274536133
2016-01-28,9.924887657165527
2016-01-29,10.386993408203125
2016-02-01,10.609862327575684
2016-02-02,9.847549438476562
2016-02-03,10.084993362426758
2016-02-04,10.230781555175781
2016-02-05,10.330760955810547
2016-02-10,10.380752563476562
2016-02-11,10.072492599487305
2016-02-12,10.151630401611328
2016-02-15,10.118314743041992
2016-02-16,10.364083290100098
2016-02-17,10.47655963897705
2016-02-18,10.26411247253418
2016-02-19,10.385818481445312
2016-02-22,10.805185317993164
2016-02-23,10.651130676269531
2016-02-24,10.561266899108887
2016-02-25,10.569825172424316
2016-02-26,10.569825172424316
2016-02-29,10.869367599487305
2016-03-01,11.381050109863281
2016-03-02,11.64651870727539
2016-03-03,12.798331260681152
2016-03-04,13.42347240447998
2016-03-07,13.363523483276367
2016-03-08,13.663263320922852
2016-03-09,13.20938777923584
2016-03-10,13.727486610412598
2016-03-11,13.843088150024414
2016-03-14,13.778861045837402
2016-03-15,13.166571617126465
2016-03-16,12.776921272277832
2016-03-17,14.172792434692383
2016-03-18,14.21132755279541
2016-03-21,14.21561336517334
2016-03-22,13.851654052734375
2016-03-23,13.410622596740723
2016-03-24,13.269329071044922
2016-03-28,13.599024772644043
2016-03-29,13.680380821228027
2016-03-30,13.757457733154297
2016-03-31,13.363523483276367
2016-04-01,13.455632209777832
2016-04-04,12.984407424926758
2016-04-05,13.010103225708008
2016-04-06,12.637412071228027
2016-04-07,12.774503707885742
2016-04-08,13.579866409301758
2016-04-11,13.64840030670166
2016-04-12,14.265283584594727
2016-04-13,14.440916061401367
2016-04-14,14.021100997924805
2016-04-15,14.111061096191406
2016-04-18,14.008247375488281
2016-04-19,14.08536148071289
2016-04-20,13.824048042297363
2016-04-22,13.571292877197266
2016-04-25,13.451343536376953
2016-04-26,13.918289184570312
2016-04-27,14.393795013427734
2016-04-28,14.295269966125488
2016-04-29,14.081077575683594
2016-05-02,13.693205833435059
2016-05-03,12.904610633850098
2016-05-04,13.221772193908691
2016-05-05,13.024618148803711
2016-05-06,13.02890396118164
2016-05-09,13.110337257385254
2016-05-10,13.933216094970703
2016-05-11,13.84749984741211
2016-05-12,13.984643936157227
2016-05-13,13.457481384277344
2016-05-16,13.251779556274414
2016-05-17,12.968904495239258
2016-05-18,13.170340538024902
2016-05-19,13.058904647827148
2016-05-20,12.891754150390625
2016-05-23,12.934611320495605
2016-05-24,12.921758651733398
2016-05-25,12.861759185791016
2016-05-27,12.733180046081543
2016-05-30,12.72889232635498
2016-05-31,12.450319290161133
2016-06-01,12.6368408203125
2016-06-02,12.825522422790527
2016-06-03,12.812652587890625
2016-06-06,12.688302040100098
2016-06-07,12.894135475158691
2016-06-08,13.09138011932373
2016-06-09,13.06136703491211
2016-06-10,12.392431259155273
2016-06-13,12.448173522949219
2016-06-14,12.268080711364746
2016-06-15,12.208040237426758
2016-06-16,12.431026458740234
2016-06-17,12.401001930236816
2016-06-20,12.606831550598145
2016-06-21,12.602543830871582
2016-06-22,12.383849143981934
2016-06-23,12.864110946655273
2016-06-24,12.413870811462402
2016-06-27,11.997936248779297
2016-06-28,12.418161392211914
2016-06-29,12.696877479553223
2016-06-30,12.992753982543945
2016-07-01,13.260893821716309
2016-07-04,13.252313613891602
2016-07-05,13.15792179107666
2016-07-06,13.209410667419434
2016-07-07,13.342403411865234
2016-07-08,13.702776908874512
2016-07-11,13.83576774597168
2016-07-12,13.719940185546875
2016-07-13,14.003084182739258
2016-07-14,14.402068138122559
2016-07-15,14.354889869689941
2016-07-18,14.59941577911377
2016-07-19,14.513622283935547
2016-07-20,14.740995407104492
2016-07-21,14.543651580810547
2016-07-22,14.633745193481445
2016-07-25,14.522202491760254
2016-07-26,14.337722778320312
2016-07-27,14.393495559692383
2016-07-28,14.234760284423828
2016-07-29,14.496456146240234
2016-08-01,14.348379135131836
2016-08-02,14.520071029663086
2016-08-03,15.125249862670898
2016-08-04,15.211080551147461
2016-08-05,15.120956420898438
2016-08-08,15.02224349975586
2016-08-09,15.052274703979492
2016-08-10,14.927806854248047
2016-08-11,15.309805870056152
2016-08-12,15.42569637298584
2016-08-15,15.763803482055664
2016-08-16,15.698684692382812
2016-08-17,15.907024383544922
2016-08-18,15.876646041870117
2016-08-19,15.77248477935791
2016-08-22,15.468661308288574
2016-08-23,15.442606925964355
2016-08-24,15.368833541870117
2016-08-25,15.321090698242188
2016-08-26,15.507712364196777
2016-08-29,15.781160354614258
2016-08-30,15.88532829284668
2016-08-31,15.559803009033203
2016-09-01,15.713953018188477
2016-09-02,15.944075584411621
2016-09-05,15.94841480255127
2016-09-06,16.100393295288086
2016-09-08,15.909346580505371
2016-09-09,15.305800437927246
2016-09-12,15.50552749633789
2016-09-13,15.197246551513672
2016-09-14,15.210267066955566
2016-09-15,15.540266990661621
2016-09-16,15.188563346862793
2016-09-19,15.29710578918457
2016-09-20,15.33183479309082
2016-09-21,15.47947883605957
2016-09-22,15.726971626281738
2016-09-23,15.687897682189941
2016-09-26,15.566313743591309
2016-09-27,15.744338035583496
2016-09-28,15.857236862182617
2016-09-29,15.453428268432617
2016-09-30,15.423019409179688
2016-10-03,15.790088653564453
2016-10-04,15.929099082946777
2016-10-05,16.241863250732422
2016-10-06,16.376514434814453
2016-10-07,16.528545379638672
2016-10-10,16.550264358520508
2016-10-11,16.49379539489746
2016-10-13,16.68058967590332
2016-10-14,16.99769401550293
2016-10-17,17.371278762817383
2016-10-18,17.612796783447266
2016-10-19,17.326087951660156
2016-10-20,17.37865447998047
2016-10-21,17.349985122680664
2016-10-24,17.201862335205078
2016-10-25,17.111066818237305
2016-10-26,17.216196060180664
2016-10-27,17.584129333496094
2016-10-28,17.73224639892578
2016-10-31,18.348651885986328
2016-11-01,17.806106567382812
2016-11-03,17.423675537109375
2016-11-04,17.567092895507812
2016-11-07,18.198076248168945
2016-11-08,18.24110221862793
2016-11-09,17.65790557861328
2016-11-10,16.778358459472656
2016-11-11,16.56326675415039
2016-11-14,16.46286392211914
2016-11-16,17.275497436523438
2016-11-17,16.75924301147461
2016-11-18,16.91698455810547
2016-11-21,17.055625915527344
2016-11-22,17.112985610961914
2016-11-23,16.95524024963379
2016-11-24,16.778358459472656
2016-11-25,16.66364860534668
2016-11-28,17.01737403869629
2016-11-29,16.606292724609375
2016-11-30,16.931337356567383
2016-12-01,16.16379165649414
2016-12-02,16.230745315551758
2016-12-05,16.173351287841797
2016-12-06,16.3885498046875
2016-12-07,16.259416580200195
2016-12-08,16.16379165649414
2016-12-09,16.211612701416016
2016-12-12,15.542112350463867
2016-12-13,15.61384391784668
2016-12-14,15.58035945892334
2016-12-15,15.51819896697998
2016-12-16,15.240826606750488
2016-12-19,14.82956314086914
2016-12-20,15.207358360290527
2016-12-21,15.202567100524902
2016-12-22,15.326906204223633
2016-12-23,15.75955581665039
2016-12-26,15.885749816894531
2016-12-27,15.8760404586792
2016-12-28,16.249759674072266
2016-12-29,16.429344177246094
2017-01-02,16.281248092651367
2017-01-03,16.970762252807617
2017-01-04,17.0435848236084
2017-01-05,17.276681900024414
2017-01-06,17.334941864013672
2017-01-09,17.417490005493164
2017-01-10,17.359214782714844
2017-01-11,17.39320945739746
2017-01-12,17.8350772857666
2017-01-13,17.470903396606445
2017-01-16,17.485475540161133
2017-01-17,17.956470489501953
2017-01-18,17.815656661987305
2017-01-19,17.718544006347656
2017-01-20,17.771963119506836
2017-01-23,18.369205474853516
2017-01-24,18.325510025024414
2017-01-26,18.573156356811523
2017-01-27,18.476036071777344
2017-01-30,18.08272933959961
2017-01-31,18.08272933959961
2017-02-01,18.27460479736328
2017-02-02,18.22117042541504
2017-02-03,18.600065231323242
2017-02-06,18.464061737060547
2017-02-07,18.823522567749023
2017-02-08,19.30928611755371
2017-02-09,19.396732330322266
2017-02-10,19.459875106811523
2017-02-13,19.367576599121094
2017-02-14,19.430744171142578
2017-02-15,20.24681854248047
2017-02-16,19.853349685668945
2017-02-17,19.8436336517334
2017-02-20,19.935930252075195
2017-02-21,20.22576904296875
2017-02-22,20.28518295288086
2017-02-23,19.97821044921875
2017-02-24,19.81977653503418
2017-03-01,19.78757667541504
2017-03-02,19.58450698852539
2017-03-03,19.941120147705078
2017-03-06,19.861875534057617
2017-03-07,19.5300235748291
2017-03-08,19.307130813598633
2017-03-09,19.366573333740234
2017-03-10,19.376476287841797
2017-03-13,19.728145599365234
2017-03-14,19.53497314453125
2017-03-15,19.723186492919922
2017-03-16,19.47058868408203
2017-03-17,18.91088104248047
2017-03-20,19.118915557861328
2017-03-21,18.707805633544922
2017-03-22,18.861352920532227
2017-03-23,18.757339477539062
2017-03-24,18.960411071777344
2017-03-27,19.099096298217773
2017-03-28,19.034706115722656
2017-03-29,19.317035675048828
2017-03-30,19.08919334411621
2017-03-31,18.772197723388672
2017-04-03,19.08683967590332
2017-04-04,19.18593406677246
2017-04-05,18.834142684936523
2017-04-06,18.68548011779785
2017-04-07,18.829179763793945
2017-04-10,18.794498443603516
2017-04-11,18.759803771972656
2017-04-12,18.735034942626953
2017-04-13,18.39314079284668
2017-04-17,19.215667724609375
2017-04-18,19.146312713623047
2017-04-19,18.977832794189453
2017-04-20,18.700345993041992
2017-04-24,19.062061309814453
2017-04-25,19.18593406677246
2017-04-26,19.22062110900879
2017-04-27,19.329635620117188
2017-04-28,19.45351219177246
2017-05-02,19.852554321289062
2017-05-03,19.525392532348633
2017-05-04,18.88594627380371
2017-05-05,19.18336296081543
2017-05-08,19.227964401245117
2017-05-09,19.27754020690918
2017-05-10,19.371734619140625
2017-05-11,19.703840255737305
2017-05-12,19.892213821411133
2017-05-15,19.97647476196289
2017-05-16,19.951684951782227
2017-05-17,19.54521942138672
2017-05-18,17.190675735473633
2017-05-19,17.63680076599121
2017-05-22,17.2898006439209
2017-05-23,17.56244659423828
2017-05-24,17.7061824798584
2017-05-25,17.374080657958984
2017-05-26,17.844982147216797
2017-05-29,17.844982147216797
2017-05-30,17.810285568237305
2017-05-31,17.62192153930664
2017-06-01,17.421079635620117
2017-06-02,17.59465980529785
2017-06-05,17.57480812072754
2017-06-06,17.857473373413086
2017-06-07,18.15006446838379
2017-06-08,17.961620330810547
2017-06-09,17.678953170776367
2017-06-12,17.678953170776367
2017-06-13,17.897159576416016
2017-06-14,18.055850982666016
2017-06-15,18.055850982666016
2017-06-16,17.92690658569336
2017-06-19,18.0211238861084
2017-06-20,17.624399185180664
2017-06-21,17.644241333007812
2017-06-22,17.659122467041016
2017-06-23,17.5996150970459
2017-06-26,18.095508575439453
2017-06-27,17.931854248046875
2017-06-28,17.92690658569336
2017-06-29,18.10543441772461
2017-06-30,18.224443435668945
2017-07-03,18.395606994628906
2017-07-04,18.321189880371094
2017-07-05,18.37079620361328
2017-07-06,18.11282730102539
2017-07-07,17.93917465209961
2017-07-10,18.083051681518555
2017-07-11,18.355920791625977
2017-07-12,18.554346084594727
2017-07-13,18.603961944580078
2017-07-14,18.643657684326172
2017-07-17,18.465059280395508
2017-07-18,18.48490333557129
2017-07-19,18.21700096130371
2017-07-20,18.23685646057129
2017-07-21,18.241804122924805
2017-07-24,18.355920791625977
2017-07-25,18.400562286376953
2017-07-26,18.31623077392578
2017-07-27,18.33608055114746
2017-07-28,18.405529022216797
2017-07-31,18.514677047729492
2017-08-01,19.107751846313477
2017-08-02,19.3062744140625
2017-08-03,19.261615753173828
2017-08-04,19.211986541748047
2017-08-07,19.51473045349121
2017-08-08,19.752954483032227
2017-08-09,19.628881454467773
2017-08-10,19.3807315826416
2017-08-11,19.4799861907959
2017-08-14,19.832378387451172
2017-08-15,19.917078018188477
2017-08-16,19.957189559936523
2017-08-17,19.796764373779297
2017-08-18,19.987266540527344
2017-08-21,19.84189796447754
2017-08-22,20.26299285888672
2017-08-23,20.48356819152832
2017-08-24,20.654008865356445
2017-08-25,20.593854904174805
2017-08-28,20.413381576538086
2017-08-29,20.59886360168457
2017-08-30,20.488576889038086
2017-08-31,20.227893829345703
2017-09-01,20.651657104492188
2017-09-04,20.546340942382812
2017-09-05,20.556385040283203
2017-09-06,21.108020782470703
2017-09-07,21.108020782470703
2017-09-08,21.08295440673828
2017-09-11,21.439002990722656
2017-09-12,21.378835678100586
2017-09-13,21.529294967651367
2017-09-14,21.4791316986084
2017-09-15,21.880334854125977
2017-09-18,22.03580093383789
2017-09-19,21.95555305480957
2017-09-20,21.72486114501953
2017-09-21,21.75495147705078
2017-09-22,21.83017349243164
2017-09-25,21.614530563354492
2017-09-26,21.6546630859375
2017-09-27,21.66971206665039
2017-09-28,21.554344177246094
2017-09-29,21.73990821838379
2017-10-02,21.777538299560547
2017-10-03,22.525028228759766
2017-10-04,22.324357986450195
2017-10-05,22.680538177490234
2017-10-06,22.41465950012207
2017-10-09,22.148767471313477
2017-10-10,22.630373001098633
2017-10-11,22.575193405151367
2017-10-12,22.575193405151367
2017-10-13,22.389568328857422
2017-10-16,22.27419090270996
2017-10-17,22.23907470703125
2017-10-18,22.279199600219727
2017-10-19,22.118675231933594
2017-10-20,22.073505401611328
2017-10-23,21.867841720581055
2017-10-24,22.028358459472656
2017-10-25,22.178874969482422
2017-10-26,22.04341697692871
2017-10-27,21.90796661376953
2017-10-30,21.627033233642578
2017-10-31,21.095266342163086
2017-11-01,20.741455078125
2017-11-02,20.741455078125
2017-11-03,21.032529830932617
2017-11-06,21.032529830932617
2017-11-07,20.626047134399414
2017-11-08,21.378803253173828
2017-11-09,20.801673889160156
2017-11-10,20.831787109375
2017-11-13,20.93718147277832
2017-11-14,20.535701751708984
2017-11-15,20.535701751708984
2017-11-16,21.0526065826416
2017-11-17,21.343669891357422
2017-11-20,21.343669891357422
2017-11-21,21.770254135131836
2017-11-22,21.559471130371094
2017-11-23,21.494234085083008
2017-11-24,21.29348373413086
2017-11-27,21.423974990844727
2017-11-28,21.459108352661133
2017-11-29,21.017467498779297
2017-11-30,20.711349487304688
2017-12-01,20.698806762695312
2017-12-04,21.005037307739258
2017-12-05,20.879520416259766
2017-12-06,21.100433349609375
2017-12-07,21.030134201049805
2017-12-08,21.21087074279785
2017-12-11,21.266101837158203
2017-12-12,21.436777114868164
2017-12-13,20.959848403930664
2017-12-14,20.62851333618164
2017-12-15,20.70131492614746
2017-12-18,20.696279525756836
2017-12-19,20.580408096313477
2017-12-20,20.65597152709961
2017-12-21,21.527544021606445
2017-12-22,21.42678451538086
2017-12-25,21.42678451538086
2017-12-26,21.512435913085938
2017-12-27,21.396564483642578
2017-12-28,21.451984405517578
2017-12-29,21.451984405517578
2018-01-02,22.11471176147461
2018-01-03,22.265907287597656
2018-01-04,22.729562759399414
2018-01-05,22.795093536376953
2018-01-08,22.719501495361328
2018-01-09,22.4725341796875
2018-01-10,22.39694595336914
2018-01-11,22.865650177001953
2018-01-12,22.845489501953125
2018-01-15,22.98659896850586
2018-01-16,23.198261260986328
2018-01-17,23.581296920776367
2018-01-18,23.525867462158203
2018-01-19,23.71738052368164
2018-01-22,24.30702781677246
2018-01-23,24.216312408447266
2018-01-24,25.385557174682617
2018-01-25,25.385557174682617
2018-01-26,26.660642623901367
2018-01-29,26.050809860229492
2018-01-30,25.95001983642578
2018-01-31,26.338092803955078
2018-02-01,26.471677780151367
2018-02-02,26.138940811157227
2018-02-05,25.22144317626953
2018-02-06,26.128875732421875
2018-02-07,25.50879669189453
2018-02-08,25.38275909423828
2018-02-09,25.448299407958984
2018-02-14,26.54728126525879
2018-02-15,26.552330017089844
2018-02-16,25.688337326049805
2018-02-19,25.486194610595703
2018-02-20,26.112855911254883
2018-02-21,26.456518173217773
2018-02-22,26.603078842163086
2018-02-23,26.7850341796875
2018-02-26,26.754676818847656
2018-02-27,26.355438232421875
2018-02-28,25.460918426513672
2018-03-01,25.83754539489746
2018-03-02,25.974029541015625
2018-03-05,26.34307289123535
2018-03-06,26.247026443481445
2018-03-07,26.211626052856445
2018-03-08,26.029647827148438
2018-03-09,26.388561248779297
2018-03-12,26.686826705932617
2018-03-13,26.469449996948242
2018-03-14,25.877994537353516
2018-03-15,25.999303817749023
2018-03-16,25.89314842224121
2018-03-19,25.33707046508789
2018-03-20,25.417951583862305
2018-03-21,25.316848754882812
2018-03-22,25.235977172851562
2018-03-23,25.35729217529297
2018-03-26,25.670719146728516
2018-03-27,25.362348556518555
2018-03-28,25.594886779785156
2018-03-29,25.93864631652832
2018-04-02,25.81475257873535
2018-04-03,25.572032928466797
2018-04-04,25.73890495300293
2018-04-05,25.789470672607422
2018-04-06,25.9158992767334
2018-04-09,25.33941650390625
2018-04-10,25.465835571289062
2018-04-11,25.885557174682617
2018-04-12,26.11309814453125
2018-04-13,25.506296157836914
2018-04-16,25.13209342956543
2018-04-17,25.546735763549805
2018-04-18,26.032203674316406
2018-04-19,25.789470672607422
2018-04-20,25.73383903503418
2018-04-23,25.779348373413086
2018-04-24,25.65294075012207
2018-04-25,25.501235961914062
2018-04-26,26.092878341674805
2018-04-27,26.04230308532715
2018-04-30,25.794519424438477
2018-05-02,24.633665084838867
2018-05-03,24.148073196411133
2018-05-04,23.86481285095215
2018-05-07,23.90021324157715
2018-05-08,23.97608757019043
2018-05-09,24.051958084106445
2018-05-10,24.70953369140625
2018-05-11,24.31498908996582
2018-05-14,23.9507999420166
2018-05-15,23.85975456237793
2018-05-16,24.274532318115234
2018-05-17,23.004901885986328
2018-05-18,22.84305191040039
2018-05-21,22.529436111450195
2018-05-22,23.07572364807129
2018-05-23,22.64071273803711
2018-05-24,22.939149856567383
2018-05-25,22.7368221282959
2018-05-28,21.7757511138916
2018-05-29,21.69988250732422
2018-05-30,21.740341186523438
2018-06-01,22.172962188720703
2018-06-04,22.653682708740234
2018-06-05,21.950332641601562
2018-06-06,21.39373779296875
2018-06-07,20.771352767944336
2018-06-08,20.821945190429688
2018-06-11,20.219816207885742
2018-06-12,20.17932891845703
2018-06-13,19.98198127746582
2018-06-14,19.27359390258789
2018-06-15,19.460805892944336
2018-06-18,19.066131591796875
2018-06-19,19.926332473754883
2018-06-20,20.29570960998535
2018-06-21,19.75428581237793
2018-06-22,19.90608787536621
2018-06-25,19.946563720703125
2018-06-26,19.880796432495117
2018-06-27,19.521528244018555
2018-06-28,20.06294822692871
2018-06-29,20.412086486816406
2018-07-02,20.424741744995117
2018-07-03,20.905622482299805
2018-07-04,21.24477195739746
2018-07-05,21.108095169067383
2018-07-06,21.300451278686523
2018-07-10,21.356136322021484
2018-07-11,21.44219398498535
2018-07-12,21.847139358520508
2018-07-13,22.403949737548828
2018-07-16,22.322956085205078
2018-07-17,22.74309730529785
2018-07-18,22.454574584960938
2018-07-19,22.77853012084961
2018-07-20,23.426450729370117
2018-07-23,22.975942611694336
2018-07-24,22.960756301879883
2018-07-25,23.684593200683594
2018-07-26,23.31002426147461
2018-07-27,23.43657684326172
2018-07-30,23.77573013305664
2018-07-31,22.77853012084961
2018-08-01,23.064611434936523
2018-08-02,23.1456356048584
2018-08-03,23.69757652282715
2018-08-06,23.525402069091797
2018-08-07,23.383625030517578
2018-08-08,22.836761474609375
2018-08-09,22.715234756469727
2018-08-10,21.889873504638672
2018-08-13,22.062023162841797
2018-08-14,22.517745971679688
2018-08-15,22.3658504486084
2018-08-16,22.33545684814453
2018-08-17,21.763275146484375
2018-08-20,21.598329544067383
2018-08-21,21.31902503967285
2018-08-22,21.826862335205078
2018-08-23,20.978776931762695
2018-08-24,21.136192321777344
2018-08-27,21.837017059326172
2018-08-28,21.68466567993164
2018-08-29,22.04524040222168
2018-08-30,21.17682647705078
2018-08-31,21.466299057006836
2018-09-03,21.16910743713379
2018-09-04,20.986221313476562
2018-09-05,21.10814666748047
2018-09-06,21.64156723022461
2018-09-10,21.839689254760742
2018-09-11,21.08782196044922
2018-09-12,21.148778915405273
2018-09-13,21.031932830810547
2018-09-14,21.402793884277344
2018-09-17,21.910810470581055
2018-09-18,21.89049530029297
2018-09-19,22.042896270751953
2018-09-20,21.900651931762695
2018-09-21,22.271507263183594
2018-09-24,21.717763900756836
2018-09-25,21.768569946289062
2018-09-26,22.007333755493164
2018-09-27,22.611879348754883
2018-09-28,22.418827056884766
2018-10-01,22.167280197143555
2018-10-02,23.02103614807129
2018-10-03,24.06282615661621
2018-10-04,24.08823585510254
2018-10-05,24.006925582885742
2018-10-08,25.43492889404297
2018-10-09,25.30281639099121
2018-10-10,24.42872428894043
2018-10-11,24.139055252075195
2018-10-15,24.418554306030273
2018-10-16,25.394275665283203
2018-10-17,25.130027770996094
2018-10-18,24.382984161376953
2018-10-19,24.357580184936523
2018-10-22,24.71331787109375
2018-10-23,24.79970359802246
2018-10-24,24.154300689697266
2018-10-25,24.433809280395508
2018-10-26,24.891172409057617
2018-10-29,24.433809280395508
2018-10-30,25.150354385375977
2018-10-31,25.028396606445312
2018-11-01,25.386770248413086
2018-11-05,25.66127586364746
2018-11-06,25.82394790649414
2018-11-07,25.849376678466797
2018-11-08,25.493520736694336
2018-11-09,25.81377410888672
2018-11-12,25.884958267211914
2018-11-13,25.788366317749023
2018-11-14,26.012052536010742
2018-11-16,26.815229415893555
2018-11-19,26.799962997436523
2018-11-21,26.451759338378906
2018-11-22,26.390750885009766
2018-11-23,26.36025619506836
2018-11-26,25.925622940063477
2018-11-27,26.802515029907227
2018-11-28,27.47352409362793
2018-11-29,27.717527389526367
2018-11-30,27.465904235839844
2018-12-03,27.11882209777832
2018-12-04,27.088300704956055
2018-12-05,27.10354995727539
2018-12-06,27.347667694091797
2018-12-07,27.126441955566406
2018-12-10,26.40174674987793
2018-12-11,26.638229370117188
2018-12-12,26.821311950683594
2018-12-13,27.294281005859375
2018-12-14,27.095928192138672
2018-12-17,26.371238708496094
2018-12-18,26.799015045166016
2018-12-19,26.44036865234375
2018-12-20,26.432735443115234
2018-12-21,26.310636520385742
2018-12-26,25.73833656311035
2018-12-27,26.173297882080078
2018-12-28,27.09735679626465
2019-01-02,28.254255294799805
2019-01-03,28.720060348510742
2019-01-04,28.23897933959961
2019-01-07,28.292442321777344
2019-01-08,28.651336669921875
2019-01-09,29.08661651611328
2019-01-10,28.888063430786133
2019-01-11,28.712434768676758
2019-01-14,28.926244735717773
2019-01-15,28.475704193115234
2019-01-16,28.39171028137207
2019-01-17,28.39171028137207
2019-01-18,28.758241653442383
2019-01-21,28.52151870727539
2019-01-22,28.475704193115234
2019-01-23,28.66661262512207
2019-01-24,28.62843132019043
2019-01-28,29.140064239501953
2019-01-29,28.926244735717773
2019-01-30,29.10951042175293
2019-01-31,29.613494873046875
2019-02-01,29.64788246154785
2019-02-04,30.320138931274414
2019-02-05,29.02910804748535
2019-02-06,27.80682945251465
2019-02-07,27.906137466430664
2019-02-08,28.50200080871582
2019-02-11,28.181154251098633
2019-02-12,28.853408813476562
2019-02-13,28.196428298950195
2019-02-14,28.9450740814209
2019-02-15,28.647153854370117
2019-02-18,28.188783645629883
2019-02-19,28.838125228881836
2019-02-20,28.471435546875
2019-02-21,28.99089813232422
2019-02-22,28.569622039794922
2019-02-25,28.133203506469727
2019-02-26,28.234521865844727
2019-02-27,27.98512840270996
2019-02-28,27.455198287963867
2019-03-01,27.162824630737305
2019-03-06,27.170623779296875
2019-03-07,27.544862747192383
2019-03-08,27.872314453125
2019-03-11,28.78449821472168
2019-03-12,28.84685516357422
2019-03-13,29.158729553222656
2019-03-14,28.69873046875
2019-03-15,28.690946578979492
2019-03-18,28.737712860107422
2019-03-19,28.067228317260742
2019-03-20,27.43571662902832
2019-03-21,26.952329635620117
2019-03-22,26.157087326049805
2019-03-25,26.196075439453125
2019-03-26,26.46894073486328
2019-03-27,25.57235336303711
2019-03-28,26.58588218688965
2019-03-29,26.843177795410156
2019-04-01,26.6442813873291
2019-04-02,26.223093032836914
2019-04-03,25.989093780517578
2019-04-04,26.379085540771484
2019-04-05,26.948467254638672
2019-04-08,26.78466796875
2019-04-09,26.63648223876953
2019-04-10,26.589683532714844
2019-04-11,25.973485946655273
2019-04-12,25.700504302978516
2019-04-15,25.684892654418945
2019-04-16,25.6614990234375
2019-04-17,25.263700485229492
2019-04-18,25.606897354125977
2019-04-22,25.536701202392578
2019-04-23,25.864286422729492
2019-04-24,25.903297424316406
2019-04-25,26.301095962524414
2019-04-26,26.36347770690918
2019-04-29,26.152881622314453
2019-04-30,26.386890411376953
2019-05-02,26.56245231628418
2019-05-03,26.304950714111328
2019-05-06,25.72750473022461
2019-05-07,25.43878746032715
2019-05-08,25.72750473022461
2019-05-09,25.407575607299805
2019-05-10,25.29051399230957
2019-05-13,24.892553329467773
2019-05-14,24.775493621826172
2019-05-15,24.853534698486328
2019-05-16,24.53359031677246
2019-05-17,24.58041763305664
2019-05-20,25.220291137695312
2019-05-21,26.195701599121094
2019-05-22,26.21910858154297
2019-05-23,26.16447639465332
2019-05-24,25.77432632446289
2019-05-27,25.86795997619629
2019-05-28,26.59368133544922
2019-05-29,27.093076705932617
2019-05-30,27.374004364013672
2019-05-31,27.311580657958984
2019-06-03,27.385738372802734
2019-06-04,27.338895797729492
2019-06-05,26.808053970336914
2019-06-06,27.089096069335938
2019-06-07,27.3779354095459
2019-06-10,27.03443717956543
2019-06-11,27.167158126831055
2019-06-12,27.011016845703125
2019-06-13,26.527008056640625
2019-06-14,26.534812927246094
2019-06-17,26.503585815429688
2019-06-18,27.190576553344727
2019-06-19,27.61994171142578
2019-06-21,28.244462966918945
2019-06-24,28.182022094726562
2019-06-25,27.830732345581055
2019-06-26,28.49427604675293
2019-06-27,28.299121856689453
2019-06-28,28.306913375854492
2019-07-01,28.178068161010742
2019-07-02,28.0765323638916
2019-07-03,28.56074333190918
2019-07-04,28.88876724243164
2019-07-05,29.208961486816406
2019-07-08,29.130847930908203
2019-07-10,29.0527400970459
2019-07-11,29.013713836669922
2019-07-12,28.474842071533203
2019-07-15,28.396757125854492
2019-07-16,28.50606918334961
2019-07-17,28.427978515625
2019-07-18,29.185527801513672
2019-07-19,28.427978515625
2019-07-22,28.912200927734375
2019-07-23,29.193340301513672
2019-07-24,29.169906616210938
2019-07-25,28.27177619934082
2019-07-26,28.7794132232666
2019-07-29,28.89655876159668
2019-07-30,27.935951232910156
2019-07-31,27.194011688232422
2019-08-01,27.25261116027832
2019-08-02,27.291671752929688
2019-08-05,26.91663360595703
2019-08-06,27.729223251342773
2019-08-07,28.752761840820312
2019-08-08,28.909015655517578
2019-08-09,28.69025993347168
2019-08-12,27.50263786315918
2019-08-13,28.041738510131836
2019-08-14,27.424501419067383
2019-08-15,27.346376419067383
2019-08-16,27.265079498291016
2019-08-19,27.146038055419922
2019-08-20,26.84442138671875
2019-08-21,27.05078887939453
2019-08-22,26.622169494628906
2019-08-23,26.312606811523438
2019-08-26,26.304664611816406
2019-08-27,26.614219665527344
2019-08-28,26.915836334228516
2019-08-29,27.0587215423584
2019-08-30,26.939653396606445
2019-09-02,26.602169036865234
2019-09-03,26.093942642211914
2019-09-04,26.276588439941406
2019-09-05,27.023038864135742
2019-09-06,27.928308486938477
2019-09-09,28.611221313476562
2019-09-10,28.055374145507812
2019-09-11,27.928308486938477
2019-09-12,28.103015899658203
2019-09-13,28.484172821044922
2019-09-16,27.975954055786133
2019-09-17,28.079181671142578
2019-09-18,27.991836547851562
2019-09-19,27.5233097076416
2019-09-20,27.594797134399414
2019-09-23,27.507436752319336
2019-09-24,27.221555709838867
2019-09-25,27.539194107055664
2019-09-26,28.333295822143555
2019-09-27,28.214181900024414
2019-09-30,27.817123413085938
2019-10-01,27.185558319091797
2019-10-02,26.43878746032715
2019-10-03,26.446739196777344
2019-10-04,26.573835372924805
2019-10-07,26.081300735473633
2019-10-08,25.97005844116211
2019-10-09,26.383180618286133
2019-10-10,26.573835372924805
2019-10-11,26.915447235107422
2019-10-14,27.368263244628906
2019-10-15,27.304725646972656
2019-10-16,27.693994522094727
2019-10-17,27.52716827392578
2019-10-18,27.201438903808594
2019-10-21,27.646324157714844
2019-10-22,28.504322052001953
2019-10-23,28.909488677978516
2019-10-24,29.044540405273438
2019-10-25,29.23520278930664
2019-10-28,29.632413864135742
2019-10-29,29.108089447021484
2019-10-30,29.290807723999023
2019-10-31,28.782365798950195
2019-11-01,28.889659881591797
2019-11-04,28.98502540588379
2019-11-05,29.48574447631836
2019-11-06,29.088348388671875
2019-11-07,29.26319694519043
2019-11-08,28.826086044311523
2019-11-11,28.9532470703125
2019-11-12,28.46050453186035
2019-11-13,28.17437744140625
2019-11-14,28.35717010498047
2019-11-18,28.23000717163086
2019-11-19,27.920047760009766
2019-11-21,28.20616912841797
2019-11-22,28.396913528442383
2019-11-25,27.991579055786133
2019-11-26,27.419363021850586
2019-11-27,27.578306198120117
2019-11-28,27.498828887939453
2019-11-29,27.657777786254883
2019-12-02,28.05136489868164
2019-12-03,28.059303283691406
2019-12-04,29.06909942626953
2019-12-05,29.029342651367188
2019-12-06,28.504562377929688
2019-12-09,29.061140060424805
2019-12-10,28.639745712280273
2019-12-11,28.305795669555664
2019-12-12,28.297855377197266
2019-12-13,28.90082550048828
2019-12-16,28.240188598632812
2019-12-17,28.66999053955078
2019-12-18,29.036130905151367
2019-12-19,29.179391860961914
2019-12-20,29.052043914794922
2019-12-23,29.322677612304688
2019-12-26,29.76839256286621
2019-12-27,29.688812255859375
2019-12-30,29.529619216918945
2020-01-02,30.28209114074707
2020-01-03,29.96358871459961
2020-01-06,29.517667770385742
2020-01-07,28.83287239074707
2020-01-08,28.363094329833984
2020-01-09,27.7977237701416
2020-01-10,27.550888061523438
2020-01-13,27.91716957092285
2020-01-14,27.91716957092285
2020-01-15,27.574777603149414
2020-01-16,27.63051986694336
2020-01-17,27.821617126464844
2020-01-20,27.256271362304688
2020-01-21,26.674997329711914
2020-01-22,26.834245681762695
2020-01-23,27.471271514892578
2020-01-24,27.264236450195312
2020-01-27,26.674997329711914
2020-01-28,26.667030334472656
2020-01-29,26.25296974182129
2020-01-30,26.635169982910156
2020-01-31,26.13353729248047
2020-02-03,26.20922088623047
2020-02-04,26.41634178161621
2020-02-05,26.575666427612305
2020-02-06,26.51192855834961
2020-02-07,26.854480743408203
2020-02-10,27.30856704711914
2020-02-11,27.93790626525879
2020-02-12,27.826366424560547
2020-02-13,27.39618682861328
2020-02-14,26.93415069580078
2020-02-17,26.68719482421875
2020-02-18,26.798725128173828
2020-02-19,27.18110466003418
2020-02-20,27.08550262451172
2020-02-21,26.40928077697754
2020-02-26,25.09204864501953
2020-02-27,25.108211517333984
2020-02-28,25.859756469726562
2020-03-02,25.774869918823242
2020-03-03,25.305936813354492
2020-03-04,25.548490524291992
2020-03-05,24.675308227539062
2020-03-06,24.149789810180664
2020-03-09,22.47620391845703
2020-03-10,23.034059524536133
2020-03-11,21.158348083496094
2020-03-12,19.08050537109375
2020-03-13,21.190689086914062
2020-03-16,19.242210388183594
2020-03-17,20.374109268188477
2020-03-18,18.959238052368164
2020-03-19,18.474143981933594
2020-03-20,17.827348709106445
2020-03-23,16.59033966064453
2020-03-24,18.191164016723633
2020-03-25,19.08050537109375
2020-03-26,19.606035232543945
2020-03-27,18.571163177490234
2020-03-30,19.492847442626953
2020-03-31,18.66817855834961
2020-04-01,17.313064575195312
2020-04-02,17.39397621154785
2020-04-03,16.714393615722656
2020-04-06,17.944110870361328
2020-04-07,18.607507705688477
2020-04-08,19.562143325805664
2020-04-09,19.012006759643555
2020-04-13,19.416532516479492
2020-04-14,19.659236907958984
2020-04-15,18.931110382080078
2020-04-16,18.453792572021484
2020-04-17,18.78548812866211
2020-04-20,18.31625747680664
2020-04-22,18.097820281982422
2020-04-23,17.83893585205078
2020-04-24,16.892375946044922
2020-04-27,17.45060157775879
2020-04-28,18.890663146972656
2020-04-29,19.14145278930664
2020-04-30,18.421430587768555
2020-05-04,17.72115707397461
2020-05-05,18.376907348632812
2020-05-06,18.00450897216797
2020-05-07,17.356863021850586
2020-05-08,18.069271087646484
2020-05-11,18.117847442626953
2020-05-12,17.494491577148438
2020-05-13,17.48638916015625
2020-05-14,18.255474090576172
2020-05-15,17.510671615600586
2020-05-18,18.352619171142578
2020-05-19,17.559255599975586
2020-05-20,17.48638916015625
2020-05-21,18.490245819091797
2020-05-22,18.587383270263672
2020-05-25,19.396936416625977
2020-05-26,18.627864837646484
2020-05-27,19.210742950439453
2020-05-28,18.870729446411133
2020-05-29,18.65215301513672
2020-06-01,19.166549682617188
2020-06-02,20.45458221435547
2020-06-03,20.99734115600586
2020-06-04,21.604902267456055
2020-06-05,22.082855224609375
2020-06-08,22.97395133972168
2020-06-09,22.520288467407227
2020-06-10,21.54010009765625
2020-06-12,21.11075210571289
2020-06-15,20.616607666015625
2020-06-16,21.207965850830078
2020-06-17,21.475284576416016
2020-06-18,22.317773818969727
2020-06-19,22.75522232055664
2020-06-22,22.050445556640625
2020-06-23,21.75882339477539
2020-06-24,20.932538986206055
2020-06-25,21.18366813659668
2020-06-26,20.827224731445312
2020-06-29,21.45098876953125
2020-06-30,20.616607666015625
2020-07-01,21.155620574951172
2020-07-02,21.520381927490234
2020-07-03,21.47985076904297
2020-07-06,22.476837158203125
2020-07-07,21.37447738647461
2020-07-08,21.83649444580078
2020-07-09,21.844602584838867
2020-07-10,22.047239303588867
2020-07-13,21.723011016845703
2020-07-14,22.08777618408203
2020-07-15,22.241777420043945
2020-07-16,21.868913650512695
2020-07-17,22.06344223022461
2020-07-20,22.1282901763916
2020-07-21,22.51736831665039
2020-07-22,21.94186782836914
2020-07-23,21.47985076904297
2020-07-24,21.455528259277344
2020-07-27,22.5335693359375
2020-07-28,22.403888702392578
2020-07-29,22.93074607849121
2020-07-30,22.541677474975586
2020-07-31,21.795961380004883
2020-08-03,22.124425888061523
2020-08-04,20.834922790527344
2020-08-05,20.818695068359375
2020-08-06,21.11066436767578
2020-08-07,20.66460418701172
2020-08-10,20.932231903076172
2020-08-11,20.688934326171875
2020-08-12,20.4537353515625
2020-08-13,19.869813919067383
2020-08-14,20.05634307861328
2020-08-17,19.577848434448242
2020-08-18,19.70212173461914
2020-08-19,19.604589462280273
2020-08-20,19.604589462280273
2020-08-21,19.57208251953125
2020-08-24,19.897193908691406
2020-08-25,19.750886917114258
2020-08-26,19.336362838745117
2020-08-27,19.653358459472656
2020-08-28,19.856552124023438
2020-08-31,19.14129066467285
2020-09-01,19.79600715637207
2020-09-02,19.755348205566406
2020-09-03,20.23519515991211
2020-09-04,20.300268173217773
2020-09-08,19.844810485839844
2020-09-09,19.869205474853516
2020-09-10,19.4462947845459
2020-09-11,19.218563079833984
2020-09-14,19.560152053833008
2020-09-15,19.299898147583008
2020-09-16,19.24295425415039
2020-09-17,19.267353057861328
2020-09-18,18.787500381469727
2020-09-21,18.624841690063477
2020-09-22,18.787500381469727
2020-09-23,18.283252716064453
2020-09-24,18.730571746826172
2020-09-25,18.63296890258789
2020-09-28,18.624841690063477
2020-09-29,18.218181610107422
2020-09-30,18.299510955810547
2020-10-01,18.3280029296875
2020-10-02,18.384973526000977
2020-10-05,18.580297470092773
2020-10-06,18.612852096557617
2020-10-07,18.474502563476562
2020-10-08,19.589479446411133
2020-10-09,19.53250503540039
2020-10-13,19.345319747924805
2020-10-14,19.28835105895996
2020-10-15,19.117431640625
2020-10-16,18.80817413330078
2020-10-19,19.011646270751953
2020-10-20,19.768526077270508
2020-10-21,19.94757080078125
2020-10-22,20.97303581237793
2020-10-23,20.704458236694336
2020-10-26,20.8509521484375
2020-10-27,20.25682830810547
2020-10-28,19.353456497192383
2020-10-29,19.45112419128418
2020-10-30,19.109298706054688
2020-11-03,19.57757568359375
2020-11-04,20.3593692779541
2020-11-05,20.83984375
2020-11-06,20.815412521362305
2020-11-09,22.501169204711914
2020-11-10,23.51914405822754
2020-11-11,23.323686599731445
2020-11-12,22.753633499145508
2020-11-13,23.185245513916016
2020-11-16,23.999624252319336
2020-11-17,24.015913009643555
2020-11-18,23.429561614990234
2020-11-19,23.462135314941406
2020-11-23,23.535429000854492
2020-11-24,24.195070266723633
2020-11-25,23.9100399017334
2020-11-26,23.405136108398438
2020-11-27,23.584299087524414
2020-11-30,23.258543014526367
2020-12-01,24.24038314819336
2020-12-02,24.427780151367188
2020-12-03,24.41149139404297
2020-12-04,24.65592384338379
2020-12-07,24.802595138549805
2020-12-08,24.737409591674805
2020-12-09,24.884075164794922
2020-12-10,25.707021713256836
2020-12-11,25.555130004882812
2020-12-14,25.21221923828125
2020-12-15,25.440828323364258
2020-12-16,25.922542572021484
2020-12-17,25.889873504638672
2020-12-18,25.849063873291016
2020-12-21,25.39183807373047
2020-12-22,25.51430320739746
2020-12-23,26.07767105102539
2020-12-28,26.26544952392578
2020-12-29,26.208303451538086
2020-12-30,25.824562072753906
2021-01-04,25.240514755249023
2021-01-05,25.077150344848633
2021-01-06,25.81230926513672
2021-01-07,26.817033767700195
2021-01-08,26.80885887145996
2021-01-11,26.20439910888672
2021-01-12,26.286083221435547
2021-01-13,25.853151321411133
2021-01-14,26.620986938476562
2021-01-15,25.616270065307617
2021-01-18,25.485572814941406
2021-01-19,25.18334197998047
2021-01-20,24.766748428344727
2021-01-21,24.43184471130371
2021-01-22,23.9090576171875
2021-01-26,23.115495681762695
2021-01-27,23.115495681762695
2021-01-28,24.048295974731445
2021-01-29,23.189130783081055
2021-02-01,23.80723762512207
2021-02-02,23.299654006958008
2021-02-03,23.185039520263672
2021-02-04,23.08680534362793
2021-02-05,22.988557815551758
2021-02-08,22.562841415405273
2021-02-09,22.833011627197266
2021-02-10,22.669275283813477
2021-02-11,22.669275283813477
2021-02-12,22.726581573486328
2021-02-17,23.013118743896484
2021-02-18,22.849380493164062
2021-02-19,22.611968994140625
2021-02-22,20.96641731262207
2021-02-23,22.309051513671875
2021-02-24,21.98158073425293
2021-02-25,21.29388999938965
2021-02-26,21.036170959472656
2021-03-01,20.405956268310547
2021-03-02,21.229772567749023
2021-03-03,21.279203414916992
2021-03-04,21.946491241455078
2021-03-05,22.762069702148438
2021-03-08,22.037111282348633
2021-03-09,22.3419246673584
2021-03-10,22.50668716430664
2021-03-11,22.539640426635742
2021-03-12,22.39134979248047
2021-03-15,22.654972076416016
2021-03-16,22.193635940551758
2021-03-17,23.058645248413086
2021-03-18,23.190458297729492
2021-03-19,23.239877700805664
2021-03-22,23.37169647216797
2021-03-23,22.778547286987305
2021-03-24,22.38311767578125
2021-03-25,22.778547286987305
2021-03-26,23.166975021362305
2021-03-29,23.15872573852539
2021-03-30,23.538381576538086
2021-03-31,23.08444595336914
2021-04-01,22.3784122467041
2021-04-05,22.667428970336914
2021-04-06,22.403181076049805
2021-04-07,22.20500946044922
2021-04-08,22.03158187866211
2021-04-09,21.99855613708496
2021-04-12,22.543567657470703
2021-04-13,22.53531265258789
2021-04-14,22.824323654174805
2021-04-15,22.824323654174805
2021-04-16,23.080318450927734
2021-04-19,22.733491897583008
2021-04-20,22.617889404296875
2021-04-22,22.626136779785156
2021-04-23,22.733491897583008
2021-04-26,22.716978073120117
2021-04-27,22.370161056518555
2021-04-28,23.343685150146484
2021-04-29,22.607219696044922
2021-04-30,22.780990600585938
2021-05-03,23.099748611450195
2021-05-04,22.114492416381836
2021-05-05,22.74372673034668
2021-05-06,22.602981567382812
2021-05-07,22.87619972229004
2021-05-10,23.215660095214844
2021-05-11,23.165987014770508
2021-05-12,22.8265323638916
2021-05-13,23.488882064819336
2021-05-14,24.010499954223633
2021-05-17,23.993934631347656
2021-05-18,23.944265365600586
2021-05-19,24.118131637573242
2021-05-20,24.25059700012207
2021-05-21,24.366518020629883
2021-05-24,24.30027961730957
2021-05-25,24.050437927246094
2021-05-26,24.382164001464844
2021-05-27,24.174829483032227
2021-05-28,24.572906494140625
2021-05-31,24.498268127441406
2021-06-01,25.390243530273438
2021-06-02,26.236587524414062
2021-06-04,26.78421974182129
2021-06-07,27.414831161499023
2021-06-08,27.223976135253906
2021-06-09,27.597370147705078
2021-06-10,27.4977970123291
2021-06-11,27.1742000579834
2021-06-14,27.082927703857422
2021-06-15,27.082927703857422
2021-06-16,27.622262954711914
2021-06-17,27.29866600036621
2021-06-18,26.800825119018555
2021-06-21,26.925275802612305
2021-06-22,26.576780319213867
2021-06-23,26.38594627380371
2021-06-24,26.394237518310547
2021-06-25,25.556190490722656
2021-06-28,25.265783309936523
2021-06-29,25.016855239868164
2021-06-30,24.7264461517334
2021-07-01,24.647581100463867
2021-07-02,24.913230895996094
2021-07-05,24.572860717773438
2021-07-06,24.531354904174805
2021-07-07,24.63926887512207
2021-07-08,24.31551742553711
2021-07-12,24.647581100463867
2021-07-13,24.79700469970703
2021-07-14,24.830217361450195
2021-07-15,24.531354904174805
2021-07-16,24.13288116455078
2021-07-19,23.991750717163086
2021-07-20,24.30721664428711
2021-07-21,24.40683364868164
2021-07-22,24.157777786254883
2021-07-23,24.09136962890625
2021-07-26,24.514759063720703
2021-07-27,24.7554988861084
2021-07-28,25.560768127441406
2021-07-29,25.427936553955078
2021-07-30,25.153982162475586
2021-08-02,25.30763816833496
2021-08-03,25.556812286376953
2021-08-04,24.842514038085938
2021-08-05,24.917264938354492
2021-08-06,25.61495018005371
2021-08-09,25.913965225219727
2021-08-10,25.423921585083008
2021-08-11,25.706321716308594
2021-08-12,25.22457504272461
2021-08-13,25.56511688232422
2021-08-16,25.28497314453125
2021-08-17,25.193294525146484
2021-08-18,25.24329376220703
2021-08-19,24.918275833129883
2021-08-20,24.826601028442383
2021-08-23,25.093286514282227
2021-08-24,25.793333053588867
2021-08-25,25.826669692993164
2021-08-26,25.20162582397461
2021-08-27,25.63498878479004
2021-08-30,25.451644897460938
2021-08-31,25.78499984741211
2021-09-01,25.897565841674805
2021-09-02,24.963712692260742
2021-09-03,24.821971893310547
2021-09-06,25.13880729675293
2021-09-08,23.946491241455078
2021-09-09,24.26332664489746
2021-09-10,24.021522521972656
2021-09-13,24.321691513061523
2021-09-14,24.17161750793457
2021-09-15,23.779733657836914
2021-09-16,23.763059616088867
2021-09-17,23.19607162475586
2021-09-20,22.67078971862793
2021-09-21,22.6124324798584
2021-09-22,23.13771629333496
2021-09-23,23.938154220581055
2021-09-24,23.60464096069336
2021-09-27,24.221643447875977
2021-09-28,23.671335220336914
2021-09-29,24.096567153930664
2021-09-30,24.121591567993164
2021-10-01,24.751436233520508
2021-10-04,20.30500602722168
2021-10-05,20.79720687866211
2021-10-06,20.863941192626953
2021-10-07,20.421796798706055
2021-10-08,20.57196617126465
2021-10-11,20.21324920654297
2021-10-13,20.23827362060547
2021-10-14,20.138164520263672
2021-10-15,20.65538215637207
2021-10-18,20.79720687866211
2021-10-19,20.30500602722168
2021-10-20,20.847257614135742
2021-10-21,20.421796798706055
2021-10-22,19.63763427734375
2021-10-25,20.021371841430664
2021-10-26,19.804481506347656
2021-10-27,19.95463752746582
2021-10-28,19.912933349609375
2021-10-29,19.44575309753418
2021-11-01,20.2202091217041
2021-11-03,20.412233352661133
2021-11-04,19.335268020629883
2021-11-05,19.101511001586914
2021-11-08,19.001319885253906
2021-11-09,18.80930519104004
2021-11-10,19.285181045532227
2021-11-11,19.24343490600586
2021-11-12,19.201688766479492
2021-11-16,19.001319885253906
2021-11-17,19.076459884643555
2021-11-18,18.759214401245117
2021-11-19,18.600595474243164
2021-11-22,18.646677017211914
2021-11-23,18.959287643432617
2021-11-24,19.466218948364258
2021-11-25,19.643659591674805
2021-11-26,19.271896362304688
2021-11-29,19.14516830444336
2021-11-30,18.908592224121094
2021-12-01,18.788227081298828
2021-12-02,19.498497009277344
2021-12-03,19.43085289001465
2021-12-06,19.659160614013672
2021-12-07,19.413936614990234
2021-12-08,19.227928161621094
2021-12-09,18.71213150024414
2021-12-10,18.737504959106445
2021-12-13,18.238616943359375
2021-12-14,18.41619300842285
2021-12-15,18.35700225830078
2021-12-16,18.543025970458984
2021-12-17,18.137149810791016
2021-12-20,17.858121871948242
2021-12-21,17.88349151611328
2021-12-22,17.951139450073242
2021-12-23,18.04414176940918
2021-12-27,18.230167388916016
2021-12-28,18.162521362304688
2021-12-29,18.01032066345215
2021-12-30,17.71438217163086
2022-01-03,18.203229904174805
2022-01-04,18.71945571899414
2022-01-05,18.364013671875
2022-01-06,18.73636817932129
2022-01-07,19.15104866027832
2022-01-10,19.328765869140625
2022-01-11,19.760356903076172
2022-01-12,19.67573356628418
2022-01-13,20.039628982543945
2022-01-14,19.88729476928711
2022-01-17,19.88729476928711
2022-01-18,20.005773544311523
2022-01-19,19.87037467956543
2022-01-20,19.70958709716797
2022-01-21,19.718046188354492
2022-01-24,19.69266128540039
2022-01-25,20.403526306152344
2022-01-26,20.623554229736328
2022-01-27,20.725101470947266
2022-01-28,20.978986740112305
2022-01-31,21.435970306396484
2022-02-01,21.586410522460938
2022-02-02,21.247663497924805
2022-02-03,21.493255615234375
2022-02-04,21.561004638671875
2022-02-07,21.442447662353516
2022-02-08,21.679569244384766
2022-02-09,20.815771102905273
2022-02-10,21.21379280090332
2022-02-11,22.46714210510254
2022-02-14,22.416337966918945
2022-02-15,22.62804412841797
2022-02-16,22.39092445373535
2022-02-17,22.07758903503418
2022-02-18,22.162275314331055
2022-02-21,21.620285034179688
2022-02-22,21.818269729614258
2022-02-23,21.513235092163086
2022-02-24,21.14889907836914
2022-02-25,21.581022262573242
2022-03-02,21.22291374206543
2022-03-03,21.239870071411133
2022-03-04,20.917667388916016
2022-03-07,20.468280792236328
2022-03-08,20.273265838623047
2022-03-09,21.28226661682129
2022-03-10,21.299222946166992
2022-03-11,21.061809539794922
2022-03-14,21.35858154296875
2022-03-15,21.28226661682129
2022-03-16,21.697734832763672
2022-03-17,22.17255973815918
2022-03-18,22.33367156982422
2022-03-21,22.884796142578125
2022-03-22,23.19852066040039
2022-03-23,23.09676742553711
2022-03-24,23.2493839263916
2022-03-25,23.291780471801758
2022-03-28,23.27482795715332
2022-03-29,23.54615592956543
2022-03-30,23.597030639648438
2022-03-31,23.300264358520508
2022-04-01,23.36614990234375
2022-04-04,23.15403175354004
2022-04-05,22.687393188476562
2022-04-06,22.67890739440918
2022-04-07,22.661941528320312
2022-04-08,22.619518280029297
2022-04-11,22.534669876098633
2022-04-12,22.13590431213379
2022-04-13,22.195295333862305
2022-04-14,22.339527130126953
2022-04-18,22.466798782348633
2022-04-19,22.068025588989258
2022-04-20,22.21226692199707
2022-04-22,21.77955436706543
2022-04-25,21.694713592529297
2022-04-26,20.956565856933594
2022-04-27,20.786880493164062
2022-04-28,20.617185592651367
2022-04-29,20.252355575561523
2022-05-02,20.165456771850586
2022-05-03,20.26734161376953
2022-05-04,20.241872787475586
2022-05-05,19.774879455566406
2022-05-06,20.199419021606445
2022-05-09,19.910736083984375
2022-05-10,19.808841705322266
2022-05-11,20.471120834350586
2022-05-12,20.79376983642578
2022-05-13,21.04000473022461
2022-05-16,21.26075553894043
2022-05-17,21.447555541992188
2022-05-18,21.141887664794922
2022-05-19,21.073957443237305
2022-05-20,21.337173461914062
2022-05-23,21.88907241821289
2022-05-24,22.22020721435547
2022-05-25,21.821142196655273
2022-05-26,22.092849731445312
2022-05-27,22.211719512939453
2022-05-30,22.007946014404297
2022-05-31,22.211719512939453
2022-06-01,21.903852462768555
2022-06-02,21.99730110168457
2022-06-03,21.793399810791016
2022-06-06,21.7169189453125
2022-06-07,21.7169189453125
2022-06-08,21.300596237182617
2022-06-09,20.935251235961914
2022-06-10,20.4764461517334
2022-06-13,20.23004722595215
2022-06-14,20.094106674194336
2022-06-15,20.179073333740234
2022-06-17,19.924179077148438
2022-06-20,20.790813446044922
2022-06-21,20.56990623474121
2022-06-22,20.416973114013672
2022-06-23,19.949665069580078
2022-06-24,19.915678024291992
2022-06-27,20.03462791442871
2022-06-28,19.813722610473633
2022-06-29,19.60980796813965
2022-06-30,19.26145362854004
2022-07-01,19.42951774597168
2022-07-04,19.24244499206543
2022-07-05,19.378494262695312
2022-07-06,19.19993019104004
2022-07-07,19.472036361694336
2022-07-08,19.480531692504883
2022-07-11,19.165918350219727
2022-07-12,19.123397827148438
2022-07-13,19.046876907348633
2022-07-14,18.834300994873047
2022-07-15,19.174421310424805
2022-07-18,19.42951774597168
2022-07-19,20.084260940551758
2022-07-20,19.829160690307617
2022-07-21,19.99071502685547
2022-07-22,19.77814292907715
2022-07-25,20.067251205444336
2022-07-26,19.95669937133789
2022-07-27,20.024730682373047
2022-07-28,20.152273178100586
2022-07-29,20.084260940551758
2022-08-01,19.97162437438965
2022-08-02,20.184364318847656
2022-08-03,20.329023361206055
2022-08-04,20.822572708129883
2022-08-05,21.21401023864746
2022-08-08,21.477798461914062
2022-08-09,22.039424896240234
2022-08-10,22.4478759765625
2022-08-11,22.481914520263672
2022-08-12,22.754213333129883
2022-08-15,22.94993019104004
2022-08-16,23.21371841430664
2022-08-17,23.273284912109375
2022-08-18,23.205215454101562
2022-08-19,22.926799774169922
2022-08-22,22.66861343383789
2022-08-23,22.728864669799805
2022-08-24,22.82353401184082
2022-08-25,23.10753631591797
2022-08-26,22.969833374023438
2022-08-29,22.892377853393555
2022-08-30,22.789104461669922
2022-08-31,22.212488174438477
2022-09-01,22.55495834350586
2022-09-02,22.864986419677734
2022-09-05,23.235307693481445
2022-09-06,23.01999855041504
2022-09-08,22.856374740600586
2022-09-09,23.03722381591797
2022-09-12,23.3214168548584
2022-09-13,23.080280303955078
2022-09-14,22.994165420532227
2022-09-15,23.05445098876953
2022-09-16,22.976945877075195
2022-09-19,23.838150024414062
2022-09-20,24.630456924438477
2022-09-21,24.372093200683594
2022-09-22,24.86298370361328
2022-09-23,24.372093200683594
2022-09-26,23.846757888793945
2022-09-27,23.708961486816406
2022-09-28,23.700353622436523
2022-09-29,24.053442001342773
2022-09-30,24.1653995513916
2022-10-03,25.636962890625
2022-10-04,25.680055618286133
2022-10-05,25.680055618286133
2022-10-06,25.214710235595703
2022-10-07,25.266420364379883
2022-10-10,24.999279022216797
2022-10-11,24.826921463012695
2022-10-13,24.68042755126953
2022-10-14,24.68904685974121
2022-10-17,24.887243270874023
2022-10-18,25.49908447265625
2022-10-19,25.507707595825195
2022-10-20,25.90410614013672
2022-10-21,26.765850067138672
2022-10-24,25.550785064697266
2022-10-25,25.343975067138672
2022-10-26,24.801067352294922
2022-10-27,25.257793426513672
2022-10-28,25.455995559692383
2022-10-31,26.197097778320312
2022-11-01,26.264049530029297
2022-11-03,26.074356079101562
2022-11-04,26.169206619262695
2022-11-07,25.574256896972656
2022-11-08,25.496658325195312
2022-11-09,24.272262573242188
2022-11-10,23.815275192260742
2022-11-11,23.047870635986328
2022-11-14,22.97889518737793
2022-11-16,22.6512393951416
2022-11-17,22.78919219970703
2022-11-18,22.970266342163086
2022-11-21,23.03925132751465
2022-11-22,22.65986442565918
2022-11-23,22.42705535888672
2022-11-24,23.228946685791016
2022-11-25,22.409809112548828
2022-11-28,22.004552841186523
2022-11-29,22.194246292114258
2022-11-30,22.418432235717773
2022-12-01,22.416400909423828
2022-12-02,22.718399047851562
2022-12-05,22.05401611328125
2022-12-06,22.56308937072754
2022-12-07,22.399147033691406
2022-12-08,21.613967895507812
2022-12-09,21.408231735229492
2022-12-12,21.20585060119629
2022-12-13,20.405134201049805
2022-12-14,20.49312400817871
2022-12-15,20.60750961303711
2022-12-16,20.836284637451172
2022-12-19,21.461023330688477
2022-12-20,21.689802169799805
2022-12-21,21.777782440185547
2022-12-22,21.821788787841797
2022-12-23,22.16495132446289
2022-12-26,21.72500228881836
2022-12-27,21.60181427001953
2022-12-28,22.04176139831543
2022-12-29,21.997764587402344
2023-01-02,21.564239501953125
2023-01-03,21.115163803100586
2023-01-04,21.17680549621582
2023-01-05,21.837203979492188
2023-01-06,22.21583366394043
2023-01-09,22.374326705932617
2023-01-10,22.805789947509766
2023-01-11,23.202028274536133
2023-01-12,22.876230239868164
2023-01-13,22.761762619018555
2023-01-16,22.51521110534668
2023-01-17,22.981895446777344
2023-01-18,23.395748138427734
2023-01-19,23.395748138427734
2023-01-20,22.981895446777344
2023-01-23,22.277467727661133
2023-01-24,22.479997634887695
2023-01-25,22.55923843383789
2023-01-26,22.427165985107422
2023-01-27,21.951669692993164
2023-01-30,21.96048355102539
2023-01-31,22.30388641357422
2023-02-01,22.01103973388672
2023-02-02,22.213706970214844
2023-02-03,22.134401321411133
2023-02-06,22.143207550048828
2023-02-07,21.632144927978516
2023-02-08,23.420866012573242
2023-02-09,22.839309692382812
2023-02-10,22.733579635620117
2023-02-13,23.535419464111328
2023-02-14,23.244644165039062
2023-02-15,23.588293075561523
2023-02-16,23.764516830444336
2023-02-17,23.685211181640625
2023-02-22,23.244644165039062
2023-02-23,23.332754135131836
2023-02-24,22.619028091430664
2023-02-27,22.3282470703125
2023-02-28,22.407556533813477
2023-03-01,22.043954849243164
2023-03-02,21.3209171295166
2023-03-03,21.347370147705078
2023-03-06,21.832340240478516
2023-03-07,21.894062042236328
2023-03-08,22.16740608215332
2023-03-09,21.744163513183594
2023-03-10,21.22392463684082
2023-03-13,20.968219757080078
2023-03-14,20.897672653198242
2023-03-15,20.844764709472656
2023-03-16,21.188650131225586
2023-03-17,20.58024024963379
2023-03-20,20.633142471313477
2023-03-21,21.05638885498047
2023-03-22,20.932939529418945
2023-03-23,20.412708282470703
2023-03-24,20.708797454833984
2023-03-27,21.065540313720703
2023-03-28,21.163646697998047
2023-03-29,21.3687686920166
2023-03-30,21.9573974609375
2023-03-31,22.064414978027344
2023-04-03,21.446496963500977
2023-04-04,21.87489891052246
2023-04-05,21.857046127319336
2023-04-06,21.785648345947266
2023-04-10,22.01769256591797
2023-04-11,22.73168182373047
2023-04-12,22.883405685424805
2023-04-13,22.883405685424805
2023-04-14,23.213626861572266
2023-04-17,23.16900634765625
2023-04-18,23.15115737915039
2023-04-19,22.78523063659668
2023-04-20,22.84771156311035
2023-04-24,22.642436981201172
2023-04-25,22.84771156311035
2023-04-26,22.615663528442383
2023-04-27,23.01728630065918
2023-04-28,23.133298873901367
2023-05-02,22.238107681274414
2023-05-03,22.20238494873047
2023-05-04,22.381006240844727
2023-05-05,23.211580276489258
2023-05-08,23.533096313476562
2023-05-09,23.675994873046875
2023-05-10,24.024295806884766
2023-05-11,24.25650405883789
2023-05-12,24.033231735229492
2023-05-15,24.122547149658203
2023-05-16,24.04216194152832
2023-05-17,24.28330421447754
2023-05-18,24.193992614746094
2023-05-19,23.997514724731445
2023-05-22,23.54203224182129
2023-05-23,23.72957992553711
2023-05-24,23.595613479614258
2023-05-25,24.336885452270508
2023-05-26,24.149333953857422
2023-05-29,24.04216194152832
2023-05-30,23.702783584594727
2023-05-31,23.515241622924805
2023-06-01,23.861679077148438
2023-06-02,24.210220336914062
2023-06-05,24.26384162902832
2023-06-06,24.433643341064453
2023-06-07,24.505128860473633
2023-06-09,24.84473991394043
2023-06-12,24.576631546020508
2023-06-13,24.85367774963379
2023-06-14,25.19328498840332
2023-06-15,25.523948669433594
2023-06-16,25.60438346862793
2023-06-19,25.952926635742188
2023-06-20,25.940563201904297
2023-06-21,26.1931209564209
2023-06-22,25.940563201904297
2023-06-23,25.85938835144043
2023-06-26,25.82331085205078
2023-06-27,25.534677505493164
2023-06-28,25.390365600585938
2023-06-29,25.69703483581543
2023-06-30,25.63389778137207
2023-07-03,26.137189865112305
2023-07-04,25.974735260009766
2023-07-05,26.20037269592285
2023-07-06,25.812284469604492
2023-07-07,26.299646377563477
2023-07-10,26.128170013427734
2023-07-11,25.667879104614258
2023-07-12,25.514450073242188
2023-07-13,25.794231414794922
2023-07-14,25.52347755432129
2023-07-17,26.019865036010742
2023-07-18,25.514450073242188
2023-07-19,25.243688583374023
2023-07-20,25.71300506591797
2023-07-21,26.173294067382812
2023-07-24,25.758129119873047
2023-07-25,25.812284469604492
2023-07-26,25.956682205200195
2023-07-27,25.379072189331055
2023-07-28,25.758129119873047
2023-07-31,25.848390579223633
2023-08-01,25.927539825439453
2023-08-02,25.846256256103516
2023-08-03,25.6475772857666
2023-08-04,25.177978515625
2023-08-07,24.97930145263672
2023-08-08,24.925111770629883
2023-08-09,24.834810256958008
2023-08-10,24.916088104248047
2023-08-11,24.961238861083984
2023-08-14,24.60000991821289
2023-08-15,24.464542388916016
2023-08-16,24.44647979736328
2023-08-17,24.157493591308594
2023-08-18,24.34714126586914
2023-08-21,24.247806549072266
2023-08-22,24.62709617614746
2023-08-23,24.934144973754883
2023-08-24,24.64516258239746
2023-08-25,24.256834030151367
2023-08-28,25.078643798828125
2023-08-29,25.475996017456055
2023-08-30,24.988332748413086
2023-08-31,24.77159309387207
2023-09-01,24.986345291137695
2023-09-04,24.76043128967285
2023-09-05,24.389930725097656
2023-09-06,24.15497589111328
2023-09-08,24.191123962402344
2023-09-11,24.805614471435547
2023-09-12,24.950206756591797
2023-09-13,25.076711654663086
2023-09-14,24.977312088012695
2023-09-15,24.923095703125
2023-09-18,24.859834671020508
2023-09-19,24.78618812561035
2023-09-20,25.205984115600586
2023-09-21,24.631044387817383
2023-09-22,24.567163467407227
2023-09-25,24.640174865722656
2023-09-26,24.275131225585938
2023-09-27,24.229496002197266
2023-09-28,24.868318557739258
2023-09-29,24.831817626953125
2023-10-02,24.601375579833984
2023-10-03,24.290891647338867
2023-10-04,24.847936630249023
2023-10-05,25.240612030029297
2023-10-06,25.478036880493164
2023-10-09,25.258869171142578
2023-10-10,25.231473922729492
2023-10-11,25.55109214782715
2023-10-13,25.286270141601562
2023-10-16,25.322792053222656
2023-10-17,24.94838523864746
2023-10-18,24.427865982055664
2023-10-19,24.71095848083496
2023-10-20,24.619640350341797
2023-10-23,24.647031784057617
2023-10-24,24.647031784057617
2023-10-25,24.69269371032715
2023-10-26,25.304534912109375
2023-10-27,24.930126190185547
2023-10-30,24.729219436645508
2023-10-31,24.491792678833008
2023-11-01,24.836885452270508
2023-11-03,25.52223014831543
2023-11-06,25.75982093811035
2023-11-07,26.48171615600586
2023-11-08,26.600505828857422
2023-11-09,26.719295501708984
2023-11-10,27.039127349853516
2023-11-13,26.856367111206055
2023-11-14,27.258438110351562
2023-11-16,27.697053909301758
2023-11-17,27.824989318847656
2023-11-20,28.0991268157959
2023-11-21,28.05343246459961
2023-11-22,28.227054595947266
2023-11-23,28.19050407409668
2023-11-24,28.0351619720459
2023-11-27,27.962055206298828
2023-11-28,28.23619270324707
2023-11-29,28.428089141845703
2023-11-30,28.866708755493164
2023-12-01,28.800559997558594
2023-12-04,28.837135314941406
2023-12-05,29.074853897094727
2023-12-06,28.818851470947266
2023-12-07,29.13884162902832
2023-12-08,29.507455825805664
2023-12-11,29.30471420288086
2023-12-12,29.157268524169922
2023-12-13,30.041940689086914
2023-12-14,30.290756225585938
2023-12-15,30.161741256713867
2023-12-18,30.309185028076172
2023-12-19,30.32762336730957
2023-12-20,30.01429557800293
2023-12-21,30.2170352935791
2023-12-22,30.696229934692383
2023-12-26,31.009546279907227
2023-12-27,31.22150230407715
2023-12-28,31.304441452026367
2024-01-02,30.90580940246582
2024-01-03,30.564668655395508
2024-01-04,30.36182403564453
2024-01-05,31.071767807006836
2024-01-08,30.739852905273438
2024-01-09,30.721405029296875
2024-01-10,30.693748474121094
2024-01-11,30.74906349182129
2024-01-12,30.785947799682617
2024-01-15,30.841270446777344
2024-01-16,30.407922744750977
2024-01-17,30.426359176635742
2024-01-18,30.29728126525879
2024-01-19,30.37104606628418
2024-01-22,29.87315559387207
2024-01-23,30.011455535888672
2024-01-24,29.87315559387207
2024-01-25,29.808618545532227
2024-01-26,30.251176834106445
2024-01-29,30.094440460205078
2024-01-30,29.900814056396484
2024-01-31,30.2235164642334
2024-02-01,30.156782150268555
2024-02-02,30.202903747558594
2024-02-05,30.774858474731445
2024-02-06,32.09404373168945
2024-02-07,31.8634090423584
2024-02-08,31.236106872558594
2024-02-09,31.63279151916504
2024-02-14,31.63279151916504
2024-02-15,31.90032386779785
2024-02-16,31.8634090423584
2024-02-19,32.21397399902344
2024-02-20,32.91508102416992
2024-02-21,32.730567932128906
2024-02-22,32.54491424560547
2024-02-23,32.64017868041992
2024-02-26,32.7354621887207
2024-02-27,33.13560104370117
2024-02-28,33.15464782714844
2024-02-29,32.33531951904297
2024-03-01,32.47605514526367
2024-03-04,32.22822189331055
2024-03-05,32.19961929321289
2024-03-06,32.55231475830078
2024-03-07,32.20915985107422
2024-03-08,32.50465393066406
2024-03-11,32.66669845581055
2024-03-12,32.80015182495117
2024-03-13,33.12424087524414
2024-03-14,33.10517501831055
2024-03-15,32.92406463623047
2024-03-18,33.057518005371094
2024-03-19,33.10517501831055
2024-03-20,33.171897888183594
2024-03-21,32.82875061035156
2024-03-22,32.36970138549805
2024-03-25,32.36970138549805
2024-03-26,33.01286315917969
2024-03-27,33.19525909423828
2024-03-28,33.25285339355469
2024-04-01,32.11726379394531
2024-04-02,32.15568161010742
2024-04-03,31.915569305419922
2024-04-04,31.492979049682617
2024-04-05,31.435359954833984
2024-04-08,31.905975341796875
2024-04-09,32.242130279541016
2024-04-10,31.560209274291992
2024-04-11,31.502586364746094
2024-04-12,31.17603302001953
2024-04-15,30.64779281616211
2024-04-16,30.41728401184082
2024-04-17,30.436494827270508
2024-04-18,30.47490692138672
2024-04-19,30.30202865600586
2024-04-22,30.282821655273438
2024-04-23,30.734228134155273
2024-04-24,30.599769592285156
2024-04-25,30.426889419555664
2024-04-26,30.935922622680664
2024-04-29,30.695812225341797
2024-04-30,30.119544982910156
2024-05-02,30.55933952331543
2024-05-03,30.943735122680664
2024-05-06,31.13593292236328
2024-05-07,31.779794692993164
2024-05-08,31.981597900390625
2024-05-09,31.020614624023438
2024-05-10,31.37618637084961
2024-05-13,31.760578155517578
2024-05-14,32.106529235839844
2024-05-15,32.02003479003906
2024-05-16,31.923946380615234
2024-05-17,31.933544158935547
2024-05-20,31.83745765686035
2024-05-21,31.674083709716797
2024-05-22,31.18398666381836
2024-05-23,30.905296325683594
2024-05-24,30.607391357421875
2024-05-27,30.50168228149414
2024-05-28,30.338315963745117
2024-05-29,30.12689781188965
2024-05-31,29.81938362121582
2024-06-03,30.24020004272461
2024-06-04,30.345966339111328
2024-06-05,30.288272857666016
2024-06-06,30.67289161682129
2024-06-07,30.24020004272461
2024-06-10,29.999814987182617
2024-06-11,30.336353302001953
2024-06-12,30.288272857666016
2024-06-13,29.97096824645996
2024-06-14,29.942121505737305
2024-06-17,30.67289161682129
2024-06-18,30.653654098510742
2024-06-19,30.894041061401367
2024-06-20,30.682504653930664
2024-06-21,30.896682739257812
2024-06-24,31.342504501342773
2024-06-25,31.439411163330078
2024-06-26,31.381261825561523
2024-06-27,31.439411163330078
2024-06-28,31.410341262817383
2024-07-01,31.26260757446289
2024-07-02,31.669872283935547
2024-07-03,31.863811492919922
2024-07-04,31.912294387817383
2024-07-05,31.931690216064453
2024-07-08,31.873510360717773
2024-07-09,32.09653091430664
2024-07-10,32.4359245300293
2024-07-11,32.62986755371094
2024-07-12,32.44562530517578
2024-07-15,32.57168197631836
2024-07-16,32.76561737060547
2024-07-17,33.12439727783203
2024-07-18,32.9692497253418
2024-07-19,33.22136688232422
2024-07-22,33.20198059082031
2024-07-23,33.15348434448242
2024-07-24,33.105003356933594
2024-07-25,32.95956039428711
2024-07-26,33.20198059082031
2024-07-29,33.44439697265625
2024-07-30,33.31834030151367
2024-07-31,32.85288619995117
2024-08-01,32.375213623046875
2024-08-02,31.967737197875977
2024-08-05,31.967737197875977
2024-08-06,32.67597961425781
2024-08-07,32.76329040527344
2024-08-08,32.64686584472656
2024-08-09,33.52974319458008
2024-08-12,33.578250885009766
2024-08-13,34.5290412902832
2024-08-14,35.382808685302734
2024-08-15,35.94551086425781
2024-08-16,35.644752502441406
2024-08-19,35.858192443847656
2024-08-20,36.12014389038086
2024-08-21,35.9746208190918
2024-08-22,35.644752502441406
2024-08-23,35.37309646606445
2024-08-26,35.450714111328125
2024-08-27,35.48952865600586
2024-08-28,36.2559700012207
2024-08-29,35.858192443847656
2024-08-30,35.6059455871582
2024-09-02,35.32217788696289
2024-09-03,35.89486312866211
2024-09-04,36.147239685058594
2024-09-05,36.38018798828125
2024-09-06,35.865745544433594
2024-09-09,36.215179443359375
2024-09-10,36.215179443359375
2024-09-11,36.28312301635742
2024-09-12,35.88515853881836
2024-09-13,35.923980712890625
2024-09-16,35.914276123046875
2024-09-17,35.82691955566406
2024-09-18,35.62308120727539
2024-09-19,35.52601623535156
2024-09-20,35.13774490356445
2024-09-23,34.932376861572266
2024-09-24,34.92259979248047
2024-09-25,35.362674713134766
2024-09-26,35.81253433227539
2024-09-27,35.94944763183594
2024-09-30,35.31378173828125
2024-10-01,34.73420333862305
2024-10-02,34.949459075927734
2024-10-03,34.088443756103516
2024-10-04,34.15693664550781
2024-10-07,34.3819694519043
2024-10-08,34.58744812011719
2024-10-09,33.95146560668945
2024-10-10,34.137367248535156
2024-10-11,33.88297653198242
2024-10-14,34.09822463989258
2024-10-15,34.489601135253906
2024-10-16,34.28413391113281
2024-10-17,34.35261535644531
2024-10-18,34.518943786621094
2024-10-21,34.342830657958984
2024-10-22,34.40153884887695
2024-10-23,34.61678695678711
2024-10-24,34.929893493652344
2024-10-25,34.538516998291016
2024-10-28,34.959251403808594
2024-10-29,34.58744812011719
2024-10-30,34.489601135253906
2024-10-31,34.26456069946289
2024-11-01,34.076263427734375
2024-11-04,34.53635025024414
2024-11-05,35.57401657104492
2024-11-06,35.4075927734375
2024-11-07,34.88876724243164
2024-11-08,34.340579986572266
2024-11-11,34.379730224609375
2024-11-12,33.96858596801758
2024-11-13,33.79237365722656
2024-11-14,33.694488525390625
2024-11-18,33.57701873779297
2024-11-19,33.88048553466797
2024-11-21,33.29312515258789
2024-11-22,33.391021728515625
2024-11-25,33.381229400634766
2024-11-26,34.01752853393555
2024-11-27,33.185447692871094
2024-11-28,31.99116325378418
2024-11-29,31.912845611572266
2024-12-02,31.459997177124023
2024-12-03,31.812597274780273
2024-12-04,32.00849151611328
2024-12-05,32.69410705566406
2024-12-06,32.028079986572266
2024-12-09,32.18478775024414
2024-12-10,32.620418548583984
2024-12-11,32.936832427978516
2024-12-12,32.116127014160156
2024-12-13,31.700838088989258
2024-12-16,31.354755401611328
2024-12-17,31.522851943969727
2024-12-18,30.623044967651367
2024-12-19,30.791141510009766
2024-12-20,31.14710807800293
2024-12-23,30.543943405151367
2024-12-26,30.7417049407959
2024-12-27,30.4351749420166
2024-12-30,30.3857364654541
2025-01-02,30.244897842407227
2025-01-03,29.50287628173828
2025-01-06,30.828624725341797
2025-01-07,31.165008544921875
2025-01-08,30.660430908203125
2025-01-09,30.739582061767578
2025-01-10,30.31415367126465
2025-01-13,30.531814575195312
2025-01-14,30.551603317260742
2025-01-15,31.877351760864258
2025-01-16,31.77841567993164
2025-01-17,32.00596618652344
2025-01-20,32.31267547607422
2025-01-21,32.381927490234375
2025-01-22,32.263206481933594
2025-01-23,32.19395065307617
2025-01-24,32.11479568481445
2025-01-27,32.886505126953125
2025-01-28,32.945865631103516
2025-01-29,32.86671829223633
2025-01-30,33.6681022644043
2025-01-31,33.450443267822266
2025-02-03,33.14125442504883
2025-02-04,33.26003646850586
2025-02-05,33.76487731933594
2025-02-06,33.82427215576172
2025-02-07,33.57679748535156
2025-02-10,33.943058013916016
2025-02-11,34.299415588378906
2025-02-12,33.349124908447266
2025-02-13,33.527305603027344
2025-02-14,34.41819763183594
2025-02-17,34.487491607666016
2025-02-18,33.18165588378906
2025-02-19,32.871826171875
2025-02-20,32.78187561035156
2025-02-21,32.68193054199219
2025-02-24,32.50202941894531
2025-02-25,32.831844329833984
2025-02-26,32.75189208984375
2025-02-27,32.72190856933594
2025-02-28,31.92234992980957
2025-03-05,32.400001525878906
2025-03-06,32.459999084472656
2025-03-07,32.599998474121094
2025-03-10,32.88999938964844
2025-03-11,32.709999084472656
