Date,MGLU3.SA
2015-01-02,2.0580735206604004
2015-01-05,2.096750020980835
2015-01-06,2.069124460220337
2015-01-07,2.1381871700286865
2015-01-08,2.121612787246704
2015-01-09,2.04978609085083
2015-01-12,2.0718870162963867
2015-01-13,2.04978609085083
2015-01-14,2.016636371612549
2015-01-15,2.032879590988159
2015-01-16,2.0496339797973633
2015-01-19,2.0384647846221924
2015-01-20,1.9546918869018555
2015-01-21,1.9686545133590698
2015-01-22,1.9602768421173096
2015-01-23,1.9686545133590698
2015-01-26,1.9546918869018555
2015-01-27,1.8988441228866577
2015-01-28,1.8457880020141602
2015-01-29,1.9128056764602661
2015-01-30,1.8988441228866577
2015-02-02,1.910013198852539
2015-02-03,1.8318252563476562
2015-02-04,1.8122785091400146
2015-02-05,1.787146806716919
2015-02-06,1.7005822658538818
2015-02-09,1.68382728099823
2015-02-10,1.7145438194274902
2015-02-11,1.619601845741272
2015-02-12,1.6475261449813843
2015-02-13,1.7005822658538818
2015-02-18,1.7089591026306152
2015-02-19,1.775977611541748
2015-02-20,1.7731852531433105
2015-02-23,1.7927318811416626
2015-02-24,1.8429956436157227
2015-02-25,1.7983171939849854
2015-02-26,1.8374102115631104
2015-02-27,1.689412236213684
2015-03-02,1.6977899074554443
2015-03-03,1.641940951347351
2015-03-04,1.5497914552688599
2015-03-05,1.5330374240875244
2015-03-06,1.4883577823638916
2015-03-09,1.415755033493042
2015-03-10,1.4771888256072998
2015-03-11,1.466018557548523
2015-03-12,1.5358290672302246
2015-03-13,1.4688109159469604
2015-03-16,1.4241325855255127
2015-03-17,1.4073783159255981
2015-03-18,1.3934158086776733
2015-03-19,1.4213398694992065
2015-03-20,1.4269253015518188
2015-03-23,1.4269253015518188
2015-03-24,1.415755033493042
2015-03-25,1.3962082862854004
2015-03-26,1.3906232118606567
2015-03-27,1.3822466135025024
2015-03-30,1.4073783159255981
2015-03-31,1.4213398694992065
2015-04-01,1.463226079940796
2015-04-02,1.5358290672302246
2015-04-06,1.5330374240875244
2015-04-07,1.5162822008132935
2015-04-08,1.4129633903503418
2015-04-09,1.3990007638931274
2015-04-10,1.415755033493042
2015-04-13,1.4073783159255981
2015-04-14,1.404585838317871
2015-04-15,1.415755033493042
2015-04-16,1.4520570039749146
2015-04-17,1.4325100183486938
2015-04-20,1.415755033493042
2015-04-22,1.4241325855255127
2015-04-23,1.4213398694992065
2015-04-24,1.4408868551254272
2015-04-27,1.463226079940796
2015-04-28,1.4429398775100708
2015-04-29,1.4144231081008911
2015-04-30,1.4343844652175903
2015-05-04,1.4999719858169556
2015-05-05,1.5541541576385498
2015-05-06,1.5826706886291504
2015-05-07,1.5655609369277954
2015-05-08,1.4315329790115356
2015-05-11,1.4229775667190552
2015-05-12,1.4201256036758423
2015-05-13,1.4144231081008911
2015-05-14,1.3630928993225098
2015-05-15,1.385906457901001
2015-05-18,1.3744993209838867
2015-05-19,1.3488342761993408
2015-05-20,1.3174664974212646
2015-05-21,1.323169231414795
2015-05-22,1.3032077550888062
2015-05-25,1.2918016910552979
2015-05-26,1.2490261793136597
2015-05-27,1.2547297477722168
2015-05-28,1.2518779039382935
2015-05-29,1.22050940990448
2015-06-01,1.2319165468215942
2015-06-02,1.211954951286316
2015-06-03,1.1720311641693115
2015-06-05,1.1663285493850708
2015-06-08,1.1577732563018799
2015-06-09,1.163476824760437
2015-06-10,1.1435153484344482
2015-06-11,1.1349602937698364
2015-06-12,1.1149988174438477
2015-06-15,1.1064435243606567
2015-06-16,1.1007397174835205
2015-06-17,1.1149988174438477
2015-06-18,1.0950372219085693
2015-06-19,1.1121470928192139
2015-06-22,1.1264047622680664
2015-06-23,1.0893337726593018
2015-06-24,1.0579653978347778
2015-06-25,1.0208930969238281
2015-06-26,1.0208930969238281
2015-06-29,1.0037833452224731
2015-06-30,1.0066354274749756
2015-07-01,0.9838220477104187
2015-07-02,0.95245361328125
2015-07-03,0.9267885684967041
2015-07-06,0.9096789360046387
2015-07-07,0.8868658542633057
2015-07-08,0.8497937321662903
2015-07-10,0.8640525937080383
2015-07-13,0.8412393927574158
2015-07-14,0.8326842188835144
2015-07-15,0.7899094223976135
2015-07-16,0.7528374195098877
2015-07-17,0.7271724343299866
2015-07-20,0.6958048939704895
2015-07-21,0.798463761806488
2015-07-22,0.869756281375885
2015-07-23,1.0208930969238281
2015-07-24,0.8669043779373169
2015-07-27,0.7956131100654602
2015-07-28,0.8155744075775146
2015-07-29,0.784205973148346
2015-07-30,0.7813541293144226
2015-07-31,1.0237449407577515
2015-08-03,0.95245361328125
2015-08-04,0.9809703826904297
2015-08-05,0.932492196559906
2015-08-06,0.8925694823265076
2015-08-07,0.8640525937080383
2015-08-10,0.8669043779373169
2015-08-11,0.8925694823265076
2015-08-12,0.8497937321662903
2015-08-13,0.821277916431427
2015-08-14,0.8127226829528809
2015-08-17,0.8412393927574158
2015-08-18,0.9011237025260925
2015-08-19,0.8497937321662903
2015-08-20,0.855497419834137
2015-08-21,0.8127226829528809
2015-08-24,0.778502345085144
2015-08-25,0.7585409879684448
2015-08-26,0.7642444968223572
2015-08-27,0.7699481248855591
2015-08-28,0.7556891441345215
2015-08-31,0.7271724343299866
2015-09-01,0.7072110176086426
2015-09-02,0.7043591737747192
2015-09-03,0.7328760027885437
2015-09-04,0.7015074491500854
2015-09-08,0.6786942481994629
2015-09-09,0.6929532289505005
2015-09-10,0.6843977570533752
2015-09-11,0.650177538394928
2015-09-14,0.6216616630554199
2015-09-15,0.5988475680351257
2015-09-16,0.6330679655075073
2015-09-17,0.650177538394928
2015-09-18,0.5874415040016174
2015-09-21,0.5703318119049072
2015-09-22,0.5446668863296509
2015-09-23,0.5418151021003723
2015-09-24,0.5560730695724487
2015-09-25,0.5361115336418152
2015-09-28,0.5132983326911926
2015-09-29,0.507594883441925
2015-09-30,0.5132983326911926
2015-10-01,0.4687412679195404
2015-10-02,0.46339377760887146
2015-10-05,0.4990394413471222
2015-10-06,0.5172194838523865
2015-10-07,0.5546476244926453
2015-10-08,0.5696186423301697
2015-10-09,0.5493001341819763
2015-10-13,0.496544748544693
2015-10-14,0.48299914598464966
2015-10-15,0.47943514585494995
2015-10-16,0.46089914441108704
2015-10-19,0.45448243618011475
2015-10-20,0.4455709755420685
2015-10-21,0.4277482032775879
2015-10-22,0.4277482032775879
2015-10-23,0.42204558849334717
2015-10-26,0.4420069754123688
2015-10-27,0.4598298966884613
2015-10-28,0.4377288520336151
2015-10-29,0.4191938042640686
2015-10-30,0.4206191897392273
2015-11-03,0.40386566519737244
2015-11-04,0.4191938042640686
2015-11-05,0.4202630817890167
2015-11-06,0.40350958704948425
2015-11-09,0.394241064786911
2015-11-10,0.37427961826324463
2015-11-11,0.37641823291778564
2015-11-12,0.3671506941318512
2015-11-13,0.37784457206726074
2015-11-16,0.3707156479358673
2015-11-17,0.3917464017868042
2015-11-18,0.37427961826324463
2015-11-19,0.37392354011535645
2015-11-23,0.3682199716567993
2015-11-24,0.382121741771698
2015-11-25,0.364298939704895
2015-11-26,0.376775324344635
2015-11-27,0.35645678639411926
2015-11-30,0.3147514760494232
2015-12-01,0.2851654291152954
2015-12-02,0.288017213344574
2015-12-03,0.3090479075908661
2015-12-04,0.28552156686782837
2015-12-07,0.2990672290325165
2015-12-08,0.28338295221328735
2015-12-09,0.2890865206718445
2015-12-10,0.3029882311820984
2015-12-11,0.2862347364425659
2015-12-14,0.2791058123111725
2015-12-15,0.3136821687221527
2015-12-16,0.3272278308868408
2015-12-17,0.37784457206726074
2015-12-18,0.37427961826324463
2015-12-21,0.36002179980278015
2015-12-22,0.38782528042793274
2015-12-23,0.4206191897392273
2015-12-28,0.5774608254432678
2015-12-29,0.6398406624794006
2015-12-30,0.6291468143463135
2016-01-04,0.6398406624794006
2016-01-05,0.6462564468383789
2016-01-06,0.5902932286262512
2016-01-07,0.5118720531463623
2016-01-08,0.514011561870575
2016-01-11,0.514011561870575
2016-01-12,0.4847816526889801
2016-01-13,0.4815737009048462
2016-01-14,0.5058123469352722
2016-01-15,0.5132983326911926
2016-01-18,0.5061693787574768
2016-01-19,0.49547550082206726
2016-01-20,0.49191057682037354
2016-01-21,0.48834657669067383
2016-01-22,0.45448243618011475
2016-01-26,0.4566219449043274
2016-01-27,0.4626816213130951
2016-01-28,0.45804738998413086
2016-01-29,0.5043869614601135
2016-02-01,0.5186448097229004
2016-02-02,0.4990394413471222
2016-02-03,0.5168623328208923
2016-02-04,0.5186448097229004
2016-02-05,0.4926237463951111
2016-02-10,0.47907811403274536
2016-02-11,0.45127448439598083
2016-02-12,0.542884349822998
2016-02-15,0.6184529662132263
2016-02-16,0.6783382296562195
2016-02-17,0.6041949987411499
2016-02-18,0.6355635523796082
2016-02-19,0.6416232585906982
2016-02-22,0.6508908271789551
2016-02-23,0.6769117712974548
2016-02-24,0.6772688627243042
2016-02-25,0.6672881841659546
2016-02-26,0.6772688627243042
2016-02-29,0.7022206783294678
2016-03-01,0.7414312958717346
2016-03-02,0.7881270051002502
2016-03-03,0.8968465328216553
2016-03-04,0.9018369317054749
2016-03-07,0.9011237025260925
2016-03-08,0.89078688621521
2016-03-09,0.9517412781715393
2016-03-10,0.9677817225456238
2016-03-11,0.962791383266449
2016-03-14,0.9980798363685608
2016-03-15,0.984891414642334
2016-03-16,1.0180425643920898
2016-03-17,1.0198239088058472
2016-03-18,0.9802571535110474
2016-03-21,1.0643811225891113
2016-03-22,1.0943242311477661
2016-03-23,1.1264047622680664
2016-03-24,1.1264047622680664
2016-03-28,1.062955617904663
2016-03-29,1.0772132873535156
2016-03-30,1.0836302042007446
2016-03-31,1.0426369905471802
2016-04-01,1.0576093196868896
2016-04-04,1.0298056602478027
2016-04-05,1.0091310739517212
2016-04-06,0.9802571535110474
2016-04-07,0.9713457226753235
2016-04-08,1.0123387575149536
2016-04-11,1.022675633430481
2016-04-12,1.036577582359314
2016-04-13,1.017329216003418
2016-04-14,1.019467830657959
2016-04-15,1.0159028768539429
2016-04-18,1.0230330228805542
2016-04-19,1.0251715183258057
2016-04-20,1.035508155822754
2016-04-22,1.02802312374115
2016-04-25,1.02053701877594
2016-04-26,1.0337257385253906
2016-04-27,1.2319165468215942
2016-04-28,1.154565453529358
2016-04-29,1.141733169555664
2016-05-02,1.2440357208251953
2016-05-03,1.2294209003448486
2016-05-04,1.1424452066421509
2016-05-05,1.0159028768539429
2016-05-06,1.211954951286316
2016-05-09,1.2493832111358643
2016-05-10,1.247600793838501
2016-05-11,1.2582945823669434
2016-05-12,1.2297778129577637
2016-05-13,1.1987652778625488
2016-05-16,1.2148069143295288
2016-05-17,1.219440221786499
2016-05-18,1.2415410280227661
2016-05-19,1.2294209003448486
2016-05-20,1.247600793838501
2016-05-23,1.2030436992645264
2016-05-24,1.2319165468215942
2016-05-25,1.211954951286316
2016-05-27,1.1976960897445679
2016-05-30,1.2287087440490723
2016-05-31,1.239045262336731
2016-06-01,1.2058955430984497
2016-06-02,1.2344120740890503
2016-06-03,1.2472447156906128
2016-06-06,1.329586148262024
2016-06-07,1.3563202619552612
2016-06-08,1.3563202619552612
2016-06-09,1.3434876203536987
2016-06-10,1.311406135559082
2016-06-13,1.250808596611023
2016-06-14,1.2415410280227661
2016-06-15,1.240114688873291
2016-06-16,1.2083899974822998
2016-06-17,1.272552490234375
2016-06-20,1.3117632865905762
2016-06-21,1.343131422996521
2016-06-22,1.3384974002838135
2016-06-23,1.3527553081512451
2016-06-24,1.3188921213150024
2016-06-27,1.3185359239578247
2016-06-28,1.3545377254486084
2016-06-29,1.3634490966796875
2016-06-30,1.3723605871200562
2016-07-01,1.390183448791504
2016-07-04,1.3990949392318726
2016-07-05,1.3955310583114624
2016-07-06,1.390183448791504
2016-07-07,1.4115713834762573
2016-07-08,1.489991545677185
2016-07-11,1.4842880964279175
2016-07-12,1.489991545677185
2016-07-13,1.4971203804016113
2016-07-14,1.520290732383728
2016-07-15,1.5170830488204956
2016-07-18,1.51601243019104
2016-07-19,1.5327661037445068
2016-07-20,1.5381135940551758
2016-07-21,1.5327661037445068
2016-07-22,1.5338366031646729
2016-07-25,1.6104742288589478
2016-07-26,1.6151083707809448
2016-07-27,1.6054837703704834
2016-07-28,1.5705513954162598
2016-07-29,1.6397043466567993
2016-08-01,1.6397043466567993
2016-08-02,1.5630652904510498
2016-08-03,1.5826706886291504
2016-08-04,1.7822868824005127
2016-08-05,1.8892239332199097
2016-08-08,1.8910064697265625
2016-08-09,2.013983964920044
2016-08-10,2.07458233833313
2016-08-11,2.1030991077423096
2016-08-12,2.137674331665039
2016-08-15,2.1191396713256836
2016-08-16,2.2150261402130127
2016-08-17,2.252810478210449
2016-08-18,2.2029061317443848
2016-08-19,2.1850836277008057
2016-08-22,2.2029061317443848
2016-08-23,2.242116928100586
2016-08-24,2.242116928100586
2016-08-25,2.2014806270599365
2016-08-26,2.212887763977051
2016-08-29,2.242116928100586
2016-08-30,2.1761720180511475
2016-08-31,2.1565675735473633
2016-09-01,2.2549493312835693
2016-09-02,2.34370756149292
2016-09-05,2.351905584335327
2016-09-06,2.3561840057373047
2016-09-08,2.3490540981292725
2016-09-09,2.3486979007720947
2016-09-12,2.3419246673583984
2016-09-13,2.210036039352417
2016-09-14,2.1947081089019775
2016-09-15,2.212174415588379
2016-09-16,2.2278590202331543
2016-09-19,2.288456439971924
2016-09-20,2.331230878829956
2016-09-21,2.4848649501800537
2016-09-22,2.5105297565460205
2016-09-23,2.481299877166748
2016-09-26,2.5354814529418945
2016-09-27,2.6484785079956055
2016-09-28,2.673430919647217
2016-09-29,2.6784214973449707
2016-09-30,2.7268991470336914
2016-10-03,2.773595094680786
2016-10-04,2.8160135746002197
2016-10-05,2.8855223655700684
2016-10-06,2.9496850967407227
2016-10-07,3.0298874378204346
2016-10-10,3.225939989089966
2016-10-11,3.2213058471679688
2016-10-13,3.154648542404175
2016-10-14,3.2430496215820312
2016-10-17,3.2081167697906494
2016-10-18,3.243762493133545
2016-10-19,3.2790513038635254
2016-10-20,3.2794086933135986
2016-10-21,3.315767765045166
2016-10-24,3.501124858856201
2016-10-25,2.9585962295532227
2016-10-26,2.4773788452148438
2016-10-27,3.243406057357788
2016-10-28,3.100823163986206
2016-10-31,3.295804738998413
2016-11-01,3.2829718589782715
2016-11-03,3.2794086933135986
2016-11-04,3.308281660079956
2016-11-07,3.3506999015808105
2016-11-08,3.3831372261047363
2016-11-09,3.4929263591766357
2016-11-10,3.3802857398986816
2016-11-11,3.376720905303955
2016-11-14,3.2829718589782715
2016-11-16,3.2655065059661865
2016-11-17,3.270853281021118
2016-11-18,3.3257479667663574
2016-11-21,3.42020845413208
2016-11-22,3.4405269622802734
2016-11-23,3.5071842670440674
2016-11-24,3.471895694732666
2016-11-25,3.471895694732666
2016-11-28,3.5007681846618652
2016-11-29,3.6055667400360107
2016-11-30,3.7071571350097656
2016-12-01,3.5823967456817627
2016-12-02,3.52892804145813
2016-12-05,3.4861536026000977
2016-12-06,3.6340837478637695
2016-12-07,3.648341417312622
2016-12-08,3.7567050457000732
2016-12-09,3.7855782508850098
2016-12-12,3.6896908283233643
2016-12-13,3.7534961700439453
2016-12-14,3.671868085861206
2016-12-15,3.7837955951690674
2016-12-16,3.8140947818756104
2016-12-19,3.735673427581787
2016-12-20,3.6982457637786865
2016-12-21,3.7934200763702393
2016-12-22,3.7695372104644775
2016-12-23,3.7713186740875244
2016-12-26,3.7784488201141357
2016-12-27,3.7392385005950928
2016-12-28,3.7830822467803955
2016-12-29,3.7845089435577393
2017-01-02,3.62552809715271
2017-01-03,3.614478349685669
2017-01-04,3.4219915866851807
2017-01-05,3.5396220684051514
2017-01-06,3.51680850982666
2017-01-09,3.356759548187256
2017-01-10,3.4366061687469482
2017-01-11,3.4754598140716553
2017-01-12,3.7071571350097656
2017-01-13,3.7784488201141357
2017-01-16,3.703948736190796
2017-01-17,3.7784488201141357
2017-01-18,3.7980539798736572
2017-01-19,3.828352689743042
2017-01-20,4.273923873901367
2017-01-23,4.455718040466309
2017-01-24,4.649630069732666
2017-01-26,4.545544624328613
2017-01-27,4.430408954620361
2017-01-30,4.156293869018555
2017-01-31,4.562298774719238
2017-02-01,4.527009010314941
2017-02-02,4.527009010314941
2017-02-03,4.527009010314941
2017-02-06,4.954402446746826
2017-02-07,4.99040412902832
2017-02-08,4.883466720581055
2017-02-09,4.883466720581055
2017-02-10,4.929093360900879
2017-02-13,5.418152809143066
2017-02-14,5.329038143157959
2017-02-15,5.489444255828857
2017-02-16,5.560735702514648
2017-02-17,5.829860687255859
2017-02-20,6.273650169372559
2017-02-21,6.826159954071045
2017-02-22,6.903512001037598
2017-02-23,7.3102288246154785
2017-02-24,7.4182353019714355
2017-03-01,7.663835048675537
2017-03-02,7.057857036590576
2017-03-03,6.951275825500488
2017-03-06,6.951633453369141
2017-03-07,6.598026752471924
2017-03-08,6.273650169372559
2017-03-09,6.611929893493652
2017-03-10,6.095421314239502
2017-03-13,6.061914920806885
2017-03-14,6.166713237762451
2017-03-15,6.262600421905518
2017-03-16,6.984784126281738
2017-03-17,6.555252552032471
2017-03-20,6.969099044799805
2017-03-21,6.558817386627197
2017-03-22,6.500357151031494
2017-03-23,6.737044811248779
2017-03-24,6.4910888671875
2017-03-27,6.469703197479248
2017-03-28,6.296820163726807
2017-03-29,6.428709983825684
2017-03-30,6.451879978179932
2017-03-31,6.312861442565918
2017-04-03,6.522815227508545
2017-04-04,6.55133056640625
2017-04-05,6.659693717956543
2017-04-06,6.701399803161621
2017-04-07,6.685359001159668
2017-04-10,6.594462871551514
2017-04-11,6.676804542541504
2017-04-12,6.397341728210449
2017-04-13,6.131424427032471
2017-04-17,6.7637786865234375
2017-04-18,7.0182905197143555
2017-04-19,7.34302282333374
2017-04-20,7.635318279266357
2017-04-24,7.4856061935424805
2017-04-25,7.467782974243164
2017-04-26,7.5629658699035645
2017-04-27,7.951250076293945
2017-04-28,7.980263710021973
2017-05-02,8.201988220214844
2017-05-03,8.238525390625
2017-05-04,8.131065368652344
2017-05-05,9.27729606628418
2017-05-08,9.420574188232422
2017-05-09,9.715011596679688
2017-05-10,10.029509544372559
2017-05-11,9.438483238220215
2017-05-12,9.49221420288086
2017-05-15,9.760859489440918
2017-05-16,10.10114860534668
2017-05-17,10.048852920532227
2017-05-18,8.417621612548828
2017-05-19,8.901188850402832
2017-05-22,7.947667598724365
2017-05-23,8.664421081542969
2017-05-24,8.943455696105957
2017-05-25,8.909425735473633
2017-05-26,9.134016990661621
2017-05-29,9.134016990661621
2017-05-30,9.313115119934082
2017-05-31,8.990737915039062
2017-06-01,8.869667053222656
2017-06-02,8.650450706481934
2017-06-05,8.488903999328613
2017-06-06,8.489262580871582
2017-06-07,8.936651229858398
2017-06-08,9.213179588317871
2017-06-09,9.026558876037598
2017-06-12,8.894383430480957
2017-06-13,9.158015251159668
2017-06-14,9.205657005310059
2017-06-15,9.205657005310059
2017-06-16,9.27729606628418
2017-06-19,9.205657005310059
2017-06-20,8.806983947753906
2017-06-21,8.7758207321167
2017-06-22,8.560901641845703
2017-06-23,8.764716148376465
2017-06-26,8.990737915039062
2017-06-27,8.811639785766602
2017-06-28,8.632542610168457
2017-06-29,8.900471687316895
2017-06-30,9.169836044311523
2017-07-03,9.313115119934082
2017-07-04,9.313115119934082
2017-07-05,9.313115119934082
2017-07-06,9.291624069213867
2017-07-07,10.22615909576416
2017-07-10,10.667816162109375
2017-07-11,10.888822555541992
2017-07-12,11.283196449279785
2017-07-13,10.81754207611084
2017-07-14,11.31901741027832
2017-07-17,11.821924209594727
2017-07-18,12.321967124938965
2017-07-19,12.361370086669922
2017-07-20,12.47885799407959
2017-07-21,12.003173828125
2017-07-24,11.999590873718262
2017-07-25,12.408294677734375
2017-07-26,12.313013076782227
2017-07-27,12.465962409973145
2017-07-28,13.132566452026367
2017-07-31,13.141520500183105
2017-08-01,13.265816688537598
2017-08-02,13.3206205368042
2017-08-03,13.340680122375488
2017-08-04,14.077130317687988
2017-08-07,14.32787036895752
2017-08-08,14.12656307220459
2017-08-09,14.523801803588867
2017-08-10,14.205007553100586
2017-08-11,14.828272819519043
2017-08-14,15.963394165039062
2017-08-15,16.27144432067871
2017-08-16,17.55164337158203
2017-08-17,16.154672622680664
2017-08-18,16.40540885925293
2017-08-21,16.942707061767578
2017-08-22,16.762531280517578
2017-08-23,16.587730407714844
2017-08-24,17.08956527709961
2017-08-25,17.149385452270508
2017-08-28,17.694561004638672
2017-08-29,17.766559600830078
2017-08-30,18.447132110595703
2017-08-31,20.3455753326416
2017-09-01,20.207313537597656
2017-09-04,22.27231216430664
2017-09-05,23.497705459594727
2017-09-06,24.474864959716797
2017-09-07,24.474864959716797
2017-09-08,22.615108489990234
2017-09-11,22.43744468688965
2017-09-12,19.7781925201416
2017-09-13,20.718097686767578
2017-09-14,23.497705459594727
2017-09-15,23.838706970214844
2017-09-18,23.28278923034668
2017-09-19,22.595050811767578
2017-09-20,21.635086059570312
2017-09-21,21.815616607666016
2017-09-22,21.50613021850586
2017-09-25,20.574819564819336
2017-09-26,21.202383041381836
2017-09-27,19.574737548828125
2017-09-28,20.273935317993164
2017-09-29,21.26542091369629
2017-10-02,22.317089080810547
2017-10-03,22.635169982910156
2017-10-04,22.78131103515625
2017-10-05,22.466096878051758
2017-10-06,22.838624954223633
2017-10-09,22.29129981994629
2017-10-10,22.815698623657227
2017-10-11,22.064918518066406
2017-10-12,22.064918518066406
2017-10-13,20.832721710205078
2017-10-16,19.858427047729492
2017-10-17,18.282360076904297
2017-10-18,20.265338897705078
2017-10-19,20.05615234375
2017-10-20,20.76108169555664
2017-10-23,19.829771041870117
2017-10-24,19.715150833129883
2017-10-25,19.72087860107422
2017-10-26,18.821090698242188
2017-10-27,18.339672088623047
2017-10-30,18.124757766723633
2017-10-31,18.268033981323242
2017-11-01,19.19647789001465
2017-11-02,19.19647789001465
2017-11-03,17.631877899169922
2017-11-06,16.333770751953125
2017-11-07,14.777765274047852
2017-11-08,15.7950439453125
2017-11-09,14.820749282836914
2017-11-10,14.058505058288574
2017-11-13,14.65454387664795
2017-11-14,15.737730979919434
2017-11-15,15.737730979919434
2017-11-16,16.333770751953125
2017-11-17,16.99285316467285
2017-11-20,16.99285316467285
2017-11-21,17.36537742614746
2017-11-22,17.288007736206055
2017-11-23,16.82378387451172
2017-11-24,17.608949661254883
2017-11-27,17.075952529907227
2017-11-28,16.840978622436523
2017-11-29,16.67763900756836
2017-11-30,16.28219223022461
2017-12-01,16.680505752563477
2017-12-04,16.534360885620117
2017-12-05,16.477052688598633
2017-12-06,16.70916175842285
2017-12-07,18.47148895263672
2017-12-08,20.04755401611328
2017-12-11,19.9902400970459
2017-12-12,19.978784561157227
2017-12-13,19.715150833129883
2017-12-14,19.829771041870117
2017-12-15,19.88994789123535
2017-12-18,19.7122859954834
2017-12-19,19.176422119140625
2017-12-20,20.068912506103516
2017-12-21,20.81551742553711
2017-12-22,21.002887725830078
2017-12-25,21.002887725830078
2017-12-26,21.76102066040039
2017-12-27,22.282779693603516
2017-12-28,23.124507904052734
2017-12-29,23.124507904052734
2018-01-02,22.85930633544922
2018-01-03,22.571041107177734
2018-01-04,23.112979888916016
2018-01-05,22.657522201538086
2018-01-08,22.6604061126709
2018-01-09,22.115589141845703
2018-01-10,22.34043312072754
2018-01-11,22.380788803100586
2018-01-12,22.35772705078125
2018-01-15,22.744003295898438
2018-01-16,22.68634796142578
2018-01-17,22.70941162109375
2018-01-18,22.337547302246094
2018-01-19,22.12423324584961
2018-01-22,22.196300506591797
2018-01-23,21.55059242248535
2018-01-24,23.34647560119629
2018-01-25,23.34647560119629
2018-01-26,23.86823081970215
2018-01-29,24.387102127075195
2018-01-30,24.404399871826172
2018-01-31,24.375574111938477
2018-02-01,24.750314712524414
2018-02-02,24.173789978027344
2018-02-05,23.242698669433594
2018-02-06,23.533843994140625
2018-02-07,22.7728271484375
2018-02-08,21.90803337097168
2018-02-09,21.299800872802734
2018-02-14,21.533294677734375
2018-02-15,22.83336639404297
2018-02-16,22.6604061126709
2018-02-19,23.712566375732422
2018-02-20,23.92300033569336
2018-02-21,22.928491592407227
2018-02-22,23.470422744750977
2018-02-23,25.0760555267334
2018-02-26,27.189023971557617
2018-02-27,26.376123428344727
2018-02-28,26.246402740478516
2018-03-01,26.5721435546875
2018-03-02,26.76239776611328
2018-03-05,26.059032440185547
2018-03-06,25.707351684570312
2018-03-07,25.952375411987305
2018-03-08,25.436382293701172
2018-03-09,26.145509719848633
2018-03-12,26.687448501586914
2018-03-13,26.39053726196289
2018-03-14,25.857250213623047
2018-03-15,26.231992721557617
2018-03-16,26.722036361694336
2018-03-19,26.145509719848633
2018-03-20,25.943729400634766
2018-03-21,26.808517456054688
2018-03-22,27.497468948364258
2018-03-23,27.327392578125
2018-03-26,28.82636070251465
2018-03-27,27.875093460083008
2018-03-28,27.961572647094727
2018-03-29,28.223894119262695
2018-04-02,28.226776123046875
2018-04-03,27.961572647094727
2018-04-04,27.817445755004883
2018-04-05,28.448741912841797
2018-04-06,28.278663635253906
2018-04-09,27.854915618896484
2018-04-10,27.356218338012695
2018-04-11,27.924102783203125
2018-04-12,28.685115814208984
2018-04-13,28.3218994140625
2018-04-16,27.722312927246094
2018-04-17,28.038679122924805
2018-04-18,27.662904739379883
2018-04-19,27.281343460083008
2018-04-20,28.012662887573242
2018-04-23,28.86827850341797
2018-04-24,29.22670555114746
2018-04-25,29.322099685668945
2018-04-26,30.20661735534668
2018-04-27,30.437864303588867
2018-04-30,30.845436096191406
2018-05-02,29.628503799438477
2018-05-03,28.09649085998535
2018-05-04,28.241018295288086
2018-05-07,27.995323181152344
2018-05-08,32.08260726928711
2018-05-09,32.556663513183594
2018-05-10,31.651912689208984
2018-05-11,31.406211853027344
2018-05-14,31.261682510375977
2018-05-15,30.77606201171875
2018-05-16,32.43526077270508
2018-05-17,31.60855484008789
2018-05-18,30.37716293334961
2018-05-21,31.660579681396484
2018-05-22,32.95267105102539
2018-05-23,32.339866638183594
2018-05-24,32.66072463989258
2018-05-25,32.37455368041992
2018-05-28,30.351144790649414
2018-05-29,30.203725814819336
2018-05-30,31.339723587036133
2018-06-01,33.377586364746094
2018-06-04,35.9415397644043
2018-06-05,34.98186492919922
2018-06-06,33.04806900024414
2018-06-07,30.755828857421875
2018-06-08,30.49278450012207
2018-06-11,30.703800201416016
2018-06-12,31.796438217163086
2018-06-13,32.49307632446289
2018-06-14,34.51359176635742
2018-06-15,34.63500213623047
2018-06-18,34.04531478881836
2018-06-19,35.74497985839844
2018-06-20,35.17552947998047
2018-06-21,35.15241241455078
2018-06-22,35.4992790222168
2018-06-25,35.48193359375
2018-06-26,35.76810836791992
2018-06-27,35.12928771972656
2018-06-28,35.71318054199219
2018-06-29,36.996604919433594
2018-07-02,36.256614685058594
2018-07-03,35.996463775634766
2018-07-04,35.944435119628906
2018-07-05,34.68701934814453
2018-07-06,35.178428649902344
2018-07-10,34.12335968017578
2018-07-11,33.10009765625
2018-07-12,35.661155700683594
2018-07-13,36.31731414794922
2018-07-16,36.92433547973633
2018-07-17,38.15572738647461
2018-07-18,36.695980072021484
2018-07-19,37.27988052368164
2018-07-20,37.85799789428711
2018-07-23,37.52558135986328
2018-07-24,38.66447067260742
2018-07-25,38.44478988647461
2018-07-26,38.02565002441406
2018-07-27,37.51979446411133
2018-07-30,37.57761001586914
2018-07-31,38.23088073730469
2018-08-01,38.80900192260742
2018-08-02,39.55766677856445
2018-08-03,39.58945083618164
2018-08-06,39.890071868896484
2018-08-07,42.173641204833984
2018-08-08,40.47687530517578
2018-08-09,42.48871612548828
2018-08-10,40.187808990478516
2018-08-13,40.757259368896484
2018-08-14,41.000064849853516
2018-08-15,40.083744049072266
2018-08-16,39.398681640625
2018-08-17,38.63267517089844
2018-08-20,39.99702835083008
2018-08-21,38.28291320800781
2018-08-22,38.803218841552734
2018-08-23,38.3782958984375
2018-08-24,38.15572738647461
2018-08-27,37.988075256347656
2018-08-28,37.38683319091797
2018-08-29,38.18752670288086
2018-08-30,36.88386535644531
2018-08-31,37.64987564086914
2018-09-03,36.55434036254883
2018-09-04,34.10891342163086
2018-09-05,35.21600341796875
2018-09-06,36.19012451171875
2018-09-10,35.224674224853516
2018-09-11,34.426876068115234
2018-09-12,34.51359176635742
2018-09-13,33.36602020263672
2018-09-14,33.530792236328125
2018-09-17,34.36616897583008
2018-09-18,35.967559814453125
2018-09-19,34.40085983276367
2018-09-20,34.250553131103516
2018-09-21,35.843257904052734
2018-09-24,35.08881759643555
2018-09-25,35.594669342041016
2018-09-26,35.308502197265625
2018-09-27,35.89240646362305
2018-09-28,35.40678024291992
2018-10-01,35.44725036621094
2018-10-02,37.693233489990234
2018-10-03,40.27742004394531
2018-10-04,40.323665618896484
2018-10-05,41.04631423950195
2018-10-08,42.93675231933594
2018-10-09,43.416587829589844
2018-10-10,41.52326202392578
2018-10-11,43.56112289428711
2018-10-15,43.35878372192383
2018-10-16,46.01811981201172
2018-10-17,46.755218505859375
2018-10-18,46.50374221801758
2018-10-19,48.850894927978516
2018-10-22,48.30168533325195
2018-10-23,48.86824035644531
2018-10-24,48.56183624267578
2018-10-25,48.625423431396484
2018-10-26,48.2149658203125
2018-10-29,48.11379623413086
2018-10-30,48.92893981933594
2018-10-31,48.793087005615234
2018-11-01,49.11971664428711
2018-11-05,49.99556350708008
2018-11-06,45.8157844543457
2018-11-07,43.618934631347656
2018-11-08,42.65636444091797
2018-11-09,42.31817626953125
2018-11-12,44.382049560546875
2018-11-13,44.3444709777832
2018-11-14,44.94860076904297
2018-11-16,45.237667083740234
2018-11-19,45.13649368286133
2018-11-21,44.87345504760742
2018-11-22,46.24937057495117
2018-11-23,46.92865753173828
2018-11-26,45.72038650512695
2018-11-27,48.78440856933594
2018-11-28,49.1544075012207
2018-11-29,49.49838638305664
2018-11-30,47.58771514892578
2018-12-03,46.86505889892578
2018-12-04,47.636844635009766
2018-12-05,47.66864013671875
2018-12-06,47.79004669189453
2018-12-07,47.506771087646484
2018-12-10,46.402565002441406
2018-12-11,47.51832962036133
2018-12-12,48.56183624267578
2018-12-13,48.41730499267578
2018-12-14,49.31338882446289
2018-12-17,49.16018295288086
2018-12-18,50.84539794921875
2018-12-19,51.166255950927734
2018-12-20,51.43507385253906
2018-12-21,52.828338623046875
2018-12-26,51.0939826965332
2018-12-27,50.29618835449219
2018-12-28,52.3398323059082
2019-01-02,53.93856430053711
2019-01-03,53.3614387512207
2019-01-04,51.73740768432617
2019-01-07,52.54072189331055
2019-01-08,52.117313385009766
2019-01-09,51.94330596923828
2019-01-10,52.44792556762695
2019-01-11,51.50539779663086
2019-01-14,51.91140365600586
2019-01-15,51.322689056396484
2019-01-16,50.751373291015625
2019-01-17,50.60057067871094
2019-01-18,50.51936721801758
2019-01-21,48.431312561035156
2019-01-22,46.99576950073242
2019-01-23,49.185333251953125
2019-01-24,48.57051467895508
2019-01-28,48.54151153564453
2019-01-29,51.650394439697266
2019-01-30,51.08488082885742
2019-01-31,51.93170928955078
2019-02-01,51.85340118408203
2019-02-04,51.351688385009766
2019-02-05,50.89638137817383
2019-02-06,49.21432876586914
2019-02-07,48.37331008911133
2019-02-08,49.301334381103516
2019-02-11,47.946998596191406
2019-02-12,47.79329299926758
2019-02-13,46.77826690673828
2019-02-14,49.50143814086914
2019-02-15,47.55258560180664
2019-02-18,48.87792205810547
2019-02-19,49.202735900878906
2019-02-20,47.126277923583984
2019-02-21,46.72026824951172
2019-02-22,51.5923957824707
2019-02-25,50.37436294555664
2019-02-26,51.76639938354492
2019-02-27,51.0413818359375
2019-02-28,50.30476760864258
2019-03-01,50.81517791748047
2019-03-06,49.768245697021484
2019-03-07,51.37489318847656
2019-03-08,52.4392204284668
2019-03-11,52.94673156738281
2019-03-12,51.8679084777832
2019-03-13,51.4125862121582
2019-03-14,51.18638229370117
2019-03-15,51.38649368286133
2019-03-18,52.323219299316406
2019-03-19,52.40442657470703
2019-03-20,52.67412567138672
2019-03-21,52.85393142700195
2019-03-22,50.25836181640625
2019-03-25,50.2032585144043
2019-03-26,51.212486267089844
2019-03-27,48.721317291259766
2019-03-28,49.53044128417969
2019-03-29,50.12786102294922
2019-04-01,49.67544937133789
2019-04-02,48.1848030090332
2019-04-03,49.03162384033203
2019-04-04,49.01132583618164
2019-04-05,49.29843521118164
2019-04-08,48.35591125488281
2019-04-09,48.231204986572266
2019-04-10,48.9243278503418
2019-04-11,48.14130783081055
2019-04-12,47.80199432373047
2019-04-15,47.41627502441406
2019-04-16,47.2913703918457
2019-04-17,46.454254150390625
2019-04-18,49.64576721191406
2019-04-22,48.599365234375
2019-04-23,49.70389938354492
2019-04-24,50.12826919555664
2019-04-25,50.86656188964844
2019-04-26,52.01469421386719
2019-04-29,51.886802673339844
2019-04-30,55.592796325683594
2019-05-02,55.441646575927734
2019-05-03,57.04322052001953
2019-05-06,58.19425964355469
2019-05-07,55.85148620605469
2019-05-08,56.24388885498047
2019-05-09,54.034828186035156
2019-05-10,54.209224700927734
2019-05-13,52.325706481933594
2019-05-14,51.81123352050781
2019-05-15,50.28523254394531
2019-05-16,48.54123306274414
2019-05-17,49.070247650146484
2019-05-20,50.28523254394531
2019-05-21,52.148406982421875
2019-05-22,52.3925666809082
2019-05-23,52.45069122314453
2019-05-24,51.404300689697266
2019-05-27,51.73855972290039
2019-05-28,54.935890197753906
2019-05-29,55.01436996459961
2019-05-30,56.06658172607422
2019-05-31,56.970550537109375
2019-06-03,56.60430908203125
2019-06-04,56.54036331176758
2019-06-05,55.57244873046875
2019-06-06,55.22945785522461
2019-06-07,57.682682037353516
2019-06-10,58.85987854003906
2019-06-11,60.22310256958008
2019-06-12,59.04009246826172
2019-06-13,60.92652130126953
2019-06-14,61.496219635009766
2019-06-17,60.313209533691406
2019-06-18,60.48760986328125
2019-06-19,61.03987503051758
2019-06-21,61.810142517089844
2019-06-24,61.034061431884766
2019-06-25,60.025455474853516
2019-06-26,60.5893440246582
2019-06-27,60.64747619628906
2019-06-28,61.365421295166016
2019-07-01,61.0980110168457
2019-07-02,61.75491714477539
2019-07-03,64.193603515625
2019-07-04,64.26627349853516
2019-07-05,65.71377563476562
2019-07-08,66.67880249023438
2019-07-10,67.87052917480469
2019-07-11,67.0770034790039
2019-07-12,67.44906616210938
2019-07-15,67.04212188720703
2019-07-16,68.01586151123047
2019-07-17,71.03588104248047
2019-07-18,71.79451751708984
2019-07-19,69.19305419921875
2019-07-22,71.89624786376953
2019-07-23,70.34119415283203
2019-07-24,71.4486312866211
2019-07-25,71.0620346069336
2019-07-26,73.24785614013672
2019-07-29,76.67771911621094
2019-07-30,76.89571380615234
2019-07-31,76.65445709228516
2019-08-01,80.3691635131836
2019-08-02,82.41837310791016
2019-08-05,80.22383880615234
2019-08-06,85.1070327758789
2019-08-07,84.43267822265625
2019-08-08,86.36270904541016
2019-08-09,87.85091400146484
2019-08-12,84.68846893310547
2019-08-13,88.01368713378906
2019-08-14,85.92088317871094
2019-08-15,84.43267822265625
2019-08-16,87.33934020996094
2019-08-19,87.9671859741211
2019-08-20,84.94425964355469
2019-08-21,84.96749877929688
2019-08-22,80.06107330322266
2019-08-23,78.54959869384766
2019-08-26,78.36357116699219
2019-08-27,79.54949951171875
2019-08-28,81.17721557617188
2019-08-29,86.6417465209961
2019-08-30,84.38618469238281
2019-09-02,85.13027954101562
2019-09-03,83.43280029296875
2019-09-04,86.50223541259766
2019-09-05,85.33956909179688
2019-09-06,83.71183776855469
2019-09-09,79.52623748779297
2019-09-10,75.57318115234375
2019-09-11,80.45636749267578
2019-09-12,81.3864974975586
2019-09-13,79.293701171875
2019-09-16,81.0842056274414
2019-09-17,81.03771209716797
2019-09-18,81.5260238647461
2019-09-19,83.27001190185547
2019-09-20,85.01402282714844
2019-09-23,83.68859100341797
2019-09-24,85.50233459472656
2019-09-25,85.38607025146484
2019-09-26,85.03726959228516
2019-09-27,85.57209777832031
2019-09-30,86.13015747070312
2019-10-01,87.08354949951172
2019-10-02,84.87449645996094
2019-10-03,86.7347640991211
2019-10-04,90.17623901367188
2019-10-07,89.2926254272461
2019-10-08,88.53219604492188
2019-10-09,92.37635040283203
2019-10-10,90.72219848632812
2019-10-11,94.35667419433594
2019-10-14,98.24742889404297
2019-10-15,97.38540649414062
2019-10-16,99.62200927734375
2019-10-17,100.57722473144531
2019-10-18,100.18115997314453
2019-10-21,100.41415405273438
2019-10-22,101.85861206054688
2019-10-23,101.32276916503906
2019-10-24,100.76361083984375
2019-10-25,97.85136413574219
2019-10-28,99.4123306274414
2019-10-29,95.87104034423828
2019-10-30,102.55754852294922
2019-10-31,104.00203704833984
2019-11-01,109.94300079345703
2019-11-04,104.77086639404297
2019-11-05,102.6041488647461
2019-11-06,105.30670928955078
2019-11-07,102.97691345214844
2019-11-08,102.06830596923828
2019-11-11,104.88733673095703
2019-11-12,101.11308288574219
2019-11-13,99.01626586914062
2019-11-14,103.0934066772461
2019-11-18,104.79415130615234
2019-11-19,103.72244262695312
2019-11-21,104.84075164794922
2019-11-22,105.98234558105469
2019-11-25,103.20989227294922
2019-11-26,100.27436065673828
2019-11-27,106.23863220214844
2019-11-28,106.23863220214844
2019-11-29,104.91064453125
2019-12-02,104.65437316894531
2019-12-03,103.88553619384766
2019-12-04,102.67404174804688
2019-12-05,104.58446502685547
2019-12-06,105.77266693115234
2019-12-09,106.8210678100586
2019-12-10,108.56842803955078
2019-12-11,110.85162353515625
2019-12-12,111.43406677246094
2019-12-13,114.3230209350586
2019-12-16,114.85887145996094
2019-12-17,111.55056762695312
2019-12-18,113.06492614746094
2019-12-19,113.27460479736328
2019-12-20,113.2047119140625
2019-12-23,113.55418395996094
2019-12-26,114.3696060180664
2019-12-27,113.5308837890625
2019-12-30,111.1312026977539
2020-01-02,115.01505279541016
2020-01-03,113.98916625976562
2020-01-06,114.08245086669922
2020-01-07,113.75602722167969
2020-01-08,117.25334167480469
2020-01-09,121.42680358886719
2020-01-10,120.77397155761719
2020-01-13,126.43961334228516
2020-01-14,125.90335845947266
2020-01-15,125.11064147949219
2020-01-16,124.64433288574219
2020-01-17,126.71941375732422
2020-01-20,130.5664520263672
2020-01-21,130.3566131591797
2020-01-22,129.84368896484375
2020-01-23,131.9187469482422
2020-01-24,130.9161834716797
2020-01-27,125.43705749511719
2020-01-28,132.8746795654297
2020-01-29,133.5741424560547
2020-01-30,131.73223876953125
2020-01-31,130.10012817382812
2020-02-03,131.8021697998047
2020-02-04,134.4368133544922
2020-02-05,133.5974578857422
2020-02-06,130.1700897216797
2020-02-07,126.43961334228516
2020-02-10,122.12626647949219
2020-02-11,126.53288269042969
2020-02-12,130.4265594482422
2020-02-13,133.01458740234375
2020-02-14,131.3358612060547
2020-02-17,137.21136474609375
2020-02-18,135.7424774169922
2020-02-19,134.90313720703125
2020-02-20,131.82546997070312
2020-02-21,131.61566162109375
2020-02-26,123.29203796386719
2020-02-27,117.16007995605469
2020-02-28,117.78959655761719
2020-03-02,122.52262878417969
2020-03-03,123.22209167480469
2020-03-04,122.28947448730469
2020-03-05,111.42448425292969
2020-03-06,105.68887329101562
2020-03-09,94.10110473632812
2020-03-10,109.55923461914062
2020-03-11,100.44290924072266
2020-03-12,79.27249145507812
2020-03-13,97.92483520507812
2020-03-16,79.43569946289062
2020-03-17,82.93302154541016
2020-03-18,67.17176818847656
2020-03-19,71.22866821289062
2020-03-20,71.46182250976562
2020-03-23,70.43594360351562
2020-03-24,85.52102661132812
2020-03-25,93.26175689697266
2020-03-26,95.87307739257812
2020-03-27,90.93020629882812
2020-03-30,96.99223327636719
2020-03-31,90.9068832397461
2020-04-01,87.38626098632812
2020-04-02,83.67910766601562
2020-04-03,82.8630599975586
2020-04-06,89.06497955322266
2020-04-07,93.47159576416016
2020-04-08,97.83158111572266
2020-04-09,97.10879516601562
2020-04-13,97.71500396728516
2020-04-14,100.02323913574219
2020-04-15,102.23820495605469
2020-04-16,106.24845123291016
2020-04-17,103.96353149414062
2020-04-20,113.03324127197266
2020-04-22,117.85954284667969
2020-04-23,115.34147644042969
2020-04-24,110.46854400634766
2020-04-27,115.41141510009766
2020-04-28,120.77397155761719
2020-04-29,118.02274322509766
2020-04-30,115.87772369384766
2020-05-04,119.93461608886719
2020-05-05,117.04349517822266
2020-05-06,128.58465576171875
2020-05-07,132.4083709716797
2020-05-08,129.49392700195312
2020-05-11,128.1183319091797
2020-05-12,127.76859283447266
2020-05-13,128.4680633544922
2020-05-14,129.4006805419922
2020-05-15,128.5380096435547
2020-05-18,129.9835662841797
2020-05-19,136.58184814453125
2020-05-20,132.6648406982422
2020-05-21,135.9056854248047
2020-05-22,134.41351318359375
2020-05-25,140.8252410888672
2020-05-26,150.33795166015625
2020-05-27,157.05279541015625
2020-05-28,152.1332244873047
2020-05-29,150.0348358154297
2020-06-01,148.51934814453125
2020-06-02,144.08941650390625
2020-06-03,145.44171142578125
2020-06-04,141.03509521484375
2020-06-05,138.61029052734375
2020-06-08,145.44171142578125
2020-06-09,145.44171142578125
2020-06-10,150.61773681640625
2020-06-12,149.1022186279297
2020-06-15,153.5321502685547
2020-06-16,153.8819122314453
2020-06-17,156.65640258789062
2020-06-18,162.50860595703125
2020-06-19,166.4722442626953
2020-06-22,165.3064422607422
2020-06-23,163.7909698486328
2020-06-24,162.7417755126953
2020-06-25,162.4853057861328
2020-06-26,161.6925811767578
2020-06-29,164.16400146484375
2020-06-30,167.05511474609375
2020-07-01,168.57061767578125
2020-07-02,163.44122314453125
2020-07-03,167.87115478515625
2020-07-06,167.84783935546875
2020-07-07,174.21295166015625
2020-07-08,178.82940673828125
2020-07-09,185.1245880126953
2020-07-10,186.9431915283203
2020-07-13,187.68927001953125
2020-07-14,187.68927001953125
2020-07-15,190.02081298828125
2020-07-16,186.9431915283203
2020-07-17,191.1865997314453
2020-07-20,202.84432983398438
2020-07-21,196.5491485595703
2020-07-22,197.36520385742188
2020-07-23,187.4561004638672
2020-07-24,185.7541046142578
2020-07-27,185.00799560546875
2020-07-28,187.4561004638672
2020-07-29,187.01312255859375
2020-07-30,194.1942901611328
2020-07-31,188.3918914794922
2020-08-03,192.7334747314453
2020-08-04,192.570068359375
2020-08-05,193.7371826171875
2020-08-06,200.52964782714844
2020-08-07,199.92274475097656
2020-08-10,191.23960876464844
2020-08-11,189.04547119140625
2020-08-12,186.8746795654297
2020-08-13,187.78501892089844
2020-08-14,190.8427734375
2020-08-17,190.58604431152344
2020-08-18,208.90936279296875
2020-08-19,209.37620544433594
2020-08-20,203.89088439941406
2020-08-21,203.89088439941406
2020-08-24,203.26065063476562
2020-08-25,205.4080810546875
2020-08-26,210.42657470703125
2020-08-27,214.69813537597656
2020-08-28,220.7670135498047
2020-08-31,217.59251403808594
2020-09-01,222.51763916015625
2020-09-02,218.26943969726562
2020-09-03,206.57518005371094
2020-09-04,207.2053985595703
2020-09-08,204.6844940185547
2020-09-09,212.87747192382812
2020-09-10,205.99163818359375
2020-09-11,204.4043731689453
2020-09-14,210.77671813964844
2020-09-15,209.09609985351562
2020-09-16,208.13909912109375
2020-09-17,203.30731201171875
2020-09-18,203.4473876953125
2020-09-21,207.04200744628906
2020-09-22,208.8860321044922
2020-09-23,201.86012268066406
2020-09-24,208.44252014160156
2020-09-25,211.54698181152344
2020-09-28,204.17095947265625
2020-09-29,204.19432067871094
2020-09-30,208.2091064453125
2020-10-01,214.5113983154297
2020-10-02,205.52479553222656
2020-10-05,210.4032440185547
2020-10-06,208.44252014160156
2020-10-07,207.6022186279297
2020-10-08,214.44137573242188
2020-10-09,229.10003662109375
2020-10-13,242.75502014160156
2020-10-14,239.76727294921875
2020-10-15,238.1800079345703
2020-10-16,240.8876495361328
2020-10-19,239.86061096191406
2020-10-20,243.12847900390625
2020-10-21,244.80909729003906
2020-10-22,243.6886749267578
2020-10-23,242.00807189941406
2020-10-26,237.80654907226562
2020-10-27,237.61981201171875
2020-10-28,229.96368408203125
2020-10-29,236.77951049804688
2020-10-30,229.96368408203125
2020-11-03,233.32492065429688
2020-11-04,244.52899169921875
2020-11-05,256.2932434082031
2020-11-06,255.17286682128906
2020-11-09,246.95654296875
2020-11-10,235.4723663330078
2020-11-11,238.83358764648438
2020-11-12,237.89991760253906
2020-11-13,234.35194396972656
2020-11-16,232.0177764892578
2020-11-17,230.89736938476562
2020-11-18,229.12338256835938
2020-11-19,230.05706787109375
2020-11-23,218.66624450683594
2020-11-24,221.28053283691406
2020-11-25,224.08154296875
2020-11-26,226.4157257080078
2020-11-27,225.85552978515625
2020-11-30,218.2927703857422
2020-12-01,213.62442016601562
2020-12-02,215.21165466308594
2020-12-03,217.54583740234375
2020-12-04,220.9070587158203
2020-12-07,222.21420288085938
2020-12-08,232.95144653320312
2020-12-09,223.8948211669922
2020-12-10,218.47952270507812
2020-12-11,214.65145874023438
2020-12-14,224.54840087890625
2020-12-15,229.77696228027344
2020-12-16,233.04483032226562
2020-12-17,229.12338256835938
2020-12-18,228.9366455078125
2020-12-21,233.4182891845703
2020-12-22,234.9121551513672
2020-12-23,233.13816833496094
2020-12-28,235.75247192382812
2020-12-29,236.03256225585938
2020-12-30,233.19406127929688
2021-01-04,235.53067016601562
2021-01-05,231.41822814941406
2021-01-06,219.26783752441406
2021-01-07,216.46389770507812
2021-01-08,222.81948852539062
2021-01-11,219.54824829101562
2021-01-12,226.18421936035156
2021-01-13,224.50184631347656
2021-01-14,221.7913818359375
2021-01-15,223.94107055664062
2021-01-18,228.5208282470703
2021-01-19,225.06265258789062
2021-01-20,237.58688354492188
2021-01-21,238.24114990234375
2021-01-22,242.91436767578125
2021-01-26,240.67123413085938
2021-01-27,241.0450897216797
2021-01-28,244.78366088867188
2021-01-29,236.18492126464844
2021-02-01,233.0071258544922
2021-02-02,236.46533203125
2021-02-03,239.736572265625
2021-02-04,236.55877685546875
2021-02-05,241.60586547851562
2021-02-08,244.50328063964844
2021-02-09,245.25099182128906
2021-02-10,236.46533203125
2021-02-11,239.736572265625
2021-02-12,242.16665649414062
2021-02-17,238.33460998535156
2021-02-18,234.0352325439453
2021-02-19,233.10060119628906
2021-02-22,226.6515350341797
2021-02-23,232.35287475585938
2021-02-24,230.29666137695312
2021-02-25,224.78225708007812
2021-02-26,225.99728393554688
2021-03-01,229.45547485351562
2021-03-02,226.83847045898438
2021-03-03,234.782958984375
2021-03-04,237.77381896972656
2021-03-05,234.8764190673828
2021-03-08,215.9031219482422
2021-03-09,218.61358642578125
2021-03-10,232.7267303466797
2021-03-11,231.79209899902344
2021-03-12,229.6424102783203
2021-03-15,221.69790649414062
2021-03-16,225.71688842773438
2021-03-17,223.754150390625
2021-03-18,208.23902893066406
2021-03-19,208.33248901367188
2021-03-22,204.78082275390625
2021-03-23,201.04225158691406
2021-03-24,190.38729858398438
2021-03-25,189.73304748535156
2021-03-26,186.7421875
2021-03-29,183.6578369140625
2021-03-30,187.48988342285156
2021-03-31,189.17225646972656
2021-04-01,191.04153442382812
2021-04-05,190.8546142578125
2021-04-06,192.53697204589844
2021-04-07,188.61146545410156
2021-04-08,204.2200469970703
2021-04-09,202.53768920898438
2021-04-12,202.3507537841797
2021-04-13,207.49131774902344
2021-04-14,206.74359130859375
2021-04-15,207.49131774902344
2021-04-16,204.87429809570312
2021-04-19,202.3507537841797
2021-04-20,201.88343811035156
2021-04-22,197.6775360107422
2021-04-23,203.0984649658203
2021-04-26,202.9115447998047
2021-04-27,195.80824279785156
2021-04-28,193.00430297851562
2021-04-29,189.3591766357422
2021-04-30,187.20950317382812
2021-05-03,188.61146545410156
2021-05-04,184.59249877929688
2021-05-05,185.9944610595703
2021-05-06,181.88201904296875
2021-05-07,185.9010009765625
2021-05-10,179.45193481445312
2021-05-11,180.57351684570312
2021-05-12,173.75059509277344
2021-05-13,178.7976837158203
2021-05-14,178.984619140625
2021-05-17,176.27413940429688
2021-05-18,177.30224609375
2021-05-19,174.59178161621094
2021-05-20,175.15257263183594
2021-05-21,173.1898193359375
2021-05-24,186.92910766601562
2021-05-25,187.1160430908203
2021-05-26,183.8447723388672
2021-05-27,183.09706115722656
2021-05-28,189.26571655273438
2021-05-31,188.42454528808594
2021-06-01,190.2003631591797
2021-06-02,191.6023406982422
2021-06-04,194.8735809326172
2021-06-07,194.40628051757812
2021-06-08,196.7428741455078
2021-06-09,189.45265197753906
2021-06-10,189.54612731933594
2021-06-11,190.4807586669922
2021-06-14,192.44351196289062
2021-06-15,195.24745178222656
2021-06-16,189.82650756835938
2021-06-17,199.17295837402344
2021-06-18,196.92982482910156
2021-06-21,198.79910278320312
2021-06-22,195.9951629638672
2021-06-23,192.3500518798828
2021-06-24,202.3507537841797
2021-06-25,199.92066955566406
2021-06-28,201.2291717529297
2021-06-29,202.53768920898438
2021-06-30,197.6775360107422
2021-07-01,193.37815856933594
2021-07-02,202.25729370117188
2021-07-05,199.82720947265625
2021-07-06,197.0726318359375
2021-07-07,205.8646697998047
2021-07-08,205.0228729248047
2021-07-12,206.70645141601562
2021-07-13,210.35421752929688
2021-07-14,214.46963500976562
2021-07-15,221.8586883544922
2021-07-16,223.5422821044922
2021-07-19,216.2467498779297
2021-07-20,218.58506774902344
2021-07-21,218.4915313720703
2021-07-22,217.46267700195312
2021-07-23,211.38307189941406
2021-07-26,206.145263671875
2021-07-27,200.62686157226562
2021-07-28,201.37510681152344
2021-07-29,203.1522216796875
2021-07-30,192.67660522460938
2021-08-02,192.9571990966797
2021-08-03,191.08656311035156
2021-08-04,186.69053649902344
2021-08-05,191.36715698242188
2021-08-06,193.42486572265625
2021-08-09,191.6477508544922
2021-08-10,190.8059539794922
2021-08-11,195.57611083984375
2021-08-12,196.13729858398438
2021-08-13,189.5900421142578
2021-08-16,181.63978576660156
2021-08-17,180.61093139648438
2021-08-18,176.2149200439453
2021-08-19,177.2437744140625
2021-08-20,176.4019775390625
2021-08-23,169.57412719726562
2021-08-24,179.95620727539062
2021-08-25,182.855712890625
2021-08-26,175.84078979492188
2021-08-27,177.99203491210938
2021-08-30,176.58905029296875
2021-08-31,170.6029815673828
2021-09-01,174.71839904785156
2021-09-02,168.4517364501953
2021-09-03,176.77610778808594
2021-09-06,182.20098876953125
2021-09-08,175.74725341796875
2021-09-09,176.30845642089844
2021-09-10,160.6885528564453
2021-09-13,163.12039184570312
2021-09-14,159.2855682373047
2021-09-15,155.45074462890625
2021-09-16,153.1124267578125
2021-09-17,154.9830780029297
2021-09-20,150.11940002441406
2021-09-21,153.29949951171875
2021-09-22,152.8318328857422
2021-09-23,148.43580627441406
2021-09-24,146.1910400390625
2021-09-27,140.39202880859375
2021-09-28,132.62884521484375
2021-09-29,130.3840789794922
2021-09-30,134.1253662109375
2021-10-01,136.08953857421875
2021-10-04,128.2328338623047
2021-10-05,127.95223236083984
2021-10-06,135.2477569580078
2021-10-07,131.22586059570312
2021-10-08,140.0178985595703
2021-10-11,134.49949645996094
2021-10-13,135.62188720703125
2021-10-14,132.53530883789062
2021-10-15,136.18307495117188
2021-10-18,133.56417846679688
2021-10-19,128.41989135742188
2021-10-20,124.1174087524414
2021-10-21,116.07362365722656
2021-10-22,116.16716003417969
2021-10-25,115.41889953613281
2021-10-26,112.0517349243164
2021-10-27,108.49750518798828
2021-10-28,104.2885513305664
2021-10-29,101.10845184326172
2021-11-01,105.69153594970703
2021-11-03,108.02984619140625
2021-11-04,103.63382720947266
2021-11-05,116.3542251586914
2021-11-08,111.58407592773438
2021-11-09,122.80795288085938
2021-11-10,121.77909851074219
2021-11-11,127.67163848876953
2021-11-12,104.2885513305664
2021-11-16,91.10049438476562
2021-11-17,86.70447540283203
2021-11-18,84.0855712890625
2021-11-19,86.70447540283203
2021-11-22,82.68258666992188
2021-11-23,80.43780517578125
2021-11-24,82.49552154541016
2021-11-25,81.37313079833984
2021-11-26,75.3870620727539
2021-11-29,75.19999694824219
2021-11-30,72.9552230834961
2021-12-01,64.3502426147461
2021-12-02,63.22785568237305
2021-12-03,65.94029235839844
2021-12-06,68.27860260009766
2021-12-07,71.27163696289062
2021-12-08,63.695518493652344
2021-12-09,58.738304138183594
2021-12-10,59.58009719848633
2021-12-13,56.58706283569336
2021-12-14,53.687557220458984
2021-12-15,57.709449768066406
2021-12-16,59.860694885253906
2021-12-17,62.29253387451172
2021-12-20,59.20596694946289
2021-12-21,60.04775619506836
2021-12-22,57.61591720581055
2021-12-23,57.990047454833984
2021-12-27,63.414920806884766
2021-12-28,63.88258361816406
2021-12-29,63.22785568237305
2021-12-30,67.53034210205078
2022-01-03,62.853729248046875
2022-01-04,61.82487106323242
2022-01-05,60.04775619506836
2022-01-06,58.457706451416016
2022-01-07,58.1771125793457
2022-01-10,53.687557220458984
2022-01-11,54.903480529785156
2022-01-12,59.01890182495117
2022-01-13,56.96118927001953
2022-01-14,59.20596694946289
2022-01-17,57.24178695678711
2022-01-18,55.090545654296875
2022-01-19,59.01890182495117
2022-01-20,62.19900131225586
2022-01-21,64.53730773925781
2022-01-24,59.76716232299805
2022-01-25,62.853729248046875
2022-01-26,63.13432312011719
2022-01-27,67.53034210205078
2022-01-28,62.760196685791016
2022-01-31,65.4726333618164
2022-02-01,65.566162109375
2022-02-02,60.889549255371094
2022-02-03,61.07661437988281
2022-02-04,59.20596694946289
2022-02-07,59.01890182495117
2022-02-08,61.17014694213867
2022-02-09,61.73133850097656
2022-02-10,64.91143798828125
2022-02-11,59.39303207397461
2022-02-14,60.608951568603516
2022-02-15,63.97611618041992
2022-02-16,63.7890510559082
2022-02-17,62.01193618774414
2022-02-18,59.48656463623047
2022-02-21,56.30646514892578
2022-02-22,56.77412414550781
2022-02-23,55.277610778808594
2022-02-24,57.24178695678711
2022-02-25,56.21293258666992
2022-03-02,59.01890182495117
2022-03-03,59.01890182495117
2022-03-04,58.83183670043945
2022-03-07,54.71641540527344
2022-03-08,56.58706283569336
2022-03-09,58.2706413269043
2022-03-10,55.745269775390625
2022-03-11,53.21989822387695
2022-03-14,49.85273361206055
2022-03-15,45.55024719238281
2022-03-16,47.982086181640625
2022-03-17,51.81691360473633
2022-03-18,54.43581771850586
2022-03-21,53.500492095947266
2022-03-22,54.34228515625
2022-03-23,56.11940002441406
2022-03-24,61.73133850097656
2022-03-25,61.17014694213867
2022-03-28,60.515419006347656
2022-03-29,65.4726333618164
2022-03-30,64.2567138671875
2022-03-31,63.7890510559082
2022-04-01,68.74626159667969
2022-04-04,67.24974822998047
2022-04-05,64.63084411621094
2022-04-06,61.91840362548828
2022-04-07,61.357208251953125
2022-04-08,57.33531951904297
2022-04-11,56.86765670776367
2022-04-12,55.838802337646484
2022-04-13,56.39999771118164
2022-04-14,56.21293258666992
2022-04-18,55.090545654296875
2022-04-19,55.558204650878906
2022-04-20,52.47163772583008
2022-04-22,51.91044616699219
2022-04-25,50.881587982177734
2022-04-26,48.44974899291992
2022-04-27,47.70148849487305
2022-04-28,48.44974899291992
2022-04-29,45.64377975463867
2022-05-02,44.8955192565918
2022-05-03,43.024871826171875
2022-05-04,46.29850387573242
2022-05-05,41.34128952026367
2022-05-06,40.218902587890625
2022-05-09,36.57114028930664
2022-05-10,36.94527053833008
2022-05-11,36.75820541381836
2022-05-12,39.09651565551758
2022-05-13,40.9671630859375
2022-05-16,40.9671630859375
2022-05-17,36.85173797607422
2022-05-18,34.794029235839844
2022-05-19,34.8875617980957
2022-05-20,34.32636642456055
2022-05-23,34.606964111328125
2022-05-24,34.700496673583984
2022-05-25,34.700496673583984
2022-05-26,38.067657470703125
2022-05-27,37.412933349609375
2022-05-30,35.91641616821289
2022-05-31,34.794029235839844
2022-06-01,34.700496673583984
2022-06-02,35.54228591918945
2022-06-03,33.57810592651367
2022-06-06,31.800992965698242
2022-06-07,30.772136688232422
2022-06-08,30.11741065979004
2022-06-09,28.15323257446289
2022-06-10,27.12437629699707
2022-06-13,24.973133087158203
2022-06-14,23.757211685180664
2022-06-15,23.850744247436523
2022-06-17,22.26069450378418
2022-06-20,24.1313419342041
2022-06-21,23.47661590576172
2022-06-22,22.821889877319336
2022-06-23,23.850744247436523
2022-06-24,23.10248565673828
2022-06-27,22.728357315063477
2022-06-28,22.26069450378418
2022-06-29,22.541292190551758
2022-06-30,21.886566162109375
2022-07-01,20.577112197875977
2022-07-04,19.922386169433594
2022-07-05,22.26069450378418
2022-07-06,23.38308334350586
2022-07-07,23.944276809692383
2022-07-08,24.505470275878906
2022-07-11,24.599002838134766
2022-07-12,27.404972076416016
2022-07-13,26.469650268554688
2022-07-14,27.21790885925293
2022-07-15,26.00198745727539
2022-07-18,25.908456802368164
2022-07-19,26.095521926879883
2022-07-20,28.714426040649414
2022-07-21,28.15323257446289
2022-07-22,26.750246047973633
2022-07-25,26.095521926879883
2022-07-26,24.41193962097168
2022-07-27,25.25373077392578
2022-07-28,25.440793991088867
2022-07-29,24.1313419342041
2022-08-01,25.440793991088867
2022-08-02,25.347261428833008
2022-08-03,27.404972076416016
2022-08-04,31.23979949951172
2022-08-05,29.556217193603516
2022-08-08,30.585073471069336
2022-08-09,28.807958602905273
2022-08-10,30.772136688232422
2022-08-11,28.433828353881836
2022-08-12,33.48457336425781
2022-08-15,37.78706359863281
2022-08-16,38.81591796875
2022-08-17,37.599998474121094
2022-08-18,37.69353103637695
2022-08-19,35.355220794677734
2022-08-22,35.72935104370117
2022-08-23,38.81591796875
2022-08-24,42.08955001831055
2022-08-25,43.77313232421875
2022-08-26,42.837806701660156
2022-08-29,42.276615142822266
2022-08-30,42.183082580566406
2022-08-31,39.93830490112305
2022-09-01,40.87363052368164
2022-09-02,39.84477233886719
2022-09-05,40.405967712402344
2022-09-06,37.412933349609375
2022-09-08,40.125370025634766
2022-09-09,40.9671630859375
2022-09-12,44.80198669433594
2022-09-13,43.96019744873047
2022-09-14,41.80895233154297
2022-09-15,40.59303283691406
2022-09-16,41.71541976928711
2022-09-19,42.6507453918457
2022-09-20,41.71541976928711
2022-09-21,44.4278564453125
2022-09-22,43.024871826171875
2022-09-23,43.30546951293945
2022-09-26,41.90248489379883
2022-09-27,39.09651565551758
2022-09-28,40.4995002746582
2022-09-29,37.88059616088867
2022-09-30,41.90248489379883
2022-10-03,45.924373626708984
2022-10-04,47.60795593261719
2022-10-05,47.888553619384766
2022-10-06,50.226863861083984
2022-10-07,49.66566848754883
2022-10-10,49.75920104980469
2022-10-11,48.35621643066406
2022-10-13,46.017906188964844
2022-10-14,40.87363052368164
2022-10-17,40.87363052368164
2022-10-18,40.405967712402344
2022-10-19,39.19004821777344
2022-10-20,38.254722595214844
2022-10-21,38.81591796875
2022-10-24,38.16119384765625
2022-10-25,40.125370025634766
2022-10-26,36.57114028930664
2022-10-27,39.470645904541016
2022-10-28,40.9671630859375
2022-10-31,41.80895233154297
2022-11-01,42.6507453918457
2022-11-03,45.55024719238281
2022-11-04,45.176116943359375
2022-11-07,42.463680267333984
2022-11-08,43.30546951293945
2022-11-09,41.80895233154297
2022-11-10,37.225868225097656
2022-11-11,32.362186431884766
2022-11-14,33.85870361328125
2022-11-16,31.14626693725586
2022-11-17,31.707460403442383
2022-11-18,29.462684631347656
2022-11-21,31.613927841186523
2022-11-22,31.23979949951172
2022-11-23,31.613927841186523
2022-11-24,33.67163848876953
2022-11-25,31.98805809020996
2022-11-28,31.052734375
2022-11-29,31.426864624023438
2022-11-30,31.8945255279541
2022-12-01,28.995023727416992
2022-12-02,30.304475784301758
2022-12-05,28.807958602905273
2022-12-06,29.18208885192871
2022-12-07,27.498506546020508
2022-12-08,26.563182830810547
2022-12-09,26.18905258178711
2022-12-12,26.18905258178711
2022-12-13,26.18905258178711
2022-12-14,24.599002838134766
2022-12-15,24.318405151367188
2022-12-16,22.167163848876953
2022-12-19,24.41193962097168
2022-12-20,26.376117706298828
2022-12-21,24.41193962097168
2022-12-22,24.318405151367188
2022-12-23,25.066665649414062
2022-12-26,24.879600524902344
2022-12-27,23.570148468017578
2022-12-28,25.16019630432129
2022-12-29,25.627859115600586
2023-01-02,24.22487449645996
2023-01-03,23.757211685180664
2023-01-04,23.850744247436523
2023-01-05,24.879600524902344
2023-01-06,25.814924240112305
2023-01-09,26.469650268554688
2023-01-10,28.527360916137695
2023-01-11,28.34029769897461
2023-01-12,29.836814880371094
2023-01-13,32.08158874511719
2023-01-16,36.00994873046875
2023-01-17,35.448753356933594
2023-01-18,33.297508239746094
2023-01-19,35.63581848144531
2023-01-20,35.72935104370117
2023-01-23,37.78706359863281
2023-01-24,41.06069564819336
2023-01-25,40.68656539916992
2023-01-26,40.031837463378906
2023-01-27,42.370147705078125
2023-01-30,40.78009796142578
2023-01-31,41.43482208251953
2023-02-01,40.125370025634766
2023-02-02,40.59303283691406
2023-02-03,39.93830490112305
2023-02-06,38.62885284423828
2023-02-07,37.88059616088867
2023-02-08,39.470645904541016
2023-02-09,38.44178771972656
2023-02-10,37.319400787353516
2023-02-13,38.62885284423828
2023-02-14,37.97412872314453
2023-02-15,36.38407516479492
2023-02-16,35.63581848144531
2023-02-17,34.23283386230469
2023-02-22,32.92338180541992
2023-02-23,33.297508239746094
2023-02-24,33.76517105102539
2023-02-27,34.13930130004883
2023-02-28,33.57810592651367
2023-03-01,30.2109432220459
2023-03-02,29.462684631347656
2023-03-03,28.246763229370117
2023-03-06,29.836814880371094
2023-03-07,30.11741065979004
2023-03-08,32.08158874511719
2023-03-09,31.707460403442383
2023-03-10,31.800992965698242
2023-03-13,34.794029235839844
2023-03-14,34.8875617980957
2023-03-15,35.63581848144531
2023-03-16,36.38407516479492
2023-03-17,35.355220794677734
2023-03-20,34.700496673583984
2023-03-21,34.606964111328125
2023-03-22,33.57810592651367
2023-03-23,29.08855438232422
2023-03-24,30.2109432220459
2023-03-27,31.23979949951172
2023-03-28,31.613927841186523
2023-03-29,31.333330154418945
2023-03-30,32.17512130737305
2023-03-31,30.95920181274414
2023-04-03,30.95920181274414
2023-04-04,30.11741065979004
2023-04-05,30.678604125976562
2023-04-06,31.520395278930664
2023-04-10,31.333330154418945
2023-04-11,35.355220794677734
2023-04-12,36.29054641723633
2023-04-13,36.10348129272461
2023-04-14,34.9810905456543
2023-04-17,34.23283386230469
2023-04-18,33.11044692993164
2023-04-19,30.398008346557617
2023-04-20,30.86566925048828
2023-04-24,31.707460403442383
2023-04-25,30.678604125976562
2023-04-26,29.08855438232422
2023-04-27,29.93034553527832
2023-04-28,31.23979949951172
2023-05-02,30.304475784301758
2023-05-03,31.23979949951172
2023-05-04,33.39104461669922
2023-05-05,35.63581848144531
2023-05-08,36.19701385498047
2023-05-09,38.72238540649414
2023-05-10,40.125370025634766
2023-05-11,40.68656539916992
2023-05-12,40.312435150146484
2023-05-15,40.9671630859375
2023-05-16,31.613927841186523
2023-05-17,31.426864624023438
2023-05-18,33.11044692993164
2023-05-19,34.04576873779297
2023-05-22,35.54228591918945
2023-05-23,34.23283386230469
2023-05-24,33.95223617553711
2023-05-25,35.168155670166016
2023-05-26,35.72935104370117
2023-05-29,35.448753356933594
2023-05-30,34.8875617980957
2023-05-31,35.54228591918945
2023-06-01,37.97412872314453
2023-06-02,37.97412872314453
2023-06-05,36.38407516479492
2023-06-06,37.319400787353516
2023-06-07,36.29054641723633
2023-06-09,37.1323356628418
2023-06-12,37.03880310058594
2023-06-13,35.168155670166016
2023-06-14,35.63581848144531
2023-06-15,35.074623107910156
2023-06-16,34.700496673583984
2023-06-19,34.8875617980957
2023-06-20,34.419898986816406
2023-06-21,35.168155670166016
2023-06-22,33.39104461669922
2023-06-23,33.48457336425781
2023-06-26,31.800992965698242
2023-06-27,31.613927841186523
2023-06-28,31.333330154418945
2023-06-29,32.268653869628906
2023-06-30,31.520395278930664
2023-07-03,32.17512130737305
2023-07-04,31.520395278930664
2023-07-05,31.8945255279541
2023-07-06,29.462684631347656
2023-07-07,29.743282318115234
2023-07-10,28.527360916137695
2023-07-11,28.620893478393555
2023-07-12,27.872634887695312
2023-07-13,28.246763229370117
2023-07-14,27.592037200927734
2023-07-17,27.685569763183594
2023-07-18,27.685569763183594
2023-07-19,27.498506546020508
2023-07-20,27.12437629699707
2023-07-21,28.246763229370117
2023-07-24,28.15323257446289
2023-07-25,28.714426040649414
2023-07-26,28.901491165161133
2023-07-27,29.649749755859375
2023-07-28,29.649749755859375
2023-07-31,31.333330154418945
2023-08-01,32.08158874511719
2023-08-02,31.14626693725586
2023-08-03,29.556217193603516
2023-08-04,28.620893478393555
2023-08-07,28.15323257446289
2023-08-08,27.966167449951172
2023-08-09,27.779102325439453
2023-08-10,26.656715393066406
2023-08-11,26.93731117248535
2023-08-14,26.563182830810547
2023-08-15,25.908456802368164
2023-08-16,27.779102325439453
2023-08-17,26.376117706298828
2023-08-18,28.05970001220703
2023-08-21,28.527360916137695
2023-08-22,28.433828353881836
2023-08-23,28.620893478393555
2023-08-24,28.246763229370117
2023-08-25,27.31144142150879
2023-08-28,27.404972076416016
2023-08-29,27.404972076416016
2023-08-30,27.31144142150879
2023-08-31,25.814924240112305
2023-09-01,26.750246047973633
2023-09-04,26.00198745727539
2023-09-05,25.16019630432129
2023-09-06,24.22487449645996
2023-09-08,23.47661590576172
2023-09-11,23.850744247436523
2023-09-12,24.505470275878906
2023-09-13,24.505470275878906
2023-09-14,24.1313419342041
2023-09-15,23.19601821899414
2023-09-18,24.1313419342041
2023-09-19,23.570148468017578
2023-09-20,23.570148468017578
2023-09-21,21.980098724365234
2023-09-22,20.951242446899414
2023-09-25,20.109451293945312
2023-09-26,19.64179039001465
2023-09-27,19.080596923828125
2023-09-28,19.17412757873535
2023-09-29,19.828853607177734
2023-10-02,18.799999237060547
2023-10-03,17.209949493408203
2023-10-04,17.677610397338867
2023-10-05,16.929351806640625
2023-10-06,16.648754119873047
2023-10-09,17.397014617919922
2023-10-10,18.612934112548828
2023-10-11,17.864675521850586
2023-10-13,17.022884368896484
2023-10-16,16.742286682128906
2023-10-17,15.806963920593262
2023-10-18,16.181093215942383
2023-10-19,15.05870532989502
2023-10-20,14.403979301452637
2023-10-23,14.123381614685059
2023-10-24,13.188058853149414
2023-10-25,13.468655586242676
2023-10-26,13.749253273010254
2023-10-27,13.655719757080078
2023-10-30,12.813928604125977
2023-10-31,12.439800262451172
2023-11-01,12.439800262451172
2023-11-03,13.936317443847656
2023-11-06,13.375123023986816
2023-11-07,16.55522346496582
2023-11-08,16.648754119873047
2023-11-09,15.99402904510498
2023-11-10,16.835819244384766
2023-11-13,16.181093215942383
2023-11-14,16.3681583404541
2023-11-16,20.48358154296875
2023-11-17,20.764177322387695
2023-11-20,21.32537269592285
2023-11-21,19.922386169433594
2023-11-22,19.45472526550293
2023-11-23,20.29651641845703
2023-11-24,18.612934112548828
2023-11-27,18.33233642578125
2023-11-28,17.864675521850586
2023-11-29,17.584077835083008
2023-11-30,18.893531799316406
2023-12-01,20.29651641845703
2023-12-04,18.706466674804688
2023-12-05,20.015918731689453
2023-12-06,20.29651641845703
2023-12-07,21.138307571411133
2023-12-08,19.922386169433594
2023-12-11,20.857709884643555
2023-12-12,21.32537269592285
2023-12-13,23.663679122924805
2023-12-14,22.728357315063477
2023-12-15,20.670644760131836
2023-12-18,20.390047073364258
2023-12-19,20.202983856201172
2023-12-20,19.64179039001465
2023-12-21,19.54825782775879
2023-12-22,19.828853607177734
2023-12-26,19.735322952270508
2023-12-27,21.044775009155273
2023-12-28,20.202983856201172
2024-01-02,19.17412757873535
2024-01-03,18.706466674804688
2024-01-04,18.051740646362305
2024-01-05,18.42586898803711
2024-01-08,19.54825782775879
2024-01-09,20.015918731689453
2024-01-10,20.390047073364258
2024-01-11,20.390047073364258
2024-01-12,21.138307571411133
2024-01-15,21.32537269592285
2024-01-16,20.390047073364258
2024-01-17,20.109451293945312
2024-01-18,18.706466674804688
2024-01-19,18.987062454223633
2024-01-22,18.238805770874023
2024-01-23,18.14527130126953
2024-01-24,17.958208084106445
2024-01-25,19.36119270324707
2024-01-26,19.45472526550293
2024-01-29,19.36119270324707
2024-01-30,18.51940155029297
2024-01-31,19.64179039001465
2024-02-01,20.600000381469727
2024-02-02,19.700000762939453
2024-02-05,19.5
2024-02-06,20.5
2024-02-07,20.799999237060547
2024-02-08,20.700000762939453
2024-02-09,20.799999237060547
2024-02-14,20.200000762939453
2024-02-15,20.600000381469727
2024-02-16,20.399999618530273
2024-02-19,20.899999618530273
2024-02-20,20.200000762939453
2024-02-21,19.600000381469727
2024-02-22,21.100000381469727
2024-02-23,21.5
2024-02-26,21.100000381469727
2024-02-27,22.0
2024-02-28,21.700000762939453
2024-02-29,21.299999237060547
2024-03-01,22.200000762939453
2024-03-04,21.299999237060547
2024-03-05,21.200000762939453
2024-03-06,20.600000381469727
2024-03-07,20.399999618530273
2024-03-08,20.5
2024-03-11,20.0
2024-03-12,20.200000762939453
2024-03-13,20.299999237060547
2024-03-14,20.100000381469727
2024-03-15,19.600000381469727
2024-03-18,21.0
2024-03-19,19.700000762939453
2024-03-20,20.5
2024-03-21,19.899999618530273
2024-03-22,19.200000762939453
2024-03-25,19.100000381469727
2024-03-26,17.799999237060547
2024-03-27,18.200000762939453
2024-03-28,18.0
2024-04-01,17.799999237060547
2024-04-02,17.399999618530273
2024-04-03,16.899999618530273
2024-04-04,17.700000762939453
2024-04-05,17.100000381469727
2024-04-08,17.799999237060547
2024-04-09,18.200000762939453
2024-04-10,17.700000762939453
2024-04-11,17.299999237060547
2024-04-12,16.600000381469727
2024-04-15,15.300000190734863
2024-04-16,15.199999809265137
2024-04-17,15.199999809265137
2024-04-18,15.0
2024-04-19,15.399999618530273
2024-04-22,15.300000190734863
2024-04-23,14.399999618530273
2024-04-24,14.300000190734863
2024-04-25,13.899999618530273
2024-04-26,14.300000190734863
2024-04-29,14.5
2024-04-30,13.600000381469727
2024-05-02,14.600000381469727
2024-05-03,15.699999809265137
2024-05-06,15.699999809265137
2024-05-07,16.100000381469727
2024-05-08,16.5
2024-05-09,16.700000762939453
2024-05-10,15.399999618530273
2024-05-13,15.800000190734863
2024-05-14,15.800000190734863
2024-05-15,16.100000381469727
2024-05-16,15.899999618530273
2024-05-17,15.899999618530273
2024-05-20,15.699999809265137
2024-05-21,15.5
2024-05-22,14.699999809265137
2024-05-23,14.199999809265137
2024-05-24,13.199999809265137
2024-05-27,13.149999618530273
2024-05-28,12.289999961853027
2024-05-29,12.079999923706055
2024-05-31,12.390000343322754
2024-06-03,12.680000305175781
2024-06-04,11.649999618530273
2024-06-05,12.1899995803833
2024-06-06,12.699999809265137
2024-06-07,11.739999771118164
2024-06-10,11.520000457763672
2024-06-11,12.4399995803833
2024-06-12,11.449999809265137
2024-06-13,11.220000267028809
2024-06-14,11.4399995803833
2024-06-17,10.989999771118164
2024-06-18,10.949999809265137
2024-06-19,11.079999923706055
2024-06-20,10.670000076293945
2024-06-21,10.829999923706055
2024-06-24,12.15999984741211
2024-06-25,11.800000190734863
2024-06-26,11.479999542236328
2024-06-27,12.210000038146973
2024-06-28,12.050000190734863
2024-07-01,12.140000343322754
2024-07-02,12.170000076293945
2024-07-03,12.579999923706055
2024-07-04,13.180000305175781
2024-07-05,13.6899995803833
2024-07-08,12.890000343322754
2024-07-09,13.510000228881836
2024-07-10,13.470000267028809
2024-07-11,13.710000038146973
2024-07-12,13.869999885559082
2024-07-15,14.329999923706055
2024-07-16,13.630000114440918
2024-07-17,13.460000038146973
2024-07-18,12.670000076293945
2024-07-19,12.569999694824219
2024-07-22,12.329999923706055
2024-07-23,12.180000305175781
2024-07-24,11.670000076293945
2024-07-25,11.600000381469727
2024-07-26,11.890000343322754
2024-07-29,11.199999809265137
2024-07-30,11.079999923706055
2024-07-31,11.069999694824219
2024-08-01,10.800000190734863
2024-08-02,11.569999694824219
2024-08-05,11.539999961853027
2024-08-06,11.300000190734863
2024-08-07,12.1899995803833
2024-08-08,12.539999961853027
2024-08-09,12.960000038146973
2024-08-12,12.949999809265137
2024-08-13,13.289999961853027
2024-08-14,12.739999771118164
2024-08-15,13.289999961853027
2024-08-16,12.579999923706055
2024-08-19,13.920000076293945
2024-08-20,13.800000190734863
2024-08-21,13.850000381469727
2024-08-22,13.180000305175781
2024-08-23,13.619999885559082
2024-08-26,13.350000381469727
2024-08-27,13.470000267028809
2024-08-28,13.180000305175781
2024-08-29,12.890000343322754
2024-08-30,12.15999984741211
2024-09-02,11.970000267028809
2024-09-03,11.680000305175781
2024-09-04,12.039999961853027
2024-09-05,12.300000190734863
2024-09-06,11.800000190734863
2024-09-09,11.520000457763672
2024-09-10,11.329999923706055
2024-09-11,11.270000457763672
2024-09-12,11.170000076293945
2024-09-13,11.600000381469727
2024-09-16,11.6899995803833
2024-09-17,11.880000114440918
2024-09-18,11.520000457763672
2024-09-19,11.15999984741211
2024-09-20,10.350000381469727
2024-09-23,10.020000457763672
2024-09-24,10.1899995803833
2024-09-25,10.0
2024-09-26,9.800000190734863
2024-09-27,10.0
2024-09-30,9.699999809265137
2024-10-01,9.720000267028809
2024-10-02,9.850000381469727
2024-10-03,9.729999542236328
2024-10-04,9.670000076293945
2024-10-07,9.510000228881836
2024-10-08,9.569999694824219
2024-10-09,9.239999771118164
2024-10-10,9.210000038146973
2024-10-11,9.449999809265137
2024-10-14,9.800000190734863
2024-10-15,9.699999809265137
2024-10-16,9.800000190734863
2024-10-17,9.569999694824219
2024-10-18,9.399999618530273
2024-10-21,9.670000076293945
2024-10-22,9.300000190734863
2024-10-23,9.149999618530273
2024-10-24,9.479999542236328
2024-10-25,9.130000114440918
2024-10-28,9.470000267028809
2024-10-29,9.229999542236328
2024-10-30,9.600000381469727
2024-10-31,9.460000038146973
2024-11-01,8.859999656677246
2024-11-04,9.779999732971191
2024-11-05,9.979999542236328
2024-11-06,9.729999542236328
2024-11-07,9.380000114440918
2024-11-08,9.600000381469727
2024-11-11,9.399999618530273
2024-11-12,9.229999542236328
2024-11-13,9.260000228881836
2024-11-14,9.0
2024-11-18,9.229999542236328
2024-11-19,9.380000114440918
2024-11-21,9.140000343322754
2024-11-22,9.420000076293945
2024-11-25,10.010000228881836
2024-11-26,10.640000343322754
2024-11-27,9.640000343322754
2024-11-28,8.989999771118164
2024-11-29,9.029999732971191
2024-12-02,9.199999809265137
2024-12-03,9.3100004196167
2024-12-04,9.239999771118164
2024-12-05,9.1899995803833
2024-12-06,8.539999961853027
2024-12-09,8.460000038146973
2024-12-10,8.720000267028809
2024-12-11,9.210000038146973
2024-12-12,8.380000114440918
2024-12-13,8.199999809265137
2024-12-16,7.760000228881836
2024-12-17,7.46999979019165
2024-12-18,6.71999979019165
2024-12-19,7.130000114440918
2024-12-20,7.300000190734863
2024-12-23,6.980000019073486
2024-12-26,6.53000020980835
2024-12-27,6.510000228881836
2024-12-30,6.5
2025-01-02,6.429999828338623
2025-01-03,6.260000228881836
2025-01-06,6.650000095367432
2025-01-07,6.599999904632568
2025-01-08,6.170000076293945
2025-01-09,6.010000228881836
2025-01-10,6.03000020980835
2025-01-13,5.809999942779541
2025-01-14,5.909999847412109
2025-01-15,6.369999885559082
2025-01-16,5.940000057220459
2025-01-17,6.059999942779541
2025-01-20,6.110000133514404
2025-01-21,6.159999847412109
2025-01-22,6.369999885559082
2025-01-23,6.289999961853027
2025-01-24,6.369999885559082
2025-01-27,7.010000228881836
2025-01-28,6.760000228881836
2025-01-29,6.590000152587891
2025-01-30,7.269999980926514
2025-01-31,7.460000038146973
2025-02-03,7.21999979019165
2025-02-04,7.239999771118164
2025-02-05,6.880000114440918
2025-02-06,7.389999866485596
2025-02-07,7.070000171661377
2025-02-10,7.260000228881836
2025-02-11,7.269999980926514
2025-02-12,7.090000152587891
2025-02-13,7.010000228881836
2025-02-14,7.380000114440918
2025-02-17,7.960000038146973
2025-02-18,7.679999828338623
2025-02-19,7.449999809265137
2025-02-20,7.369999885559082
2025-02-21,7.28000020980835
2025-02-24,6.869999885559082
2025-02-25,7.380000114440918
2025-02-26,7.360000133514404
2025-02-27,7.309999942779541
2025-02-28,7.150000095367432
2025-03-05,7.28000020980835
2025-03-06,7.110000133514404
2025-03-07,7.860000133514404
2025-03-10,8.25
2025-03-11,8.34000015258789
