Date,USIM5.SA
2015-01-02,3.7322916984558105
2015-01-05,3.5063278675079346
2015-01-06,3.677747964859009
2015-01-07,3.8959193229675293
2015-01-08,3.7011237144470215
2015-01-09,3.5530784130096436
2015-01-12,3.4128258228302
2015-01-13,3.288156032562256
2015-01-14,3.1868622303009033
2015-01-15,3.1868622303009033
2015-01-16,3.303739547729492
2015-01-19,3.1946539878845215
2015-01-20,3.1167354583740234
2015-01-21,3.179070234298706
2015-01-22,3.171278715133667
2015-01-23,3.1089437007904053
2015-01-26,3.101151943206787
2015-01-27,3.0310254096984863
2015-01-28,2.9219398498535156
2015-01-29,2.7661030292510986
2015-01-30,2.6102662086486816
2015-02-02,2.711559772491455
2015-02-03,2.7661030292510986
2015-02-04,2.727144241333008
2015-02-05,2.742727518081665
2015-02-06,2.7583107948303223
2015-02-09,2.9998583793640137
2015-02-10,3.023233652114868
2015-02-11,3.08556866645813
2015-02-12,2.851813316345215
2015-02-13,2.8050622940063477
2015-02-18,2.9219398498535156
2015-02-19,2.937523126602173
2015-02-20,3.171278715133667
2015-02-23,3.023233652114868
2015-02-24,3.0388171672821045
2015-02-25,3.163487195968628
2015-02-26,3.1401114463806152
2015-02-27,3.218029737472534
2015-03-02,3.2336134910583496
2015-03-03,3.3426992893218994
2015-03-04,3.4595768451690674
2015-03-05,3.4673681259155273
2015-03-06,3.443992853164673
2015-03-09,3.5374958515167236
2015-03-10,3.5374958515167236
2015-03-11,3.607621431350708
2015-03-12,3.6232054233551025
2015-03-13,3.7868340015411377
2015-03-16,3.8102095127105713
2015-03-17,3.9738378524780273
2015-03-18,3.950462818145752
2015-03-19,4.005005836486816
2015-03-20,3.958253860473633
2015-03-23,3.8959193229675293
2015-03-24,3.7790422439575195
2015-03-25,4.02838134765625
2015-03-26,4.043964385986328
2015-03-27,4.005005836486816
2015-03-30,3.989422082901001
2015-03-31,3.8725433349609375
2015-04-01,3.825793504714966
2015-04-02,3.8959193229675293
2015-04-06,3.9348795413970947
2015-04-07,3.7400834560394287
2015-04-08,3.5842461585998535
2015-04-09,3.607621431350708
2015-04-10,3.7790422439575195
2015-04-13,3.763458490371704
2015-04-14,3.825793504714966
2015-04-15,4.10629940032959
2015-04-16,4.269927978515625
2015-04-17,4.0907158851623535
2015-04-20,4.2153849601745605
2015-04-22,4.379014015197754
2015-04-23,4.675102710723877
2015-04-24,4.659520149230957
2015-04-27,4.862107276916504
2015-04-28,4.620560169219971
2015-04-29,4.661825656890869
2015-04-30,4.677495956420898
2015-05-04,5.014401435852051
2015-05-05,5.210277080535889
2015-05-06,5.460996627807617
2015-05-07,4.912546634674072
2015-05-08,4.65399169921875
2015-05-11,4.755845546722412
2015-05-12,4.622650623321533
2015-05-13,4.3954362869262695
2015-05-14,4.301416397094727
2015-05-15,4.27007532119751
2015-05-18,4.27007532119751
2015-05-19,4.113376617431641
2015-05-20,4.19956111907959
2015-05-21,4.23090124130249
2015-05-22,4.152551651000977
2015-05-25,4.152551651000977
2015-05-26,4.2779107093811035
2015-05-27,4.238736152648926
2015-05-28,4.027190685272217
2015-05-29,3.9958503246307373
2015-06-01,3.956676959991455
2015-06-02,4.0428619384765625
2015-06-03,3.948841094970703
2015-06-05,3.8469865322113037
2015-06-08,3.7372963428497314
2015-06-09,3.7686362266540527
2015-06-10,3.745131492614746
2015-06-11,3.7764713764190674
2015-06-12,3.682450532913208
2015-06-15,3.6589462757110596
2015-06-16,3.6041007041931152
2015-06-17,3.4865758419036865
2015-06-18,3.6432762145996094
2015-06-19,3.6432762145996094
2015-06-22,3.588430881500244
2015-06-23,3.549255847930908
2015-06-24,3.4474008083343506
2015-06-25,3.3220407962799072
2015-06-26,3.4082255363464355
2015-06-29,3.384720802307129
2015-06-30,3.2280211448669434
2015-07-01,3.2045154571533203
2015-07-02,3.2201857566833496
2015-07-03,3.157505989074707
2015-07-06,3.2750308513641357
2015-07-07,3.2671961784362793
2015-07-08,3.157505989074707
2015-07-10,3.212350606918335
2015-07-13,3.3925561904907227
2015-07-14,3.345546007156372
2015-07-15,3.369051218032837
2015-07-16,3.251526117324829
2015-07-17,3.134000301361084
2015-07-20,3.0948259830474854
2015-07-21,3.008641004562378
2015-07-22,2.930290460586548
2015-07-23,3.0321457386016846
2015-07-24,3.008641004562378
2015-07-27,2.930290460586548
2015-07-28,3.1731760501861572
2015-07-29,3.079155683517456
2015-07-30,3.0164759159088135
2015-07-31,3.079155683517456
2015-08-03,3.1261661052703857
2015-08-04,3.2671961784362793
2015-08-05,3.2671961784362793
2015-08-06,3.1888461112976074
2015-08-07,3.0948259830474854
2015-08-10,3.0713207721710205
2015-08-11,2.969465732574463
2015-08-12,2.8676106929779053
2015-08-13,2.7892608642578125
2015-08-14,2.7187459468841553
2015-08-17,2.742250919342041
2015-08-18,2.6325607299804688
2015-08-19,2.530705451965332
2015-08-20,2.4680259227752686
2015-08-21,2.4053456783294678
2015-08-24,2.154625177383423
2015-08-25,2.099780559539795
2015-08-26,2.264315605163574
2015-08-27,2.397510290145874
2015-08-28,2.326995849609375
2015-08-31,2.3348305225372314
2015-09-01,2.4288504123687744
2015-09-02,2.5463757514953613
2015-09-03,2.5072007179260254
2015-09-04,2.7109107971191406
2015-09-08,2.9224555492401123
2015-09-09,2.945960760116577
2015-09-10,3.3220407962799072
2015-09-11,3.6432762145996094
2015-09-14,3.3533811569213867
2015-09-15,3.329876184463501
2015-09-16,3.4709060192108154
2015-09-17,3.4160609245300293
2015-09-18,3.439565896987915
2015-09-21,3.3377110958099365
2015-09-22,3.063485622406006
2015-09-23,2.593385696411133
2015-09-24,2.773590326309204
2015-09-25,2.6717352867126465
2015-09-28,2.679570436477661
2015-09-29,2.687405586242676
2015-09-30,2.624725818634033
2015-10-01,2.4445204734802246
2015-10-02,2.475860834121704
2015-10-05,2.585550546646118
2015-10-06,2.6012203693389893
2015-10-07,2.6560661792755127
2015-10-08,2.875445604324341
2015-10-09,2.9224555492401123
2015-10-13,2.585550546646118
2015-10-14,2.585550546646118
2015-10-15,2.6325607299804688
2015-10-16,2.609055757522583
2015-10-19,2.515035629272461
2015-10-20,2.43668532371521
2015-10-21,2.3583359718322754
2015-10-22,2.4053456783294678
2015-10-23,2.4053456783294678
2015-10-26,2.381840705871582
2015-10-27,2.381840705871582
2015-10-28,2.2799859046936035
2015-10-29,2.2016355991363525
2015-10-30,2.178130626678467
2015-11-03,2.2956554889678955
2015-11-04,2.2799859046936035
2015-11-05,2.272150754928589
2015-11-06,2.170295476913452
2015-11-09,2.131120443344116
2015-11-10,2.115450620651245
2015-11-11,2.1859655380249023
2015-11-12,2.178130626678467
2015-11-13,2.060605764389038
2015-11-16,1.9979251623153687
2015-11-17,1.92741060256958
2015-11-18,2.209470748901367
2015-11-19,2.0684401988983154
2015-11-23,1.9744205474853516
2015-11-24,2.0527703762054443
2015-11-25,2.0292654037475586
2015-11-26,2.005760669708252
2015-11-27,1.9587504863739014
2015-11-30,1.7237004041671753
2015-12-01,1.590505599975586
2015-12-02,1.6061753034591675
2015-12-03,1.6218453645706177
2015-12-04,1.5513304471969604
2015-12-07,1.4886504411697388
2015-12-08,1.410300374031067
2015-12-09,1.4338053464889526
2015-12-10,1.4494755268096924
2015-12-11,1.410300374031067
2015-12-14,1.363290548324585
2015-12-15,1.3162803649902344
2015-12-16,1.2536003589630127
2015-12-17,1.190920352935791
2015-12-18,1.1360753774642944
2015-12-21,1.198755145072937
2015-12-22,1.183085560798645
2015-12-23,1.2144252061843872
2015-12-28,1.237930417060852
2015-12-29,1.2144252061843872
2015-12-30,1.2144252061843872
2016-01-04,1.1439104080200195
2016-01-05,1.0498902797698975
2016-01-06,0.9558702707290649
2016-01-07,0.9010251760482788
2016-01-08,0.9245302677154541
2016-01-11,0.9402003884315491
2016-01-12,0.9010251760482788
2016-01-13,0.8070052862167358
2016-01-14,0.8148402571678162
2016-01-15,0.7521602511405945
2016-01-18,0.799170196056366
2016-01-19,0.7913352251052856
2016-01-20,0.799170196056366
2016-01-21,0.7678301930427551
2016-01-22,0.783500075340271
2016-01-26,0.7599952220916748
2016-01-27,0.7051501870155334
2016-01-28,0.6738101840019226
2016-01-29,0.6659751534461975
2016-02-01,0.7521602511405945
2016-02-02,0.7364901900291443
2016-02-03,0.7521602511405945
2016-02-04,0.799170196056366
2016-02-05,0.7913352251052856
2016-02-10,0.7599952220916748
2016-02-11,0.6659751534461975
2016-02-12,0.6659751534461975
2016-02-15,0.7051501870155334
2016-02-16,0.7678301930427551
2016-02-17,0.783500075340271
2016-02-18,0.6816452741622925
2016-02-19,0.689480185508728
2016-02-22,0.7129852175712585
2016-02-23,0.7286551594734192
2016-02-24,0.7129852175712585
2016-02-25,0.7208201289176941
2016-02-26,0.6973152160644531
2016-02-29,0.7051501870155334
2016-03-01,0.7129852175712585
2016-03-02,0.7364901900291443
2016-03-03,0.9950451254844666
2016-03-04,1.065560221672058
2016-03-07,1.1439104080200195
2016-03-08,1.2144252061843872
2016-03-09,1.504320502281189
2016-03-10,1.653185248374939
2016-03-11,1.5826704502105713
2016-03-14,1.4494755268096924
2016-03-15,1.2222602367401123
2016-03-16,1.3554553985595703
2016-03-17,1.4964854717254639
2016-03-18,1.4964854717254639
2016-03-21,1.5278252363204956
2016-03-22,1.504320502281189
2016-03-23,1.378960371017456
2016-03-24,1.4338053464889526
2016-03-28,1.4573103189468384
2016-03-29,1.425970435142517
2016-03-30,1.4338053464889526
2016-03-31,1.418135404586792
2016-04-01,1.4024653434753418
2016-04-04,1.292775273323059
2016-04-05,1.2536003589630127
2016-04-06,1.1360753774642944
2016-04-07,1.1517452001571655
2016-04-08,1.3162803649902344
2016-04-11,1.4024653434753418
2016-04-12,1.5591654777526855
2016-04-13,1.739370584487915
2016-04-14,1.567000150680542
2016-04-15,1.6453503370285034
2016-04-18,1.6218453645706177
2016-04-19,1.794215440750122
2016-04-20,1.9665857553482056
2016-04-22,2.0371007919311523
2016-04-25,1.8255555629730225
2016-04-26,1.8804007768630981
2016-04-27,2.0214309692382812
2016-04-28,1.92741060256958
2016-04-29,1.9587504863739014
2016-05-02,1.9509154558181763
2016-05-03,1.8020503520965576
2016-05-04,1.9039056301116943
2016-05-05,1.8490605354309082
2016-05-06,1.8255555629730225
2016-05-09,1.6610203981399536
2016-05-10,1.8255555629730225
2016-05-11,1.864730715751648
2016-05-12,1.8177205324172974
2016-05-13,1.7158656120300293
2016-05-16,1.7080304622650146
2016-05-17,1.6923604011535645
2016-05-18,1.590505599975586
2016-05-19,1.4729803800582886
2016-05-20,1.4338053464889526
2016-05-23,1.363290548324585
2016-05-24,1.331950306892395
2016-05-25,1.363290548324585
2016-05-27,1.331950306892395
2016-05-30,1.3006101846694946
2016-05-31,1.3084454536437988
2016-06-01,1.3006101846694946
2016-06-02,1.3476203680038452
2016-06-03,1.425970435142517
2016-06-06,1.504320502281189
2016-06-07,1.4729803800582886
2016-06-08,1.6453503370285034
2016-06-09,1.5591654777526855
2016-06-10,1.4024653434753418
2016-06-13,1.386795163154602
2016-06-14,1.3084454536437988
2016-06-15,1.6061753034591675
2016-06-16,1.5748354196548462
2016-06-17,1.6140105724334717
2016-06-20,1.6296805143356323
2016-06-21,1.653185248374939
2016-06-22,1.6766905784606934
2016-06-23,1.7315351963043213
2016-06-24,1.6061753034591675
2016-06-27,1.5826704502105713
2016-06-28,1.6061753034591675
2016-06-29,1.5826704502105713
2016-06-30,1.5434954166412354
2016-07-01,1.6296805143356323
2016-07-04,1.6610203981399536
2016-07-05,1.590505599975586
2016-07-06,1.6218453645706177
2016-07-07,1.5826704502105713
2016-07-08,1.598340392112732
2016-07-11,1.6218453645706177
2016-07-12,1.6688555479049683
2016-07-13,1.6845256090164185
2016-07-14,1.7001956701278687
2016-07-15,1.841225266456604
2016-07-18,1.9822555780410767
2016-07-19,1.8960704803466797
2016-07-20,1.9509154558181763
2016-07-21,2.1467905044555664
2016-07-22,2.2016355991363525
2016-07-25,2.248645782470703
2016-07-26,2.381840705871582
2016-07-27,2.593385696411133
2016-07-28,2.6560661792755127
2016-07-29,2.9381260871887207
2016-08-01,3.008641004562378
2016-08-02,2.8284358978271484
2016-08-03,3.102660894393921
2016-08-04,3.102660894393921
2016-08-05,3.024311065673828
2016-08-08,2.8832805156707764
2016-08-09,2.9773008823394775
2016-08-10,2.875445604324341
2016-08-11,2.9616308212280273
2016-08-12,2.9146206378936768
2016-08-15,3.0869908332824707
2016-08-16,3.0321457386016846
2016-08-17,3.063485622406006
2016-08-18,3.039980888366699
2016-08-19,3.008641004562378
2016-08-22,2.8284358978271484
2016-08-23,2.9224555492401123
2016-08-24,2.687405586242676
2016-08-25,2.6325607299804688
2016-08-26,2.8049306869506836
2016-08-29,2.687405586242676
2016-08-30,2.648231029510498
2016-08-31,2.7187459468841553
2016-09-01,2.6952407360076904
2016-09-02,2.969465732574463
2016-09-05,3.0164759159088135
2016-09-06,3.055650472640991
2016-09-08,3.1653409004211426
2016-09-09,3.0164759159088135
2016-09-12,3.0478157997131348
2016-09-13,2.812765598297119
2016-09-14,2.797096014022827
2016-09-15,2.781425714492798
2016-09-16,2.679570436477661
2016-09-19,2.6403958797454834
2016-09-20,2.66390061378479
2016-09-21,2.859776258468628
2016-09-22,2.8284358978271484
2016-09-23,2.797096014022827
2016-09-26,2.7657554149627686
2016-09-27,2.687405586242676
2016-09-28,2.859776258468628
2016-09-29,2.859776258468628
2016-09-30,2.7657554149627686
2016-10-03,2.797096014022827
2016-10-04,2.8049306869506836
2016-10-05,2.9146206378936768
2016-10-06,2.859776258468628
2016-10-07,2.9381260871887207
2016-10-10,2.9616308212280273
2016-10-11,2.9067862033843994
2016-10-13,2.781425714492798
2016-10-14,2.7892608642578125
2016-10-17,2.8049306869506836
2016-10-18,2.859776258468628
2016-10-19,2.8832805156707764
2016-10-20,2.9146206378936768
2016-10-21,3.102660894393921
2016-10-24,3.196680784225464
2016-10-25,3.2750308513641357
2016-10-26,3.2201857566833496
2016-10-27,3.2593610286712646
2016-10-28,3.627606153488159
2016-10-31,3.533586025238037
2016-11-01,3.345546007156372
2016-11-03,3.134000301361084
2016-11-04,3.039980888366699
2016-11-07,3.3142058849334717
2016-11-08,3.3377110958099365
2016-11-09,3.3533811569213867
2016-11-10,3.329876184463501
2016-11-11,3.0713207721710205
2016-11-14,3.306370496749878
2016-11-16,3.102660894393921
2016-11-17,3.0869908332824707
2016-11-18,3.1261661052703857
2016-11-21,3.2045154571533203
2016-11-22,3.2985358238220215
2016-11-23,3.549255847930908
2016-11-24,3.455235719680786
2016-11-25,3.47874116897583
2016-11-28,3.588430881500244
2016-11-29,3.369051218032837
2016-11-30,3.251526117324829
2016-12-01,3.1496708393096924
2016-12-02,3.1104960441589355
2016-12-05,3.1653409004211426
2016-12-06,3.141836166381836
2016-12-07,3.2593610286712646
2016-12-08,3.2280211448669434
2016-12-09,3.134000301361084
2016-12-12,3.0713207721710205
2016-12-13,3.102660894393921
2016-12-14,3.0164759159088135
2016-12-15,3.1731760501861572
2016-12-16,3.1104960441589355
2016-12-19,3.039980888366699
2016-12-20,3.079155683517456
2016-12-21,3.1653409004211426
2016-12-22,3.102660894393921
2016-12-23,3.0948259830474854
2016-12-26,3.134000301361084
2016-12-27,3.212350606918335
2016-12-28,3.1888461112976074
2016-12-29,3.212350606918335
2017-01-02,3.196680784225464
2017-01-03,3.3612160682678223
2017-01-04,3.5649263858795166
2017-01-05,3.6041007041931152
2017-01-06,3.5022456645965576
2017-01-09,3.5257508754730225
2017-01-10,3.5414209365844727
2017-01-11,3.4709060192108154
2017-01-12,3.55709171295166
2017-01-13,3.5649263858795166
2017-01-16,3.745131492614746
2017-01-17,3.6981210708618164
2017-01-18,3.627606153488159
2017-01-19,3.588430881500244
2017-01-20,3.7764713764190674
2017-01-23,4.089870452880859
2017-01-24,4.0350260734558105
2017-01-26,3.948841094970703
2017-01-27,4.066365718841553
2017-01-30,3.9410064220428467
2017-01-31,4.113376617431641
2017-02-01,4.113376617431641
2017-02-02,4.089870452880859
2017-02-03,4.066365718841553
2017-02-06,3.9958503246307373
2017-02-07,3.980180501937866
2017-02-08,3.9958503246307373
2017-02-09,3.980180501937866
2017-02-10,4.207396030426025
2017-02-13,4.262240886688232
2017-02-14,4.27007532119751
2017-02-15,4.324920654296875
2017-02-16,4.2779107093811035
2017-02-17,4.27007532119751
2017-02-20,4.27007532119751
2017-02-21,4.238736152648926
2017-02-22,4.136880397796631
2017-02-23,3.9410064220428467
2017-02-24,3.862656354904175
2017-03-01,3.9253365993499756
2017-03-02,3.893995523452759
2017-03-03,4.066365718841553
2017-03-06,4.011521339416504
2017-03-07,3.893995523452759
2017-03-08,3.729461431503296
2017-03-09,3.7921409606933594
2017-03-10,3.6354410648345947
2017-03-13,3.6981210708618164
2017-03-14,3.6432762145996094
2017-03-15,3.8313159942626953
2017-03-16,3.6902856826782227
2017-03-17,3.4709060192108154
2017-03-20,3.5022456645965576
2017-03-21,3.2436907291412354
2017-03-22,3.290700674057007
2017-03-23,3.2671961784362793
2017-03-24,3.1731760501861572
2017-03-27,3.4474008083343506
2017-03-28,3.4003913402557373
2017-03-29,3.47874116897583
2017-03-30,3.4630703926086426
2017-03-31,3.47874116897583
2017-04-03,3.4238955974578857
2017-04-04,3.3768856525421143
2017-04-05,3.2201857566833496
2017-04-06,3.0869908332824707
2017-04-07,3.1496708393096924
2017-04-10,3.181011199951172
2017-04-11,3.1104960441589355
2017-04-12,2.969465732574463
2017-04-13,2.8989510536193848
2017-04-17,3.1261661052703857
2017-04-18,3.102660894393921
2017-04-19,3.102660894393921
2017-04-20,3.1653409004211426
2017-04-24,3.157505989074707
2017-04-25,3.1731760501861572
2017-04-26,3.345546007156372
2017-04-27,3.251526117324829
2017-04-28,3.3377110958099365
2017-05-02,3.455235719680786
2017-05-03,3.3220407962799072
2017-05-04,3.1496708393096924
2017-05-05,3.2750308513641357
2017-05-08,3.212350606918335
2017-05-09,3.2828657627105713
2017-05-10,3.369051218032837
2017-05-11,3.3533811569213867
2017-05-12,3.2436907291412354
2017-05-15,3.439565896987915
2017-05-16,3.5257508754730225
2017-05-17,3.4474008083343506
2017-05-18,2.891115665435791
2017-05-19,3.055650472640991
2017-05-22,3.0478157997131348
2017-05-23,3.141836166381836
2017-05-24,3.1731760501861572
2017-05-25,3.1888461112976074
2017-05-26,3.181011199951172
2017-05-29,3.181011199951172
2017-05-30,3.2045154571533203
2017-05-31,3.1104960441589355
2017-06-01,3.055650472640991
2017-06-02,3.102660894393921
2017-06-05,3.079155683517456
2017-06-06,3.118330955505371
2017-06-07,3.102660894393921
2017-06-08,3.141836166381836
2017-06-09,3.0948259830474854
2017-06-12,3.0869908332824707
2017-06-13,3.0869908332824707
2017-06-14,3.102660894393921
2017-06-15,3.102660894393921
2017-06-16,3.1261661052703857
2017-06-19,3.118330955505371
2017-06-20,3.055650472640991
2017-06-21,3.0869908332824707
2017-06-22,3.157505989074707
2017-06-23,3.290700674057007
2017-06-26,3.4317312240600586
2017-06-27,3.4238955974578857
2017-06-28,3.5257508754730225
2017-06-29,3.5414209365844727
2017-06-30,3.6041007041931152
2017-07-03,3.682450532913208
2017-07-04,3.6589462757110596
2017-07-05,3.7137906551361084
2017-07-06,3.7921409606933594
2017-07-07,3.799976348876953
2017-07-10,3.85482120513916
2017-07-11,3.9175009727478027
2017-07-12,3.972346305847168
2017-07-13,3.933171510696411
2017-07-14,3.9175009727478027
2017-07-17,3.9175009727478027
2017-07-18,3.862656354904175
2017-07-19,3.9175009727478027
2017-07-20,3.85482120513916
2017-07-21,3.8783254623413086
2017-07-24,3.956676959991455
2017-07-25,3.9958503246307373
2017-07-26,3.893995523452759
2017-07-27,3.933171510696411
2017-07-28,4.027190685272217
2017-07-31,4.05069637298584
2017-08-01,4.136880397796631
2017-08-02,4.309250354766846
2017-08-03,4.324920654296875
2017-08-04,4.317086219787598
2017-08-07,4.544301509857178
2017-08-08,4.591310977935791
2017-08-09,4.559971809387207
2017-08-10,4.614815711975098
2017-08-11,4.599145889282227
2017-08-14,4.552136421203613
2017-08-15,4.4659504890441895
2017-08-16,4.630486011505127
2017-08-17,4.677495956420898
2017-08-18,4.724506855010986
2017-08-21,4.708837032318115
2017-08-22,4.889040946960449
2017-08-23,5.077081203460693
2017-08-24,5.288626670837402
2017-08-25,5.186771392822266
2017-08-28,5.092751502990723
2017-08-29,5.124091148376465
2017-08-30,5.139761924743652
2017-08-31,5.3983154296875
2017-09-01,5.954601764678955
2017-09-04,6.42470121383667
2017-09-05,6.322846412658691
2017-09-06,6.526556968688965
2017-09-07,6.526556968688965
2017-09-08,6.369856357574463
2017-09-11,6.683257102966309
2017-09-12,6.659752368927002
2017-09-13,6.628411769866943
2017-09-14,6.60490608215332
2017-09-15,6.800782680511475
2017-09-18,7.286552429199219
2017-09-19,7.2082014083862305
2017-09-20,7.325727939605713
2017-09-21,7.458922863006592
2017-09-22,7.364901065826416
2017-09-25,6.448206424713135
2017-09-26,6.5500617027282715
2017-09-27,6.244497299194336
2017-09-28,5.946766376495361
2017-09-29,6.0956315994262695
2017-10-02,6.181817054748535
2017-10-03,6.785112380981445
2017-10-04,7.067172050476074
2017-10-05,7.0201616287231445
2017-10-06,7.325727939605713
2017-10-09,7.192532539367676
2017-10-10,7.404077529907227
2017-10-11,7.599952697753906
2017-10-12,7.599952697753906
2017-10-13,8.085723876953125
2017-10-16,8.054381370544434
2017-10-17,7.795827865600586
2017-10-18,7.5686116218566895
2017-10-19,7.905517101287842
2017-10-20,7.91335391998291
2017-10-23,7.560777187347412
2017-10-24,7.850673198699951
2017-10-25,7.7644877433776855
2017-10-26,7.662631988525391
2017-10-27,7.15335750579834
2017-10-30,6.832121849060059
2017-10-31,6.902637481689453
2017-11-01,6.651916027069092
2017-11-02,6.651916027069092
2017-11-03,6.542227268218994
2017-11-06,6.949646949768066
2017-11-07,6.3463521003723145
2017-11-08,6.855627059936523
2017-11-09,6.675422191619873
2017-11-10,6.745937347412109
2017-11-13,7.0201616287231445
2017-11-14,6.487381458282471
2017-11-15,6.487381458282471
2017-11-16,6.738102436065674
2017-11-17,6.839956283569336
2017-11-20,6.839956283569336
2017-11-21,7.325727939605713
2017-11-22,7.333561897277832
2017-11-23,7.239542484283447
2017-11-24,7.192532539367676
2017-11-27,7.364901065826416
2017-11-28,7.26304817199707
2017-11-29,6.973151683807373
2017-11-30,6.706762313842773
2017-12-01,6.95748233795166
2017-12-04,7.035831928253174
2017-12-05,6.738102436065674
2017-12-06,6.9339776039123535
2017-12-07,6.8477911949157715
2017-12-08,6.785112380981445
2017-12-11,7.004491329193115
2017-12-12,6.95748233795166
2017-12-13,6.8086161613464355
2017-12-14,6.785112380981445
2017-12-15,6.792947292327881
2017-12-18,6.691092014312744
2017-12-19,6.738102436065674
2017-12-20,7.043666362762451
2017-12-21,7.090677738189697
2017-12-22,7.012326717376709
2017-12-25,7.012326717376709
2017-12-26,7.043666362762451
2017-12-27,7.129852771759033
2017-12-28,7.129852771759033
2017-12-29,7.129852771759033
2018-01-02,7.521603107452393
2018-01-03,7.772320747375488
2018-01-04,8.211081504821777
2018-01-05,7.858506679534912
2018-01-08,7.944692611694336
2018-01-09,8.030877113342285
2018-01-10,8.030877113342285
2018-01-11,8.46180248260498
2018-01-12,8.634172439575195
2018-01-15,8.85355281829834
2018-01-16,8.587162017822266
2018-01-17,8.736026763916016
2018-01-18,8.563658714294434
2018-01-19,8.955406188964844
2018-01-22,8.814377784729004
2018-01-23,8.39912223815918
2018-01-24,8.85355281829834
2018-01-25,8.85355281829834
2018-01-26,8.939737319946289
2018-01-29,9.04942798614502
2018-01-30,9.072933197021484
2018-01-31,9.292312622070312
2018-02-01,9.166952133178711
2018-02-02,9.245301246643066
2018-02-05,8.900562286376953
2018-02-06,9.166952133178711
2018-02-07,9.088603019714355
2018-02-08,8.877058029174805
2018-02-09,8.7987060546875
2018-02-14,9.378498077392578
2018-02-15,9.50385856628418
2018-02-16,9.49602222442627
2018-02-19,9.511691093444824
2018-02-20,9.480353355407715
2018-02-21,9.519526481628418
2018-02-22,9.409836769104004
2018-02-23,9.558701515197754
2018-02-26,9.98962688446045
2018-02-27,9.911277770996094
2018-02-28,9.65272331237793
2018-03-01,9.245301246643066
2018-03-02,8.884893417358398
2018-03-05,8.728193283081055
2018-03-06,9.088603019714355
2018-03-07,8.830046653747559
2018-03-08,8.642008781433105
2018-03-09,8.75953197479248
2018-03-12,8.892727851867676
2018-03-13,8.80654239654541
2018-03-14,8.884893417358398
2018-03-15,8.728193283081055
2018-03-16,8.736026763916016
2018-03-19,8.305103302001953
2018-03-20,8.579326629638672
2018-03-21,8.790872573852539
2018-03-22,8.689020156860352
2018-03-23,8.579326629638672
2018-03-26,8.634172439575195
2018-03-27,8.469637870788574
2018-03-28,8.375616073608398
2018-03-29,8.555821418762207
2018-04-02,8.563658714294434
2018-04-03,8.39912223815918
2018-04-04,8.226753234863281
2018-04-05,8.289432525634766
2018-04-06,8.171907424926758
2018-04-09,7.882012844085693
2018-04-10,7.921186923980713
2018-04-11,7.999537467956543
2018-04-12,8.258091926574707
2018-04-13,8.242423057556152
2018-04-16,7.858506679534912
2018-04-17,8.023042678833008
2018-04-18,8.665512084960938
2018-04-19,8.971076965332031
2018-04-20,8.814377784729004
2018-04-23,8.610668182373047
2018-04-24,8.422627449035645
2018-04-25,8.532319068908691
2018-04-26,8.664155006408691
2018-04-27,8.435942649841309
2018-04-30,8.577590942382812
2018-05-02,8.522505760192871
2018-05-03,8.33364200592041
2018-05-04,8.640544891357422
2018-05-07,8.467422485351562
2018-05-08,8.538246154785156
2018-05-09,8.71923828125
2018-05-10,8.758585929870605
2018-05-11,8.672021865844727
2018-05-14,8.538246154785156
2018-05-15,8.168384552001953
2018-05-16,8.569722175598145
2018-05-17,8.491026878356934
2018-05-18,8.40446662902832
2018-05-21,8.176254272460938
2018-05-22,8.050342559814453
2018-05-23,7.751309871673584
2018-05-24,7.5545759201049805
2018-05-25,7.09028434753418
2018-05-28,6.570907115936279
2018-05-29,6.73616361618042
2018-05-30,6.492213249206543
2018-06-01,6.956504821777344
2018-06-04,7.420795440673828
2018-06-05,7.21619176864624
2018-06-06,7.003720283508301
2018-06-07,6.531560897827148
2018-06-08,6.688946723937988
2018-06-11,6.350564002990723
2018-06-12,6.531560897827148
2018-06-13,6.476474285125732
2018-06-14,6.271871089935303
2018-06-15,5.862664699554443
2018-06-18,5.815448760986328
2018-06-19,5.917750835418701
2018-06-20,6.035791397094727
2018-06-21,5.713147163391113
2018-06-22,5.634453773498535
2018-06-25,5.626585006713867
2018-06-26,5.595107555389404
2018-06-27,5.626585006713867
2018-06-28,5.846926212310791
2018-06-29,5.7603631019592285
2018-07-02,5.689539432525635
2018-07-03,6.098744869232178
2018-07-04,6.4686055183410645
2018-07-05,6.36630392074585
2018-07-06,6.326956748962402
2018-07-10,6.201047420501709
2018-07-11,5.9256205558776855
2018-07-12,6.476474285125732
2018-07-13,6.547298431396484
2018-07-16,6.5551676750183105
2018-07-17,6.8463335037231445
2018-07-18,6.61812162399292
2018-07-19,6.578775405883789
2018-07-20,6.948636054992676
2018-07-23,6.940766334533691
2018-07-24,7.098153114318848
2018-07-25,7.279148578643799
2018-07-26,7.184716701507568
2018-07-27,7.200453758239746
2018-07-30,7.208323001861572
2018-07-31,6.980112552642822
2018-08-01,6.9171576499938965
2018-08-02,7.050937175750732
2018-08-03,7.121761798858643
2018-08-06,6.948636054992676
2018-08-07,6.869940757751465
2018-08-08,6.925026893615723
2018-08-09,6.712555408477783
2018-08-10,6.224655628204346
2018-08-13,6.374173641204834
2018-08-14,6.500082492828369
2018-08-15,6.240394592285156
2018-08-16,6.2954792976379395
2018-08-17,6.248262882232666
2018-08-20,6.586645603179932
2018-08-21,6.2954792976379395
2018-08-22,6.405650615692139
2018-08-23,6.311219215393066
2018-08-24,6.421388149261475
2018-08-27,6.507951736450195
2018-08-28,6.4449968338012695
2018-08-29,6.5551676750183105
2018-08-30,6.358434677124023
2018-08-31,6.350564002990723
2018-09-03,6.311219215393066
2018-09-04,6.303349018096924
2018-09-05,6.201047420501709
2018-09-06,6.248262882232666
2018-09-10,6.193177700042725
2018-09-11,5.823318958282471
2018-09-12,5.744625568389893
2018-09-13,5.595107555389404
2018-09-14,5.508543968200684
2018-09-17,5.988574981689453
2018-09-18,6.2954792976379395
2018-09-19,6.570907115936279
2018-09-20,6.334826469421387
2018-09-21,6.673207759857178
2018-09-24,6.523690223693848
2018-09-25,6.610253810882568
2018-09-26,6.61812162399292
2018-09-27,6.633862018585205
2018-09-28,6.547298431396484
2018-10-01,6.311219215393066
2018-10-02,6.688946723937988
2018-10-03,6.987983226776123
2018-10-04,7.145369529724121
2018-10-05,7.098153114318848
2018-10-08,7.86934757232666
2018-10-09,7.877220630645752
2018-10-10,7.294888019561768
2018-10-11,7.326364994049072
2018-10-15,7.609661102294922
2018-10-16,7.798525333404541
2018-10-17,7.774916648864746
2018-10-18,7.601791858673096
2018-10-19,7.633269786834717
2018-10-22,8.223469734191895
2018-10-23,8.026735305786133
2018-10-24,7.633269786834717
2018-10-25,7.790654182434082
2018-10-26,7.916566848754883
2018-10-29,7.892956733703613
2018-10-30,8.1526460647583
2018-10-31,8.089690208435059
2018-11-01,7.963781356811523
2018-11-05,8.018866539001465
2018-11-06,7.814264297485352
2018-11-07,7.719831466674805
2018-11-08,7.633269786834717
2018-11-09,7.88508939743042
2018-11-12,7.633269786834717
2018-11-13,7.405057430267334
2018-11-14,7.200453758239746
2018-11-16,7.704092502593994
2018-11-19,7.349972724914551
2018-11-21,7.247670650482178
2018-11-22,7.129630088806152
2018-11-23,6.783379077911377
2018-11-26,6.712555408477783
2018-11-27,6.862071990966797
2018-11-28,6.838464260101318
2018-11-29,7.066675662994385
2018-11-30,7.357842445373535
2018-12-03,7.704092502593994
2018-12-04,7.381448268890381
2018-12-05,7.46801233291626
2018-12-06,7.318495273590088
2018-12-07,7.082414150238037
2018-12-10,6.8463335037231445
2018-12-11,6.885680675506592
2018-12-12,7.365710735321045
2018-12-13,7.593921661376953
2018-12-14,7.381448268890381
2018-12-17,7.704092502593994
2018-12-18,7.5545759201049805
2018-12-19,7.633269786834717
2018-12-20,7.279148578643799
2018-12-21,7.247670650482178
2018-12-26,7.200453758239746
2018-12-27,7.082414150238037
2018-12-28,7.255539894104004
2019-01-02,7.680485248565674
2019-01-03,7.515228271484375
2019-01-04,7.95591402053833
2019-01-07,7.971650123596191
2019-01-08,7.748928546905518
2019-01-09,8.002731323242188
2019-01-10,8.193082809448242
2019-01-11,8.074113845825195
2019-01-14,7.828242301940918
2019-01-15,7.725133895874023
2019-01-16,7.923416614532471
2019-01-17,7.915485382080078
2019-01-18,7.88375997543335
2019-01-21,7.971006393432617
2019-01-22,7.740997314453125
2019-01-23,7.709271430969238
2019-01-24,7.7727227210998535
2019-01-28,7.709271430969238
2019-01-29,7.693409442901611
2019-01-30,7.852035045623779
2019-01-31,7.780653953552246
2019-02-01,7.685476303100586
2019-02-04,7.75685977935791
2019-02-05,7.7727227210998535
2019-02-06,7.415811538696289
2019-02-07,7.487194061279297
2019-02-08,7.6299591064453125
2019-02-11,7.598232746124268
2019-02-12,7.598232746124268
2019-02-13,7.6299591064453125
2019-02-14,7.669614791870117
2019-02-15,7.45546817779541
2019-02-18,7.431674480438232
2019-02-19,7.312704086303711
2019-02-20,7.360291957855225
2019-02-21,7.5347819328308105
2019-02-22,7.867898464202881
2019-02-25,8.097908020019531
2019-02-26,7.978938102722168
2019-02-27,7.836172580718994
2019-02-28,7.661683559417725
2019-03-01,7.693409442901611
2019-03-06,7.6299591064453125
2019-03-07,7.637887954711914
2019-03-08,7.669614791870117
2019-03-11,7.931347370147705
2019-03-12,7.9472126960754395
2019-03-13,8.010662078857422
2019-03-14,8.280327796936035
2019-03-15,8.050320625305176
2019-03-18,8.224809646606445
2019-03-19,8.661032676696777
2019-03-20,8.50240707397461
2019-03-21,8.288259506225586
2019-03-22,7.96307373046875
2019-03-25,8.11376953125
2019-03-26,8.129632949829102
2019-03-27,7.526850700378418
2019-03-28,7.67754602432251
2019-03-29,7.96307373046875
2019-04-01,8.105838775634766
2019-04-02,7.693409442901611
2019-04-03,7.685476303100586
2019-04-04,7.67754602432251
2019-04-05,7.645820617675781
2019-04-08,7.526850700378418
2019-04-09,7.45546817779541
2019-04-10,7.471330642700195
2019-04-11,7.3444294929504395
2019-04-12,7.280979633331299
2019-04-15,7.193733215332031
2019-04-16,7.098557949066162
2019-04-17,6.98751974105835
2019-04-18,7.154077053070068
2019-04-22,7.114419460296631
2019-04-23,7.066831111907959
2019-04-24,6.866122245788574
2019-04-25,6.95404577255249
2019-04-26,6.882108688354492
2019-04-29,6.882108688354492
2019-04-30,6.898094177246094
2019-05-02,6.754217624664307
2019-05-03,7.089930057525635
2019-05-06,7.0179924964904785
2019-05-07,6.762210369110107
2019-05-08,6.858128547668457
2019-05-09,6.802176475524902
2019-05-10,6.738232135772705
2019-05-13,6.538402080535889
2019-05-14,6.514422416687012
2019-05-15,6.354559421539307
2019-05-16,6.154731750488281
2019-05-17,6.306601047515869
2019-05-20,6.4025187492370605
2019-05-21,6.738232135772705
2019-05-22,6.754217624664307
2019-05-23,6.514422416687012
2019-05-24,6.554388523101807
2019-05-27,6.578367233276367
2019-05-28,6.6023478507995605
2019-05-29,6.6023478507995605
2019-05-30,6.658299922943115
2019-05-31,6.554388523101807
2019-06-03,6.394525527954102
2019-06-04,6.61833381652832
2019-06-05,6.6023478507995605
2019-06-06,6.586360931396484
2019-06-07,6.874115467071533
2019-06-10,6.95404577255249
2019-06-11,7.2018351554870605
2019-06-12,7.033978462219238
2019-06-13,7.1378889083862305
2019-06-14,6.922074317932129
2019-06-17,6.874115467071533
2019-06-18,7.0179924964904785
2019-06-19,6.922074317932129
2019-06-21,6.946053504943848
2019-06-24,6.986019134521484
2019-06-25,6.770204067230225
2019-06-26,6.866122245788574
2019-06-27,6.9300665855407715
2019-06-28,7.145881652832031
2019-07-01,7.097923755645752
2019-07-02,7.0179924964904785
2019-07-03,7.209827423095703
2019-07-04,7.563027381896973
2019-07-05,7.747100830078125
2019-07-08,7.723091125488281
2019-07-10,7.651063919067383
2019-07-11,7.571030139923096
2019-07-12,7.547019958496094
2019-07-15,7.458985805511475
2019-07-16,7.523011207580566
2019-07-17,7.499001979827881
2019-07-18,7.507004261016846
2019-07-19,7.507004261016846
2019-07-22,7.354943752288818
2019-07-23,7.282916069030762
2019-07-24,7.178873062133789
2019-07-25,6.962786674499512
2019-07-26,7.058825492858887
2019-07-29,7.0828351974487305
2019-07-30,7.058825492858887
2019-07-31,7.002803325653076
2019-08-01,6.802723407745361
2019-08-02,6.802723407745361
2019-08-05,6.578633785247803
2019-08-06,6.5386176109313965
2019-08-07,6.386556148529053
2019-08-08,6.6426591873168945
2019-08-09,6.482595443725586
2019-08-12,6.370550632476807
2019-08-13,6.5466203689575195
2019-08-14,6.226492404937744
2019-08-15,5.954383850097656
2019-08-16,5.842339038848877
2019-08-19,5.650261878967285
2019-08-20,5.818329334259033
2019-08-21,5.946380138397217
2019-08-22,6.010406494140625
2019-08-23,5.78631591796875
2019-08-26,5.714287281036377
2019-08-27,5.602242469787598
2019-08-28,5.610246181488037
2019-08-29,6.122451305389404
2019-08-30,6.322530746459961
2019-09-02,6.258505344390869
2019-09-03,6.194479465484619
2019-09-04,6.122451305389404
2019-09-05,6.1624674797058105
2019-09-06,6.138457298278809
2019-09-09,6.634655475616455
2019-09-10,6.658665657043457
2019-09-11,6.602643013000488
2019-09-12,6.626652240753174
2019-09-13,6.506603717803955
2019-09-16,6.490598201751709
2019-09-17,6.658665657043457
2019-09-18,6.738697052001953
2019-09-19,6.602643013000488
2019-09-20,6.506603717803955
2019-09-23,6.506603717803955
2019-09-24,6.322530746459961
2019-09-25,6.442579746246338
2019-09-26,6.43457555770874
2019-09-27,6.402563095092773
2019-09-30,6.250502109527588
2019-10-01,6.194479465484619
2019-10-02,5.986396312713623
2019-10-03,5.986396312713623
2019-10-04,6.074431419372559
2019-10-07,5.930373668670654
2019-10-08,5.882354259490967
2019-10-09,5.842339038848877
2019-10-10,5.978392601013184
2019-10-11,6.138457298278809
2019-10-14,6.074431419372559
2019-10-15,6.1624674797058105
2019-10-16,6.106444835662842
2019-10-17,6.106444835662842
2019-10-18,6.066428184509277
2019-10-21,6.106444835662842
2019-10-22,6.050422191619873
2019-10-23,5.986396312713623
2019-10-24,5.802322864532471
2019-10-25,5.78631591796875
2019-10-28,5.810326099395752
2019-10-29,5.8983612060546875
2019-10-30,5.8983612060546875
2019-10-31,5.810326099395752
2019-11-01,5.938377380371094
2019-11-04,6.074431419372559
2019-11-05,6.074431419372559
2019-11-06,6.154463291168213
2019-11-07,6.6426591873168945
2019-11-08,6.410566329956055
2019-11-11,6.322530746459961
2019-11-12,6.170470237731934
2019-11-13,6.074431419372559
2019-11-14,6.074431419372559
2019-11-18,6.0264129638671875
2019-11-19,6.114447593688965
2019-11-21,6.522610664367676
2019-11-22,6.5706305503845215
2019-11-25,6.714687824249268
2019-11-26,6.786716461181641
2019-11-27,6.722691059112549
2019-11-28,6.746701240539551
2019-11-29,6.810726165771484
2019-12-02,6.946780204772949
2019-12-03,6.882755756378174
2019-12-04,7.050823211669922
2019-12-05,7.042819023132324
2019-12-06,7.202883243560791
2019-12-09,6.962786674499512
2019-12-10,7.042819023132324
2019-12-11,7.146860599517822
2019-12-12,7.434976100921631
2019-12-13,7.402963161468506
2019-12-16,7.298922061920166
2019-12-17,7.402963161468506
2019-12-18,7.402963161468506
2019-12-19,7.458985805511475
2019-12-20,7.466989040374756
2019-12-23,7.6270527839660645
2019-12-26,7.6270527839660645
2019-12-27,7.547019958496094
2019-12-30,7.61104679107666
2020-01-02,7.763108253479004
2020-01-03,7.68307638168335
2020-01-06,7.539017200469971
2020-01-07,7.61104679107666
2020-01-08,7.515008449554443
2020-01-09,7.466989040374756
2020-01-10,7.3149285316467285
2020-01-13,7.63505744934082
2020-01-14,7.667069435119629
2020-01-15,7.515008449554443
2020-01-16,7.739098072052002
2020-01-17,7.811127185821533
2020-01-20,7.803123950958252
2020-01-21,7.643059253692627
2020-01-22,8.70748519897461
2020-01-23,8.891560554504395
2020-01-24,8.659466743469238
2020-01-27,8.043219566345215
2020-01-28,8.035215377807617
2020-01-29,7.907164573669434
2020-01-30,7.8191304206848145
2020-01-31,7.707083702087402
2020-02-03,7.763108253479004
2020-02-04,7.8351359367370605
2020-02-05,8.219290733337402
2020-02-06,8.035215377807617
2020-02-07,7.699082851409912
2020-02-10,7.434976100921631
2020-02-11,7.939177513122559
2020-02-12,7.891158103942871
2020-02-13,8.283315658569336
2020-02-14,7.923171043395996
2020-02-17,7.787116527557373
2020-02-18,7.8191304206848145
2020-02-19,7.779114246368408
2020-02-20,7.571030139923096
2020-02-21,7.338936805725098
2020-02-26,6.578633785247803
2020-02-27,6.554623603820801
2020-02-28,6.5386176109313965
2020-03-02,6.778713226318359
2020-03-03,6.634655475616455
2020-03-04,7.098841667175293
2020-03-05,6.722691059112549
2020-03-06,6.298520565032959
2020-03-09,5.282114505767822
2020-03-10,5.6982808113098145
2020-03-11,5.20208215713501
2020-03-12,4.481794357299805
2020-03-13,5.2180891036987305
2020-03-16,4.7058844566345215
2020-03-17,4.67387056350708
2020-03-18,3.6814732551574707
2020-03-19,3.6014416217803955
2020-03-20,3.4573841094970703
2020-03-23,3.04121732711792
2020-03-24,3.21728777885437
2020-03-25,3.9055635929107666
2020-03-26,4.113646507263184
2020-03-27,3.9135665893554688
2020-03-30,3.8255319595336914
2020-03-31,3.9375762939453125
2020-04-01,3.753502130508423
2020-04-02,3.7054831981658936
2020-04-03,3.2653067111968994
2020-04-06,3.2573041915893555
2020-04-07,3.2893168926239014
2020-04-08,3.513406753540039
2020-04-09,3.4653873443603516
2020-04-13,3.6094448566436768
2020-04-14,3.81752872467041
2020-04-15,3.761505603790283
2020-04-16,3.641458034515381
2020-04-17,3.7054831981658936
2020-04-20,3.7374966144561768
2020-04-22,3.857544183731079
2020-04-23,3.8095250129699707
2020-04-24,3.4733901023864746
2020-04-27,3.4733901023864746
2020-04-28,3.7695086002349854
2020-04-29,4.087327003479004
2020-04-30,3.8773066997528076
2020-05-04,3.7803738117218018
2020-05-05,3.7238292694091797
2020-05-06,3.707674503326416
2020-05-07,3.8288395404815674
2020-05-08,3.8853843212127686
2020-05-11,3.8449954986572266
2020-05-12,3.707674503326416
2020-05-13,3.513808488845825
2020-05-14,3.675363540649414
2020-05-15,3.643052339553833
2020-05-18,3.9580838680267334
2020-05-19,3.9015395641326904
2020-05-20,4.079249382019043
2020-05-21,4.014626502990723
2020-05-22,3.8126845359802246
2020-05-25,3.9419281482696533
2020-05-26,3.9580838680267334
2020-05-27,4.6043009757995605
2020-05-28,4.846632480621338
2020-05-29,4.967798709869385
2020-06-01,5.000109672546387
2020-06-02,5.589783191680908
2020-06-03,5.573627471923828
2020-06-04,5.557471752166748
2020-06-05,5.573627471923828
2020-06-08,6.01790189743042
2020-06-09,5.896737098693848
2020-06-10,5.565549850463867
2020-06-12,5.177818775177002
2020-06-15,5.137430191040039
2020-06-16,5.290907382965088
2020-06-17,5.4686174392700195
2020-06-18,5.4928507804870605
2020-06-19,5.63824987411499
2020-06-22,5.62209415435791
2020-06-23,6.203690052032471
2020-06-24,5.920969009399414
2020-06-25,5.8886590003967285
2020-06-26,5.73518180847168
2020-06-29,5.775571346282959
2020-06-30,5.872503757476807
2020-07-01,5.929047107696533
2020-07-02,5.937124729156494
2020-07-03,6.025979995727539
2020-07-06,6.147145748138428
2020-07-07,6.01790189743042
2020-07-08,6.219845771789551
2020-07-09,6.0340576171875
2020-07-10,6.001746654510498
2020-07-13,5.969435691833496
2020-07-14,6.074446201324463
2020-07-15,6.06636905670166
2020-07-16,5.969435691833496
2020-07-17,6.050212383270264
2020-07-20,6.025979995727539
2020-07-21,5.969435691833496
2020-07-22,6.06636905670166
2020-07-23,5.90481424331665
2020-07-24,6.098680019378662
2020-07-27,6.534876823425293
2020-07-28,6.454099178314209
2020-07-29,6.5833420753479
2020-07-30,6.631809234619141
2020-07-31,6.56718635559082
2020-08-03,6.785285949707031
2020-08-04,6.6075758934021
2020-08-05,6.866063117980957
2020-08-06,6.728741645812988
2020-08-07,6.7045087814331055
2020-08-10,7.0114617347717285
2020-08-11,6.849907398223877
2020-08-12,6.979151248931885
2020-08-13,7.019539833068848
2020-08-14,7.0922393798828125
2020-08-17,7.1487836837768555
2020-08-18,7.633446216583252
2020-08-19,7.7950005531311035
2020-08-20,7.875778675079346
2020-08-21,7.7303786277771
2020-08-24,7.827311038970947
2020-08-25,7.980787754058838
2020-08-26,7.867700099945068
2020-08-27,7.883856296539307
2020-08-28,8.118109703063965
2020-08-31,8.19888687133789
2020-09-01,8.61085033416748
2020-09-02,8.64316177368164
2020-09-03,8.392751693725586
2020-09-04,8.602771759033203
2020-09-08,8.513919830322266
2020-09-09,9.055124282836914
2020-09-10,8.715861320495605
2020-09-11,8.578540802001953
2020-09-14,8.764328956604004
2020-09-15,9.071280479431152
2020-09-16,8.788559913635254
2020-09-17,9.240913391113281
2020-09-18,8.853181838989258
2020-09-21,8.804715156555176
2020-09-22,8.691629409790039
2020-09-23,8.489684104919434
2020-09-24,8.400829315185547
2020-09-25,8.295820236206055
2020-09-28,8.19080924987793
2020-09-29,7.9565558433532715
2020-09-30,8.101953506469727
2020-10-01,8.134265899658203
2020-10-02,8.093877792358398
2020-10-05,8.538150787353516
2020-10-06,8.33620834350586
2020-10-07,8.55430793762207
2020-10-08,8.33620834350586
2020-10-09,8.174654006958008
2020-10-13,8.19888687133789
2020-10-14,8.263508796691895
2020-10-15,8.764328956604004
2020-10-16,9.143980026245117
2020-10-19,9.071280479431152
2020-10-20,9.305535316467285
2020-10-21,9.483243942260742
2020-10-22,9.475166320800781
2020-10-23,9.459012031555176
2020-10-26,9.394389152526855
2020-10-27,9.491323471069336
2020-10-28,8.756250381469727
2020-10-29,9.07935905456543
2020-10-30,8.804715156555176
2020-11-03,9.354001998901367
2020-11-04,9.030892372131348
2020-11-05,9.1924467086792
2020-11-06,9.273223876953125
2020-11-09,9.1924467086792
2020-11-10,8.837026596069336
2020-11-11,8.732017517089844
2020-11-12,8.723938941955566
2020-11-13,8.820870399475098
2020-11-16,8.96627140045166
2020-11-17,9.111669540405273
2020-11-18,9.055124282836914
2020-11-19,9.184369087219238
2020-11-23,9.499401092529297
2020-11-24,10.080994606018066
2020-11-25,10.79183578491211
2020-11-26,11.228031158447266
2020-11-27,11.114943504333496
2020-11-30,11.026089668273926
2020-12-01,11.228031158447266
2020-12-02,11.163410186767578
2020-12-03,10.589892387390137
2020-12-04,11.324965476989746
2020-12-07,11.680384635925293
2020-12-08,11.179566383361816
2020-12-09,10.7110595703125
2020-12-10,11.042244911193848
2020-12-11,11.034167289733887
2020-12-14,10.743370056152344
2020-12-15,11.163410186767578
2020-12-16,11.163410186767578
2020-12-17,11.074554443359375
2020-12-18,11.62384033203125
2020-12-21,11.50267505645752
2020-12-22,11.284578323364258
2020-12-23,11.8096284866333
2020-12-28,11.680384635925293
2020-12-29,12.18120288848877
2020-12-30,11.80155086517334
2021-01-04,12.068115234375
2021-01-05,12.197360038757324
2021-01-06,12.787033081054688
2021-01-07,13.400938987731934
2021-01-08,13.336318016052246
2021-01-11,13.497871398925781
2021-01-12,13.312084197998047
2021-01-13,12.504312515258789
2021-01-14,12.730488777160645
2021-01-15,12.13273811340332
2021-01-18,12.16504955291748
2021-01-19,11.591529846191406
2021-01-20,11.397663116455078
2021-01-21,11.4380521774292
2021-01-22,11.4380521774292
2021-01-26,10.921079635620117
2021-01-27,10.581814765930176
2021-01-28,11.23611068725586
2021-01-29,10.662591934204102
2021-02-01,10.783759117126465
2021-02-02,10.557580947875977
2021-02-03,10.517193794250488
2021-02-04,10.62220287322998
2021-02-05,11.090710639953613
2021-02-08,11.21187686920166
2021-02-09,11.357275009155273
2021-02-10,11.155333518981934
2021-02-11,11.421897888183594
2021-02-12,11.462285995483398
2021-02-17,12.124659538269043
2021-02-18,11.97926139831543
2021-02-19,12.0923490524292
2021-02-22,12.108503341674805
2021-02-23,12.71433162689209
2021-02-24,13.92599105834961
2021-02-25,13.320162773132324
2021-02-26,13.118220329284668
2021-03-01,13.610960960388184
2021-03-02,13.917912483215332
2021-03-03,13.99061393737793
2021-03-04,13.57865047454834
2021-03-05,14.370267868041992
2021-03-08,13.724048614501953
2021-03-09,13.804825782775879
2021-03-10,13.360550880432129
2021-03-11,13.95830249786377
2021-03-12,13.635191917419434
2021-03-15,13.796748161315918
2021-03-16,14.976097106933594
2021-03-17,14.838775634765625
2021-03-18,14.507586479187012
2021-03-19,14.362188339233398
2021-03-22,13.917912483215332
2021-03-23,13.4494047164917
2021-03-24,13.263618469238281
2021-03-25,13.2151517868042
2021-03-26,13.392861366271973
2021-03-29,13.465560913085938
2021-03-30,13.627115249633789
2021-03-31,13.812905311584473
2021-04-01,13.417094230651855
2021-04-05,13.780592918395996
2021-04-06,14.257176399230957
2021-04-07,14.459120750427246
2021-04-08,15.000327110290527
2021-04-09,15.50922679901123
2021-04-12,15.678855895996094
2021-04-13,16.131210327148438
2021-04-14,16.809736251831055
2021-04-15,16.963214874267578
2021-04-16,17.423643112182617
2021-04-19,17.310556411743164
2021-04-20,17.02783966064453
2021-04-22,17.94061851501465
2021-04-23,17.89215087890625
2021-04-26,18.53029441833496
2021-04-27,18.651456832885742
2021-04-28,18.51413917541504
2021-04-29,18.51413917541504
2021-04-30,18.239463806152344
2021-05-03,17.654499053955078
2021-05-04,17.808862686157227
2021-05-05,18.605060577392578
2021-05-06,19.149402618408203
2021-05-07,18.800050735473633
2021-05-10,18.995037078857422
2021-05-11,19.149402618408203
2021-05-12,18.166339874267578
2021-05-13,17.35389518737793
2021-05-14,16.49269676208496
2021-05-17,16.7526798248291
2021-05-18,16.882671356201172
2021-05-19,16.687686920166016
2021-05-20,16.47644805908203
2021-05-21,16.151466369628906
2021-05-24,16.29770851135254
2021-05-25,15.793992042541504
2021-05-26,15.97687816619873
2021-05-27,15.919991493225098
2021-05-28,15.928119659423828
2021-05-31,16.1394100189209
2021-06-01,16.375080108642578
2021-06-02,15.919991493225098
2021-06-04,15.481155395507812
2021-06-07,15.294243812561035
2021-06-08,14.936674118041992
2021-06-09,15.318626403808594
2021-06-10,15.286116600036621
2021-06-11,15.375509262084961
2021-06-14,15.196725845336914
2021-06-15,15.123584747314453
2021-06-16,14.733509063720703
2021-06-17,14.392192840576172
2021-06-18,14.709131240844727
2021-06-21,14.757890701293945
2021-06-22,14.814775466918945
2021-06-23,15.131714820861816
2021-06-24,15.521788597106934
2021-06-25,15.31049633026123
2021-06-28,15.383639335632324
2021-06-29,15.562420845031738
2021-06-30,15.521788597106934
2021-07-01,15.67619514465332
2021-07-02,15.871231079101562
2021-07-05,15.895611763000488
2021-07-06,15.830598831176758
2021-07-07,16.06627082824707
2021-07-08,15.90373706817627
2021-07-12,16.440092086791992
2021-07-13,16.65951156616211
2021-07-14,16.0825252532959
2021-07-15,16.058141708374023
2021-07-16,15.708698272705078
2021-07-19,15.521788597106934
2021-07-20,15.603056907653809
2021-07-21,15.993130683898926
2021-07-22,16.188169479370117
2021-07-23,16.415714263916016
2021-07-26,17.00082778930664
2021-07-27,16.440092086791992
2021-07-28,16.4075870513916
2021-07-29,16.935815811157227
2021-07-30,16.716398239135742
2021-08-02,16.60262680053711
2021-08-03,16.618879318237305
2021-08-04,17.382780075073242
2021-08-05,17.08209228515625
2021-08-06,17.54530906677246
2021-08-09,17.488426208496094
2021-08-10,17.959768295288086
2021-08-11,17.90287971496582
2021-08-12,17.65095329284668
2021-08-13,17.1877384185791
2021-08-16,16.27756118774414
2021-08-17,15.448649406433105
2021-08-18,14.717256546020508
2021-08-19,13.880217552185059
2021-08-20,13.896471977233887
2021-08-23,13.612040519714355
2021-08-24,14.579102516174316
2021-08-25,14.579102516174316
2021-08-26,14.07525634765625
2021-08-27,15.03419303894043
2021-08-30,15.147965431213379
2021-08-31,15.026067733764648
2021-09-01,14.685534477233887
2021-09-02,14.020365715026855
2021-09-03,14.063559532165527
2021-09-06,14.288162231445312
2021-09-08,13.467499732971191
2021-09-09,13.53660774230957
2021-09-10,13.22562026977539
2021-09-13,13.761209487915039
2021-09-14,13.545246124267578
2021-09-15,13.42430591583252
2021-09-16,12.698667526245117
2021-09-17,12.024861335754395
2021-09-20,11.852089881896973
2021-09-21,12.111247062683105
2021-09-22,13.165149688720703
2021-09-23,14.383184432983398
2021-09-24,14.072198867797852
2021-09-27,13.778486251831055
2021-09-28,12.776415824890137
2021-09-29,13.562521934509277
2021-09-30,13.925342559814453
2021-10-01,14.573233604431152
2021-10-04,13.813039779663086
2021-10-05,13.761209487915039
2021-10-06,13.631630897521973
2021-10-07,13.622993469238281
2021-10-08,14.296798706054688
2021-10-11,14.279522895812988
2021-10-13,14.089473724365234
2021-10-14,14.072198867797852
2021-10-15,14.322714805603027
2021-10-18,13.890788078308105
2021-10-19,13.467499732971191
2021-10-20,12.966463088989258
2021-10-21,12.232185363769531
2021-10-22,12.396319389343262
2021-10-25,12.681390762329102
2021-10-26,12.284018516540527
2021-10-27,12.258101463317871
2021-10-28,12.37904167175293
2021-10-29,11.446078300476074
2021-11-01,11.316500663757324
2021-11-03,10.68588638305664
2021-11-04,10.62541675567627
2021-11-05,10.409452438354492
2021-11-08,10.884573936462402
2021-11-09,11.022789001464844
2021-11-10,10.94504165649414
2021-11-11,11.627488136291504
2021-11-12,11.662042617797852
2021-11-16,11.325139045715332
2021-11-17,11.065982818603516
2021-11-18,10.435368537902832
2021-11-19,10.582222938537598
2021-11-22,10.893211364746094
2021-11-23,11.411523818969727
2021-11-24,11.808897018432617
2021-11-25,11.938475608825684
2021-11-26,11.15236759185791
2021-11-29,11.83481216430664
2021-11-30,11.739789009094238
2021-12-01,11.601572036743164
2021-12-02,12.46542739868164
2021-12-03,12.292655944824219
2021-12-06,12.767775535583496
2021-12-07,12.888715744018555
2021-12-08,13.001017570495605
2021-12-09,12.90599250793457
2021-12-10,13.139233589172363
2021-12-13,13.294727325439453
2021-12-14,13.22562026977539
2021-12-15,13.337920188903809
2021-12-16,13.777896881103516
2021-12-17,13.594191551208496
2021-12-20,12.83312702178955
2021-12-21,13.226781845092773
2021-12-22,13.03432846069336
2021-12-23,12.999336242675781
2021-12-27,13.156798362731934
2021-12-28,12.90311050415039
2021-12-29,12.946849822998047
2021-12-30,13.261773109436035
2022-01-03,13.095562934875488
2022-01-04,12.99059009552002
2022-01-05,12.238271713256836
2022-01-06,12.255768775939941
2022-01-07,12.841876029968262
2022-01-10,13.45422649383545
2022-01-11,14.267778396606445
2022-01-12,14.381501197814941
2022-01-13,14.320266723632812
2022-01-14,14.390249252319336
2022-01-17,14.197794914245605
2022-01-18,14.46898078918457
2022-01-19,14.652685165405273
2022-01-20,14.495223045349121
2022-01-21,13.874123573303223
2022-01-24,14.20654296875
2022-01-25,14.13655948638916
2022-01-26,14.294022560119629
2022-01-27,14.224038124084473
2022-01-28,14.005342483520508
2022-01-31,13.970351219177246
2022-02-01,14.512717247009277
2022-02-02,14.547708511352539
2022-02-03,14.171552658081055
2022-02-04,14.276525497436523
2022-02-07,14.740164756774902
2022-02-08,14.705171585083008
2022-02-09,14.827643394470215
2022-02-10,14.67892837524414
2022-02-11,13.585444450378418
2022-02-14,13.716662406921387
2022-02-15,13.637930870056152
2022-02-16,13.55045223236084
2022-02-17,12.999336242675781
2022-02-18,12.90311050415039
2022-02-21,12.66691780090332
2022-02-22,12.876867294311523
2022-02-23,12.474464416503906
2022-02-24,12.465715408325195
2022-02-25,12.868119239807129
2022-03-02,13.445478439331055
2022-03-03,13.935359001159668
2022-03-04,13.847880363464355
2022-03-07,13.392991065979004
2022-03-08,13.25302505493164
2022-03-09,13.305512428283691
2022-03-10,13.471722602844238
2022-03-11,12.89436149597168
2022-03-14,12.220776557922363
2022-03-15,11.695903778076172
2022-03-16,11.949592590332031
2022-03-17,12.500707626342773
2022-03-18,12.771892547607422
2022-03-21,12.815631866455078
2022-03-22,12.693161964416504
2022-03-23,12.500707626342773
2022-03-24,12.579440116882324
2022-03-25,12.185785293579102
2022-03-28,12.255768775939941
2022-03-29,12.456968307495117
2022-03-30,12.55319595336914
2022-03-31,12.220776557922363
2022-04-01,12.045819282531738
2022-04-04,12.282011985778809
2022-04-05,11.984583854675293
2022-04-06,11.862114906311035
2022-04-07,11.84461784362793
2022-04-08,11.415972709655762
2022-04-11,11.328493118286133
2022-04-12,11.398476600646973
2022-04-13,11.354736328125
2022-04-14,11.302249908447266
2022-04-18,11.241015434265137
2022-04-19,11.459711074829102
2022-04-20,10.733638763427734
2022-04-22,10.444957733154297
2022-04-25,10.646160125732422
2022-04-26,10.208765983581543
2022-04-27,10.322488784790039
2022-04-28,10.742385864257812
2022-04-29,10.428093910217285
2022-05-02,10.326671600341797
2022-05-03,10.428093910217285
2022-05-04,10.612499237060547
2022-05-05,10.225248336791992
2022-05-06,10.114605903625488
2022-05-09,9.930200576782227
2022-05-10,9.257122993469238
2022-05-11,9.552170753479004
2022-05-12,9.38620662689209
2022-05-13,9.708913803100586
2022-05-16,9.708913803100586
2022-05-17,9.967082023620605
2022-05-18,9.570611000061035
2022-05-19,10.059284210205078
2022-05-20,10.188366889953613
2022-05-23,10.557177543640137
2022-05-24,10.547956466674805
2022-05-25,10.713920593261719
2022-05-26,10.538737297058105
2022-05-27,10.391213417053223
2022-05-30,10.09616470336914
2022-05-31,10.105385780334473
2022-06-01,10.381993293762207
2022-06-02,10.925987243652344
2022-06-03,10.760022163391113
2022-06-06,10.529516220092773
2022-06-07,10.243688583374023
2022-06-08,9.801117897033691
2022-06-09,9.33088493347168
2022-06-10,9.321664810180664
2022-06-13,8.869873046875
2022-06-14,8.63936710357666
2022-06-15,8.602485656738281
2022-06-17,8.086153030395508
2022-06-20,8.307437896728516
2022-06-21,8.35353946685791
2022-06-22,8.335098266601562
2022-06-23,8.030830383300781
2022-06-24,8.270557403564453
2022-06-27,8.52872371673584
2022-06-28,8.40886116027832
2022-06-29,8.307437896728516
2022-06-30,7.975509166717529
2022-07-01,7.883307456970215
2022-07-04,7.846426010131836
2022-07-05,7.883307456970215
2022-07-06,7.993950366973877
2022-07-07,8.17835521697998
2022-07-08,7.938628196716309
2022-07-11,7.735783100128174
2022-07-12,7.680461883544922
2022-07-13,7.6989030838012695
2022-07-14,7.422295093536377
2022-07-15,7.726562976837158
2022-07-18,7.809545040130615
2022-07-19,8.06771183013916
2022-07-20,8.288996696472168
2022-07-21,8.344319343566895
2022-07-22,8.215235710144043
2022-07-25,8.279776573181152
2022-07-26,8.104592323303223
2022-07-27,8.187575340270996
2022-07-28,8.335098266601562
2022-07-29,7.938628196716309
2022-08-01,7.560598373413086
2022-08-02,7.781883716583252
2022-08-03,7.781883716583252
2022-08-04,8.224456787109375
2022-08-05,8.076931953430176
2022-08-08,8.104592323303223
2022-08-09,8.270557403564453
2022-08-10,8.399640083312988
2022-08-11,8.620926856994629
2022-08-12,8.768449783325195
2022-08-15,8.556384086608887
2022-08-16,8.52872371673584
2022-08-17,8.63936710357666
2022-08-18,8.47340202331543
2022-08-19,8.344319343566895
2022-08-22,8.15991497039795
2022-08-23,8.952855110168457
2022-08-24,8.630146026611328
2022-08-25,8.565605163574219
2022-08-26,7.993950366973877
2022-08-29,7.579039573669434
2022-08-30,7.422295093536377
2022-08-31,7.39463472366333
2022-09-01,7.523717403411865
2022-09-02,7.62514066696167
2022-09-05,7.680461883544922
2022-09-06,7.4868364334106445
2022-09-08,7.459176063537598
2022-09-09,7.7450032234191895
2022-09-12,7.874086380004883
2022-09-13,7.551377773284912
2022-09-14,7.311651706695557
2022-09-15,7.173348426818848
2022-09-16,7.05348539352417
2022-09-19,7.422295093536377
2022-09-20,7.219449520111084
2022-09-21,7.127246856689453
2022-09-22,7.182568550109863
2022-09-23,7.016604423522949
2022-09-26,6.6938958168029785
2022-09-27,6.638574123382568
2022-09-28,6.629354476928711
2022-09-29,6.454169273376465
2022-09-30,6.933621883392334
2022-10-03,7.118026256561279
2022-10-04,7.28399133682251
2022-10-05,7.274770736694336
2022-10-06,7.26555061340332
2022-10-07,7.081145763397217
2022-10-10,7.05348539352417
2022-10-11,7.136466979980469
2022-10-13,7.081145763397217
2022-10-14,6.813758850097656
2022-10-17,6.730777263641357
2022-10-18,6.915181636810303
2022-10-19,6.7768778800964355
2022-10-20,6.9797234535217285
2022-10-21,7.201009273529053
2022-10-24,6.99816370010376
2022-10-25,7.0350446701049805
2022-10-26,6.869080543518066
2022-10-27,7.071925640106201
2022-10-28,6.7768778800964355
2022-10-31,6.666234970092773
2022-11-01,6.924401760101318
2022-11-03,6.869080543518066
2022-11-04,7.39463472366333
2022-11-07,7.025824069976807
2022-11-08,7.136466979980469
2022-11-09,7.007383823394775
2022-11-10,6.712336540222168
2022-11-11,7.422295093536377
2022-11-14,7.219449520111084
2022-11-16,7.247110366821289
2022-11-17,7.293211460113525
2022-11-18,6.988943576812744
2022-11-21,6.82297945022583
2022-11-22,7.090366363525391
2022-11-23,7.071925640106201
2022-11-24,7.191789150238037
2022-11-25,7.016604423522949
2022-11-28,6.712336540222168
2022-11-29,7.118026256561279
2022-11-30,7.210229396820068
2022-12-01,6.8875203132629395
2022-12-02,6.924401760101318
2022-12-05,6.99816370010376
2022-12-06,7.237889766693115
2022-12-07,7.247110366821289
2022-12-08,6.9797234535217285
2022-12-09,7.210229396820068
2022-12-12,7.10880708694458
2022-12-13,6.869080543518066
2022-12-14,7.247110366821289
2022-12-15,6.942842483520508
2022-12-16,6.7768778800964355
2022-12-19,6.361967086791992
2022-12-20,6.500270843505859
2022-12-21,6.481830596923828
2022-12-22,6.454169273376465
2022-12-23,6.380407810211182
2022-12-26,6.417288303375244
2022-12-27,6.472609996795654
2022-12-28,6.601693153381348
2022-12-29,6.601693153381348
2023-01-02,6.481830596923828
2023-01-03,6.40806770324707
2023-01-04,6.53715181350708
2023-01-05,6.924401760101318
2023-01-06,6.99816370010376
2023-01-09,7.025824069976807
2023-01-10,7.28399133682251
2023-01-11,7.237889766693115
2023-01-12,7.26555061340332
2023-01-13,7.201009273529053
2023-01-16,7.136466979980469
2023-01-17,7.3208723068237305
2023-01-18,7.49605655670166
2023-01-19,7.440735340118408
2023-01-20,7.643580436706543
2023-01-23,7.6896820068359375
2023-01-24,7.62514066696167
2023-01-25,7.634360313415527
2023-01-26,7.920187950134277
2023-01-27,7.809545040130615
2023-01-30,7.809545040130615
2023-01-31,7.864866256713867
2023-02-01,7.754223346710205
2023-02-02,7.293211460113525
2023-02-03,7.219449520111084
2023-02-06,7.071925640106201
2023-02-07,6.988943576812744
2023-02-08,7.016604423522949
2023-02-09,6.850639820098877
2023-02-10,6.76765775680542
2023-02-13,6.730777263641357
2023-02-14,6.564812183380127
2023-02-15,6.675455093383789
2023-02-16,6.730777263641357
2023-02-17,6.712336540222168
2023-02-22,6.53715181350708
2023-02-23,6.454169273376465
2023-02-24,6.297425270080566
2023-02-27,6.315865516662598
2023-02-28,6.297425270080566
2023-03-01,6.6109137535095215
2023-03-02,6.5463714599609375
2023-03-03,6.620133876800537
2023-03-06,6.564812183380127
2023-03-07,6.481830596923828
2023-03-08,6.721556663513184
2023-03-09,6.564812183380127
2023-03-10,6.389627933502197
2023-03-13,6.389627933502197
2023-03-14,6.463389873504639
2023-03-15,6.352746963500977
2023-03-16,6.444949150085449
2023-03-17,6.398848056793213
2023-03-20,6.315865516662598
2023-03-21,6.260544300079346
2023-03-22,6.2697649002075195
2023-03-23,6.1222405433654785
2023-03-24,6.103800296783447
2023-03-27,6.103800296783447
2023-03-28,6.297425270080566
2023-03-29,6.297425270080566
2023-03-30,6.739996910095215
2023-03-31,6.721556663513184
2023-04-03,6.629354476928711
2023-04-04,6.601693153381348
2023-04-05,6.53715181350708
2023-04-06,6.463389873504639
2023-04-10,6.675455093383789
2023-04-11,7.127246856689453
2023-04-12,7.0627055168151855
2023-04-13,7.05348539352417
2023-04-14,6.942842483520508
2023-04-17,6.952062606811523
2023-04-18,7.016604423522949
2023-04-19,6.869080543518066
2023-04-20,6.620133876800537
2023-04-24,6.564812183380127
2023-04-25,6.500270843505859
2023-04-26,6.481830596923828
2023-04-27,6.564812183380127
2023-04-28,6.959950923919678
2023-05-02,6.911617755889893
2023-05-03,6.959950923919678
2023-05-04,6.863284587860107
2023-05-05,7.24028205871582
2023-05-08,7.2886152267456055
2023-05-09,7.346614837646484
2023-05-10,7.375614643096924
2023-05-11,7.191949367523193
2023-05-12,7.211282253265381
2023-05-15,7.356281757354736
2023-05-16,7.220948696136475
2023-05-17,7.462613582611084
2023-05-18,7.539947032928467
2023-05-19,7.723611831665039
2023-05-22,7.57861328125
2023-05-23,7.24028205871582
2023-05-24,7.143616199493408
2023-05-25,7.037283897399902
2023-05-26,7.066283226013184
2023-05-29,7.037283897399902
2023-05-30,6.834285259246826
2023-05-31,6.785952091217041
2023-06-01,6.921284198760986
2023-06-02,7.1339497566223145
2023-06-05,7.162949085235596
2023-06-06,7.143616199493408
2023-06-07,7.095283508300781
2023-06-09,7.085616588592529
2023-06-12,7.066283226013184
2023-06-13,7.046950340270996
2023-06-14,7.15328311920166
2023-06-15,7.15328311920166
2023-06-16,7.143616199493408
2023-06-19,7.249948978424072
2023-06-20,7.143616199493408
2023-06-21,7.056617259979248
2023-06-22,6.979283809661865
2023-06-23,6.988950729370117
2023-06-26,7.037283897399902
2023-06-27,6.979283809661865
2023-06-28,6.882617950439453
2023-06-29,6.959950923919678
2023-06-30,6.834285259246826
2023-07-03,7.008284091949463
2023-07-04,7.0759501457214355
2023-07-05,7.1339497566223145
2023-07-06,7.1242828369140625
2023-07-07,7.278948783874512
2023-07-10,7.1242828369140625
2023-07-11,7.095283508300781
2023-07-12,7.104949951171875
2023-07-13,7.423947334289551
2023-07-14,7.249948978424072
2023-07-17,7.172616004943848
2023-07-18,7.172616004943848
2023-07-19,6.9696173667907715
2023-07-20,6.921284198760986
2023-07-21,6.930951118469238
2023-07-24,7.104949951171875
2023-07-25,7.259615421295166
2023-07-26,7.191949367523193
2023-07-27,7.24028205871582
2023-07-28,6.853618621826172
2023-07-31,6.988950729370117
2023-08-01,6.940617561340332
2023-08-02,6.872951507568359
2023-08-03,6.853618621826172
2023-08-04,6.853618621826172
2023-08-07,6.834285259246826
2023-08-08,6.8149518966674805
2023-08-09,6.766618728637695
2023-08-10,6.776285648345947
2023-08-11,6.71828556060791
2023-08-14,6.679619312286377
2023-08-15,6.6602864265441895
2023-08-16,6.63128662109375
2023-08-17,6.63128662109375
2023-08-18,6.621619701385498
2023-08-21,6.650619983673096
2023-08-22,6.698952674865723
2023-08-23,6.669952869415283
2023-08-24,6.611953258514404
2023-08-25,6.573287010192871
2023-08-28,6.650619983673096
2023-08-29,6.71828556060791
2023-08-30,6.727952480316162
2023-08-31,6.650619983673096
2023-09-01,6.698952674865723
2023-09-04,6.756952285766602
2023-09-05,6.669952869415283
2023-09-06,6.689286231994629
2023-09-08,6.6022868156433105
2023-09-11,6.669952869415283
2023-09-12,6.592620372772217
2023-09-13,6.573287010192871
2023-09-14,6.669952869415283
2023-09-15,6.708619594573975
2023-09-18,6.573287010192871
2023-09-19,6.524953842163086
2023-09-20,6.534620761871338
2023-09-21,6.360621929168701
2023-09-22,6.370288372039795
2023-09-25,6.283288955688477
2023-09-26,6.254289150238037
2023-09-27,6.302622318267822
2023-09-28,6.360621929168701
2023-09-29,6.418621063232422
2023-10-02,6.350955486297607
2023-10-03,6.273622035980225
2023-10-04,6.20595645904541
2023-10-05,6.1286234855651855
2023-10-06,6.118956565856934
2023-10-09,6.051290988922119
2023-10-10,6.089957237243652
2023-10-11,6.1286234855651855
2023-10-13,6.051290988922119
2023-10-16,6.060957431793213
2023-10-17,5.993290901184082
2023-10-18,5.973957538604736
2023-10-19,5.89662504196167
2023-10-20,5.751626014709473
2023-10-23,5.732292652130127
2023-10-24,5.77095890045166
2023-10-25,5.674293041229248
2023-10-26,5.780625820159912
2023-10-27,6.0222907066345215
2023-10-30,6.2929558753967285
2023-10-31,6.389621734619141
2023-11-01,6.515286922454834
2023-11-03,6.640953063964844
2023-11-06,6.592620372772217
2023-11-07,6.582953453063965
2023-11-08,6.582953453063965
2023-11-09,6.4476213455200195
2023-11-10,6.582953453063965
2023-11-13,6.544287204742432
2023-11-14,6.834285259246826
2023-11-16,7.327281475067139
2023-11-17,7.346614837646484
2023-11-20,7.501280784606934
2023-11-21,7.520613670349121
2023-11-22,7.626945972442627
2023-11-23,7.501280784606934
2023-11-24,7.4432806968688965
2023-11-27,7.5496134757995605
2023-11-28,7.6076130867004395
2023-11-29,7.491613864898682
2023-11-30,7.597946643829346
2023-12-01,7.945944309234619
2023-12-04,8.013609886169434
2023-12-05,7.984610557556152
2023-12-06,8.013609886169434
2023-12-07,8.0909423828125
2023-12-08,8.197275161743164
2023-12-11,8.216609001159668
2023-12-12,8.216609001159668
2023-12-13,8.303607940673828
2023-12-14,8.429274559020996
2023-12-15,8.535606384277344
2023-12-18,8.554940223693848
2023-12-19,8.564605712890625
2023-12-20,8.506607055664062
2023-12-21,8.825604438781738
2023-12-22,8.970602989196777
2023-12-26,9.009269714355469
2023-12-27,9.028603553771973
2023-12-28,8.980270385742188
2024-01-02,8.825604438781738
2024-01-03,8.777271270751953
2024-01-04,8.641938209533691
2024-01-05,8.62260627746582
2024-01-08,8.564605712890625
2024-01-09,8.34227466583252
2024-01-10,8.119942665100098
2024-01-11,8.235941886901855
2024-01-12,8.18760871887207
2024-01-15,8.255274772644043
2024-01-16,8.0909423828125
2024-01-17,8.013609886169434
2024-01-18,8.235941886901855
2024-01-19,8.216609001159668
2024-01-22,8.313275337219238
2024-01-23,8.351941108703613
2024-01-24,8.670939445495605
2024-01-25,8.728938102722168
2024-01-26,9.183268547058105
2024-01-29,8.989936828613281
2024-01-30,8.786937713623047
2024-01-31,8.8836030960083
2024-02-01,8.922269821166992
2024-02-02,8.786937713623047
2024-02-05,8.786937713623047
2024-02-06,8.912604331970215
2024-02-07,9.018936157226562
2024-02-08,9.086602210998535
2024-02-09,8.970602989196777
2024-02-14,9.047935485839844
2024-02-15,9.550599098205566
2024-02-16,9.772931098937988
2024-02-19,9.821264266967773
2024-02-20,9.985595703125
2024-02-21,10.004929542541504
2024-02-22,10.294926643371582
2024-02-23,10.343259811401367
2024-02-26,10.314260482788086
2024-02-27,10.478592872619629
2024-02-28,10.584924697875977
2024-02-29,10.700923919677734
2024-03-01,10.739590644836426
2024-03-04,10.343259811401367
2024-03-05,10.381926536560059
2024-03-06,10.391592979431152
2024-03-07,10.275594711303711
2024-03-08,10.497925758361816
2024-03-11,10.004929542541504
2024-03-12,9.869597434997559
2024-03-13,9.7535982131958
2024-03-14,9.550599098205566
2024-03-15,9.453932762145996
2024-03-18,9.598932266235352
2024-03-19,9.830930709838867
2024-03-20,10.033928871154785
2024-03-21,9.985595703125
2024-03-22,9.811596870422363
2024-03-25,9.637598991394043
2024-03-26,9.598932266235352
2024-03-27,9.705265045166016
2024-03-28,9.676265716552734
2024-04-01,9.7535982131958
2024-04-02,9.89859676361084
2024-04-03,9.830930709838867
2024-04-04,9.840597152709961
2024-04-05,9.589265823364258
2024-04-08,10.149928092956543
2024-04-09,10.294926643371582
2024-04-10,10.014595985412598
2024-04-11,9.927597045898438
2024-04-12,9.830930709838867
2024-04-15,9.879263877868652
2024-04-16,9.71493148803711
2024-04-17,9.589265823364258
2024-04-18,9.608598709106445
2024-04-19,9.985595703125
2024-04-22,10.217594146728516
2024-04-23,8.796605110168457
2024-04-24,8.467940330505371
2024-04-25,8.206941604614258
2024-04-26,8.199999809265137
2024-04-29,8.210000038146973
2024-04-30,7.909999847412109
2024-05-02,7.980000019073486
2024-05-03,8.0
2024-05-06,8.039999961853027
2024-05-07,8.010000228881836
2024-05-08,8.0600004196167
2024-05-09,8.0
2024-05-10,7.960000038146973
2024-05-13,7.980000019073486
2024-05-14,7.900000095367432
2024-05-15,7.929999828338623
2024-05-16,7.96999979019165
2024-05-17,7.960000038146973
2024-05-20,8.149999618530273
2024-05-21,8.289999961853027
2024-05-22,8.170000076293945
2024-05-23,8.029999732971191
2024-05-24,7.929999828338623
2024-05-27,8.010000228881836
2024-05-28,7.909999847412109
2024-05-29,7.769999980926514
2024-05-31,7.570000171661377
2024-06-03,7.579999923706055
2024-06-04,7.480000019073486
2024-06-05,7.289999961853027
2024-06-06,7.320000171661377
2024-06-07,7.179999828338623
2024-06-10,7.050000190734863
2024-06-11,7.130000114440918
2024-06-12,7.050000190734863
2024-06-13,7.159999847412109
2024-06-14,7.179999828338623
2024-06-17,7.099999904632568
2024-06-18,7.230000019073486
2024-06-19,7.340000152587891
2024-06-20,7.610000133514404
2024-06-21,7.539999961853027
2024-06-24,7.690000057220459
2024-06-25,7.539999961853027
2024-06-26,7.789999961853027
2024-06-27,8.0
2024-06-28,7.909999847412109
2024-07-01,7.869999885559082
2024-07-02,7.96999979019165
2024-07-03,7.989999771118164
2024-07-04,8.149999618530273
2024-07-05,7.989999771118164
2024-07-08,7.869999885559082
2024-07-09,8.020000457763672
2024-07-10,7.920000076293945
2024-07-11,8.0
2024-07-12,8.0600004196167
2024-07-15,8.170000076293945
2024-07-16,8.140000343322754
2024-07-17,8.550000190734863
2024-07-18,8.399999618530273
2024-07-19,8.529999732971191
2024-07-22,8.5600004196167
2024-07-23,8.289999961853027
2024-07-24,8.109999656677246
2024-07-25,8.279999732971191
2024-07-26,6.329999923706055
2024-07-29,6.050000190734863
2024-07-30,6.329999923706055
2024-07-31,6.21999979019165
2024-08-01,6.130000114440918
2024-08-02,5.940000057220459
2024-08-05,5.809999942779541
2024-08-06,5.769999980926514
2024-08-07,5.730000019073486
2024-08-08,5.829999923706055
2024-08-09,5.949999809265137
2024-08-12,6.059999942779541
2024-08-13,6.25
2024-08-14,6.090000152587891
2024-08-15,6.179999828338623
2024-08-16,6.079999923706055
2024-08-19,6.5
2024-08-20,6.449999809265137
2024-08-21,6.639999866485596
2024-08-22,6.409999847412109
2024-08-23,6.579999923706055
2024-08-26,6.599999904632568
2024-08-27,6.460000038146973
2024-08-28,6.239999771118164
2024-08-29,6.230000019073486
2024-08-30,6.230000019073486
2024-09-02,6.159999847412109
2024-09-03,5.960000038146973
2024-09-04,6.079999923706055
2024-09-05,6.079999923706055
2024-09-06,5.989999771118164
2024-09-09,5.840000152587891
2024-09-10,5.769999980926514
2024-09-11,5.909999847412109
2024-09-12,5.909999847412109
2024-09-13,6.170000076293945
2024-09-16,6.050000190734863
2024-09-17,6.090000152587891
2024-09-18,6.260000228881836
2024-09-19,6.230000019073486
2024-09-20,5.880000114440918
2024-09-23,5.599999904632568
2024-09-24,6.03000020980835
2024-09-25,6.039999961853027
2024-09-26,6.380000114440918
2024-09-27,6.239999771118164
2024-09-30,6.239999771118164
2024-10-01,6.239999771118164
2024-10-02,6.309999942779541
2024-10-03,6.110000133514404
2024-10-04,6.210000038146973
2024-10-07,6.28000020980835
2024-10-08,6.019999980926514
2024-10-09,6.289999961853027
2024-10-10,6.230000019073486
2024-10-11,6.25
2024-10-14,6.269999980926514
2024-10-15,6.119999885559082
2024-10-16,6.170000076293945
2024-10-17,6.070000171661377
2024-10-18,6.119999885559082
2024-10-21,6.269999980926514
2024-10-22,6.150000095367432
2024-10-23,6.269999980926514
2024-10-24,6.369999885559082
2024-10-25,6.639999866485596
2024-10-28,6.630000114440918
2024-10-29,6.429999828338623
2024-10-30,6.570000171661377
2024-10-31,6.610000133514404
2024-11-01,6.320000171661377
2024-11-04,6.559999942779541
2024-11-05,6.659999847412109
2024-11-06,6.619999885559082
2024-11-07,6.650000095367432
2024-11-08,6.25
2024-11-11,6.090000152587891
2024-11-12,6.0
2024-11-13,6.090000152587891
2024-11-14,6.099999904632568
2024-11-18,6.199999809265137
2024-11-19,6.210000038146973
2024-11-21,6.050000190734863
2024-11-22,6.179999828338623
2024-11-25,6.25
2024-11-26,6.239999771118164
2024-11-27,6.360000133514404
2024-11-28,6.059999942779541
2024-11-29,6.139999866485596
2024-12-02,6.170000076293945
2024-12-03,6.079999923706055
2024-12-04,6.070000171661377
2024-12-05,6.159999847412109
2024-12-06,5.980000019073486
2024-12-09,6.119999885559082
2024-12-10,6.119999885559082
2024-12-11,6.130000114440918
2024-12-12,5.960000038146973
2024-12-13,5.860000133514404
2024-12-16,5.829999923706055
2024-12-17,5.78000020980835
2024-12-18,5.550000190734863
2024-12-19,5.519999980926514
2024-12-20,5.429999828338623
2024-12-23,5.239999771118164
2024-12-26,5.289999961853027
2024-12-27,5.289999961853027
2024-12-30,5.320000171661377
2025-01-02,5.159999847412109
2025-01-03,4.849999904632568
2025-01-06,5.090000152587891
2025-01-07,5.079999923706055
2025-01-08,4.880000114440918
2025-01-09,4.789999961853027
2025-01-10,4.760000228881836
2025-01-13,4.75
2025-01-14,4.679999828338623
2025-01-15,4.949999809265137
2025-01-16,4.840000152587891
2025-01-17,5.010000228881836
2025-01-20,5.039999961853027
2025-01-21,5.309999942779541
2025-01-22,5.21999979019165
2025-01-23,5.150000095367432
2025-01-24,5.230000019073486
2025-01-27,5.409999847412109
2025-01-28,5.329999923706055
2025-01-29,5.400000095367432
2025-01-30,5.639999866485596
2025-01-31,5.510000228881836
2025-02-03,5.53000020980835
2025-02-04,5.480000019073486
2025-02-05,5.5
2025-02-06,5.599999904632568
2025-02-07,5.599999904632568
2025-02-10,5.71999979019165
2025-02-11,5.920000076293945
2025-02-12,5.679999828338623
2025-02-13,5.869999885559082
2025-02-14,5.980000019073486
2025-02-17,5.949999809265137
2025-02-18,6.039999961853027
2025-02-19,6.070000171661377
2025-02-20,6.130000114440918
2025-02-21,5.980000019073486
2025-02-24,5.820000171661377
2025-02-25,5.909999847412109
2025-02-26,5.96999979019165
2025-02-27,5.960000038146973
2025-02-28,5.710000038146973
2025-03-05,5.849999904632568
2025-03-06,5.920000076293945
2025-03-07,6.019999980926514
2025-03-10,5.960000038146973
2025-03-11,5.860000133514404
