Date,VALE3.SA
2015-01-02,11.099471092224121
2015-01-05,10.932561874389648
2015-01-06,11.370697975158691
2015-01-07,11.787971496582031
2015-01-08,11.913152694702148
2015-01-09,11.657575607299805
2015-01-12,11.808832168579102
2015-01-13,11.741025924682617
2015-01-14,10.79694938659668
2015-01-15,10.922130584716797
2015-01-16,11.412423133850098
2015-01-19,11.292461395263672
2015-01-20,11.339401245117188
2015-01-21,11.516743659973145
2015-01-22,11.428071975708008
2015-01-23,10.703062057495117
2015-01-26,10.212764739990234
2015-01-27,9.910242080688477
2015-01-28,9.852866172790527
2015-01-29,9.414730072021484
2015-01-30,9.706820487976074
2015-02-02,10.296218872070312
2015-02-03,10.8856201171875
2015-02-04,10.718710899353027
2015-02-05,10.666549682617188
2015-02-06,10.65090274810791
2015-02-09,11.261165618896484
2015-02-10,10.640467643737793
2015-02-11,11.005582809448242
2015-02-12,11.255948066711426
2015-02-13,11.725381851196289
2015-02-18,11.845342636108398
2015-02-19,11.527177810668945
2015-02-20,11.798408508300781
2015-02-23,11.276812553405762
2015-02-24,11.495881080627441
2015-02-25,11.548035621643066
2015-02-26,11.083822250366211
2015-02-27,11.083822250366211
2015-03-02,10.72392463684082
2015-03-03,10.843890190124512
2015-03-04,10.63525390625
2015-03-05,10.171036720275879
2015-03-06,10.217982292175293
2015-03-09,10.191900253295898
2015-03-10,9.96240234375
2015-03-11,9.837220191955566
2015-03-12,9.837220191955566
2015-03-13,9.847648620605469
2015-03-16,9.858083724975586
2015-03-17,10.369241714477539
2015-03-18,10.217982292175293
2015-03-19,9.988479614257812
2015-03-20,10.562230110168457
2015-03-23,10.630037307739258
2015-03-24,10.212764739990234
2015-03-25,10.306652069091797
2015-03-26,9.868513107299805
2015-03-27,9.571208000183105
2015-03-30,9.712037086486816
2015-03-31,9.357355117797852
2015-04-01,9.14871883392334
2015-04-02,9.388648986816406
2015-04-06,9.45645523071289
2015-04-07,9.910242080688477
2015-04-08,9.77984619140625
2015-04-09,9.80592155456543
2015-04-10,9.607721328735352
2015-04-13,9.51383113861084
2015-04-14,9.77984619140625
2015-04-15,10.02329158782959
2015-04-16,9.732294082641602
2015-04-17,9.592183113098145
2015-04-20,9.554458618164062
2015-04-22,10.481344223022461
2015-04-23,11.365119934082031
2015-04-24,12.502168655395508
2015-04-27,12.642278671264648
2015-04-28,12.151893615722656
2015-04-29,11.375893592834473
2015-04-30,12.205781936645508
2015-05-04,13.353609085083008
2015-05-05,14.582270622253418
2015-05-06,13.43444538116455
2015-05-07,12.868612289428711
2015-05-08,12.259672164916992
2015-05-11,12.545280456542969
2015-05-12,12.033337593078613
2015-05-13,11.6399507522583
2015-05-14,11.494452476501465
2015-05-15,11.467508316040039
2015-05-18,10.90706729888916
2015-05-19,10.842399597167969
2015-05-20,10.6968994140625
2015-05-21,10.912453651428223
2015-05-22,10.917842864990234
2015-05-25,11.0848970413208
2015-05-26,11.203453063964844
2015-05-27,11.289677619934082
2015-05-28,11.068731307983398
2015-05-29,10.804677963256836
2015-06-01,10.799290657043457
2015-06-02,11.505229949951172
2015-06-03,11.257342338562012
2015-06-05,11.101064682006836
2015-06-08,10.831624031066895
2015-06-09,10.76695728302002
2015-06-10,11.42978572845459
2015-06-11,11.494452476501465
2015-06-12,11.402840614318848
2015-06-15,10.960953712463379
2015-06-16,10.643011093139648
2015-06-17,10.49212646484375
2015-06-18,10.9932861328125
2015-06-19,10.950177192687988
2015-06-22,10.610677719116211
2015-06-23,10.675342559814453
2015-06-24,10.669954299926758
2015-06-25,10.411288261413574
2015-06-26,10.572955131530762
2015-06-29,10.346622467041016
2015-06-30,9.856237411499023
2015-07-01,9.759237289428711
2015-07-02,9.73768138885498
2015-07-03,9.52751636505127
2015-07-06,9.511351585388184
2015-07-07,9.662238121032715
2015-07-08,9.247293472290039
2015-07-10,9.220351219177246
2015-07-13,9.969403266906738
2015-07-14,9.602960586547852
2015-07-15,9.220351219177246
2015-07-16,9.505959510803223
2015-07-17,9.403573989868164
2015-07-20,9.328128814697266
2015-07-21,9.457460403442383
2015-07-22,9.317352294921875
2015-07-23,9.333515167236328
2015-07-24,9.047906875610352
2015-07-27,9.03174114227295
2015-07-28,9.748459815979004
2015-07-29,9.888569831848145
2015-07-30,9.403573989868164
2015-07-31,9.62990665435791
2015-08-03,9.479016304016113
2015-08-04,9.7538480758667
2015-08-05,10.244234085083008
2015-08-06,10.551401138305664
2015-08-07,9.926294326782227
2015-08-10,10.427456855773926
2015-08-11,10.02329158782959
2015-08-12,10.195734977722168
2015-08-13,9.958623886108398
2015-08-14,9.807737350463867
2015-08-17,9.705348014831543
2015-08-18,9.387405395507812
2015-08-19,9.074851989746094
2015-08-20,9.252684593200684
2015-08-21,8.999407768249512
2015-08-24,8.29885196685791
2015-08-25,8.271909713745117
2015-08-26,8.568296432495117
2015-08-27,9.532905578613281
2015-08-28,9.328128814697266
2015-08-31,9.656848907470703
2015-09-01,9.214961051940918
2015-09-02,9.759237289428711
2015-09-03,10.093347549438477
2015-09-04,9.829293251037598
2015-09-08,10.20112419128418
2015-09-09,10.271180152893066
2015-09-10,10.745400428771973
2015-09-11,10.481344223022461
2015-09-14,10.31967830657959
2015-09-15,10.02329158782959
2015-09-16,10.26040267944336
2015-09-17,10.502899169921875
2015-09-18,10.729231834411621
2015-09-21,10.740013122558594
2015-09-22,10.486733436584473
2015-09-23,10.184958457946777
2015-09-24,9.942460060119629
2015-09-25,9.662238121032715
2015-09-28,8.940130233764648
2015-09-29,8.880850791931152
2015-09-30,8.934741020202637
2015-10-01,9.279627799987793
2015-10-02,9.602960586547852
2015-10-05,9.775403022766113
2015-10-06,9.867013931274414
2015-10-07,10.858564376831055
2015-10-08,10.810066223144531
2015-10-09,11.203453063964844
2015-10-13,10.012514114379883
2015-10-14,10.077181816101074
2015-10-15,10.222678184509277
2015-10-16,10.125717163085938
2015-10-19,9.784893989562988
2015-10-20,9.680450439453125
2015-10-21,9.944310188293457
2015-10-22,10.175188064575195
2015-10-23,10.224661827087402
2015-10-26,9.817877769470215
2015-10-27,9.361614227294922
2015-10-28,9.108745574951172
2015-10-29,8.872369766235352
2015-10-30,9.378105163574219
2015-11-03,9.75740909576416
2015-11-04,9.565010070800781
2015-11-05,9.31763744354248
2015-11-06,8.614006042480469
2015-11-09,8.487571716308594
2015-11-10,8.454588890075684
2015-11-11,8.421606063842773
2015-11-12,8.273181915283203
2015-11-13,8.449090957641602
2015-11-16,8.273181915283203
2015-11-17,7.981834888458252
2015-11-18,8.020315170288086
2015-11-19,8.04780101776123
2015-11-23,7.8334126472473145
2015-11-24,7.954348564147949
2015-11-25,7.728967666625977
2015-11-26,7.800428867340088
2015-11-27,7.311185836791992
2015-11-30,7.23972225189209
2015-12-01,7.058318138122559
2015-12-02,7.113288879394531
2015-12-03,7.074807643890381
2015-12-04,6.788958549499512
2015-12-07,6.711998462677002
2015-12-08,6.4041571617126465
2015-12-09,6.640533924102783
2015-12-10,6.964865207672119
2015-12-11,6.711998462677002
2015-12-14,6.849425315856934
2015-12-15,7.080306529998779
2015-12-16,7.283697605133057
2015-12-17,7.003345966339111
2015-12-18,7.08580207824707
2015-12-21,6.7559733390808105
2015-12-22,6.898899555206299
2015-12-23,7.267208099365234
2015-12-28,6.948375225067139
2015-12-29,6.992351531982422
2015-12-30,7.1627607345581055
2016-01-04,6.975858688354492
2016-01-05,6.88240909576416
2016-01-06,6.376673698425293
2016-01-07,5.997369766235352
2016-01-08,5.793977737426758
2016-01-11,5.629061698913574
2016-01-12,5.172800540924072
2016-01-13,4.947417736053467
2016-01-14,5.304732322692871
2016-01-15,5.150812149047852
2016-01-18,4.886950492858887
2016-01-19,5.0463666915893555
2016-01-20,5.062858581542969
2016-01-21,5.024377822875977
2016-01-22,4.96390962600708
2016-01-26,4.919931411743164
2016-01-27,5.172800540924072
2016-01-28,5.128824710845947
2016-01-29,5.343212127685547
2016-02-01,5.222275257110596
2016-02-02,4.727533340454102
2016-02-03,4.952916622161865
2016-02-04,5.68403434753418
2016-02-05,5.623564720153809
2016-02-10,5.60707426071167
2016-02-11,5.425667762756348
2016-02-12,5.6345601081848145
2016-02-15,5.7774858474731445
2016-02-16,6.20626163482666
2016-02-17,6.547084331512451
2016-02-18,6.327198505401611
2016-02-19,6.503106117248535
2016-02-22,7.223230838775635
2016-02-23,6.805448532104492
2016-02-24,6.437140941619873
2016-02-25,6.057839393615723
2016-02-26,6.046844005584717
2016-02-29,6.492111682891846
2016-03-01,7.041825771331787
2016-03-02,7.816921710968018
2016-03-03,8.586520195007324
2016-03-04,9.097752571105957
2016-03-07,9.663956642150879
2016-03-08,8.262188911437988
2016-03-09,7.970839023590088
2016-03-10,7.695982933044434
2016-03-11,7.6245222091674805
2016-03-14,7.388144493103027
2016-03-15,7.4101338386535645
2016-03-16,8.146747589111328
2016-03-17,8.520553588867188
2016-03-18,8.427103042602539
2016-03-21,8.328154563903809
2016-03-22,8.482073783874512
2016-03-23,7.76194953918457
2016-03-24,8.273181915283203
2016-03-28,8.33914852142334
2016-03-29,8.295173645019531
2016-03-30,8.54254150390625
2016-03-31,8.328154563903809
2016-04-01,8.52605152130127
2016-04-04,8.130256652832031
2016-04-05,8.405113220214844
2016-04-06,8.284177780151367
2016-04-07,8.251194953918457
2016-04-08,8.92734146118164
2016-04-11,9.328633308410645
2016-04-12,10.301624298095703
2016-04-13,10.757884979248047
2016-04-14,10.004777908325195
2016-04-15,10.224661827087402
2016-04-18,10.47203540802002
2016-04-19,11.247129440307617
2016-04-20,11.96175765991211
2016-04-22,10.625954627990723
2016-04-25,9.92781925201416
2016-04-26,10.274140357971191
2016-04-27,10.69192123413086
2016-04-28,10.878822326660156
2016-04-29,10.8238525390625
2016-05-02,10.92280101776123
2016-05-03,10.257649421691895
2016-05-04,9.565010070800781
2016-05-05,9.158222198486328
2016-05-06,9.279158592224121
2016-05-09,8.37213134765625
2016-05-10,8.723946571350098
2016-05-11,8.76242733001709
2016-05-12,8.487571716308594
2016-05-13,8.06978988647461
2016-05-16,8.2072172164917
2016-05-17,8.317159652709961
2016-05-18,8.086281776428223
2016-05-19,8.185229301452637
2016-05-20,7.767447471618652
2016-05-23,7.937857627868652
2016-05-24,7.706977844238281
2016-05-25,8.0368070602417
2016-05-27,7.855400562286377
2016-05-30,7.849902629852295
2016-05-31,7.816921710968018
2016-06-01,7.932361602783203
2016-06-02,8.218213081359863
2016-06-03,8.92734146118164
2016-06-06,9.284655570983887
2016-06-07,9.108745574951172
2016-06-08,9.345123291015625
2016-06-09,8.630496978759766
2016-06-10,8.218213081359863
2016-06-13,8.355639457702637
2016-06-14,8.042304992675781
2016-06-15,8.245697021484375
2016-06-16,8.37213134765625
2016-06-17,8.399618148803711
2016-06-20,8.559033393859863
2016-06-21,8.575525283813477
2016-06-22,8.71295166015625
2016-06-23,9.11974048614502
2016-06-24,8.361136436462402
2016-06-27,8.135753631591797
2016-06-28,8.498564720153809
2016-06-29,8.635992050170898
2016-06-30,8.943832397460938
2016-07-01,9.13623332977295
2016-07-04,9.328633308410645
2016-07-05,8.82839298248291
2016-07-06,8.954827308654785
2016-07-07,8.806405067443848
2016-07-08,8.899855613708496
2016-07-11,9.268162727355957
2016-07-12,9.724427223205566
2016-07-13,9.79588794708252
2016-07-14,9.53752326965332
2016-07-15,9.532026290893555
2016-07-18,9.663956642150879
2016-07-19,9.257168769836426
2016-07-20,9.075762748718262
2016-07-21,9.565010070800781
2016-07-22,9.427579879760742
2016-07-25,9.576003074645996
2016-07-26,10.125717163085938
2016-07-27,10.400571823120117
2016-07-28,10.46653938293457
2016-07-29,10.169693946838379
2016-08-01,9.839862823486328
2016-08-02,9.8893404006958
2016-08-03,10.345601081848145
2016-08-04,10.312617301940918
2016-08-05,10.428058624267578
2016-08-08,10.43355655670166
2016-08-09,10.439054489135742
2016-08-10,9.944310188293457
2016-08-11,10.120220184326172
2016-08-12,9.872847557067871
2016-08-15,10.131213188171387
2016-08-16,10.43355655670166
2016-08-17,10.510515213012695
2016-08-18,10.400571823120117
2016-08-19,10.488526344299316
2016-08-22,10.103726387023926
2016-08-23,10.307123184204102
2016-08-24,9.97729206085205
2016-08-25,9.993783950805664
2016-08-26,9.735420227050781
2016-08-29,9.949808120727539
2016-08-30,9.702438354492188
2016-08-31,9.312140464782715
2016-09-01,9.58699893951416
2016-09-02,10.026768684387207
2016-09-05,9.839862823486328
2016-09-06,10.043259620666504
2016-09-08,9.779397964477539
2016-09-09,9.268162727355957
2016-09-12,9.614482879638672
2016-09-13,8.943832397460938
2016-09-14,9.147226333618164
2016-09-15,9.147226333618164
2016-09-16,9.020792961120605
2016-09-19,9.158222198486328
2016-09-20,9.18021011352539
2016-09-21,9.702438354492188
2016-09-22,9.647465705871582
2016-09-23,9.702438354492188
2016-09-26,9.58699893951416
2016-09-27,9.67495059967041
2016-09-28,9.999281883239746
2016-09-29,9.8893404006958
2016-09-30,9.79039192199707
2016-10-03,9.949808120727539
2016-10-04,9.702438354492188
2016-10-05,9.817877769470215
2016-10-06,9.784893989562988
2016-10-07,9.894835472106934
2016-10-10,10.47203540802002
2016-10-11,10.224661827087402
2016-10-13,9.75740909576416
2016-10-14,9.90583324432373
2016-10-17,10.026768684387207
2016-10-18,10.318114280700684
2016-10-19,10.235658645629883
2016-10-20,10.49952220916748
2016-10-21,10.944787979125977
2016-10-24,11.159177780151367
2016-10-25,11.736373901367188
2016-10-26,11.967254638671875
2016-10-27,12.093688011169434
2016-10-28,12.170644760131836
2016-10-31,12.137664794921875
2016-11-01,12.258602142333984
2016-11-03,12.071701049804688
2016-11-04,11.879302024841309
2016-11-07,12.714862823486328
2016-11-08,13.176624298095703
2016-11-09,13.742829322814941
2016-11-10,14.770792961120605
2016-11-11,14.281547546386719
2016-11-14,14.545411109924316
2016-11-16,13.825286865234375
2016-11-17,13.59990119934082
2016-11-18,13.506450653076172
2016-11-21,14.199091911315918
2016-11-22,15.265531539916992
2016-11-23,15.485419273376465
2016-11-24,15.166584014892578
2016-11-25,15.886711120605469
2016-11-28,17.04660415649414
2016-11-29,16.040630340576172
2016-11-30,15.424951553344727
2016-12-01,15.650333404541016
2016-12-02,16.306285858154297
2016-12-05,16.367111206054688
2016-12-06,16.588285446166992
2016-12-07,17.157821655273438
2016-12-08,16.66016960144043
2016-12-09,16.37264060974121
2016-12-12,16.306285858154297
2016-12-13,15.664872169494629
2016-12-14,15.416048049926758
2016-12-15,15.609575271606445
2016-12-16,15.344164848327637
2016-12-19,14.404160499572754
2016-12-20,14.697221755981445
2016-12-21,14.641926765441895
2016-12-22,14.033689498901367
2016-12-23,13.928630828857422
2016-12-26,14.370985984802246
2016-12-27,14.299104690551758
2016-12-28,14.752521514892578
2016-12-29,14.19957447052002
2017-01-02,13.856748580932617
2017-01-03,14.470516204833984
2017-01-04,14.210633277893066
2017-01-05,14.752521514892578
2017-01-06,14.359926223754883
2017-01-09,14.652986526489258
2017-01-10,15.780989646911621
2017-01-11,16.107227325439453
2017-01-12,16.62699317932129
2017-01-13,17.130168914794922
2017-01-16,17.594640731811523
2017-01-17,16.90346336364746
2017-01-18,17.754993438720703
2017-01-19,17.401113510131836
2017-01-20,17.74946403503418
2017-01-23,18.41853141784668
2017-01-24,18.87194061279297
2017-01-26,18.578880310058594
2017-01-27,18.63417625427246
2017-01-30,17.832408905029297
2017-01-31,17.793704986572266
2017-02-01,18.186288833618164
2017-02-02,18.05911636352539
2017-02-03,16.925582885742188
2017-02-06,16.544050216674805
2017-02-07,16.720993041992188
2017-02-08,16.91452407836914
2017-02-09,17.18546485900879
2017-02-10,18.136526107788086
2017-02-13,19.800884246826172
2017-02-14,19.021236419677734
2017-02-15,18.700529098510742
2017-02-16,18.672882080078125
2017-02-17,18.83876609802246
2017-02-20,20.14371109008789
2017-02-21,19.651588439941406
2017-02-22,19.181589126586914
2017-02-23,18.341114044189453
2017-02-24,18.0922908782959
2017-03-01,18.341114044189453
2017-03-02,17.395584106445312
2017-03-03,17.594640731811523
2017-03-06,17.196523666381836
2017-03-07,17.09699249267578
2017-03-08,16.654640197753906
2017-03-09,16.687816619873047
2017-03-10,16.394756317138672
2017-03-13,17.146757125854492
2017-03-14,17.235225677490234
2017-03-15,18.42405891418457
2017-03-16,17.98723602294922
2017-03-17,17.307111740112305
2017-03-20,17.489585876464844
2017-03-21,16.057462692260742
2017-03-22,16.256519317626953
2017-03-23,16.168052673339844
2017-03-24,16.035343170166016
2017-03-27,16.250991821289062
2017-03-28,16.48322868347168
2017-03-29,16.649112701416016
2017-03-30,16.64358139038086
2017-03-31,16.47216796875
2017-04-03,16.317344665527344
2017-04-04,16.94770050048828
2017-04-05,16.284168243408203
2017-04-06,15.985580444335938
2017-04-07,16.1182861328125
2017-04-10,16.051929473876953
2017-04-11,15.847342491149902
2017-04-12,15.161693572998047
2017-04-13,15.161693572998047
2017-04-17,15.167222023010254
2017-04-18,14.713812828063965
2017-04-19,14.746987342834473
2017-04-20,15.510050773620605
2017-04-24,15.684649467468262
2017-04-25,16.19890022277832
2017-04-26,15.844636917114258
2017-04-27,15.3303861618042
2017-04-28,15.69607925415039
2017-05-02,16.03319549560547
2017-05-03,15.038979530334473
2017-05-04,14.484724998474121
2017-05-05,14.88470458984375
2017-05-08,14.87327766418457
2017-05-09,15.141828536987305
2017-05-10,15.176109313964844
2017-05-11,15.038979530334473
2017-05-12,14.804707527160645
2017-05-15,15.227537155151367
2017-05-16,15.57608413696289
2017-05-17,15.336103439331055
2017-05-18,15.347526550292969
2017-05-19,15.570367813110352
2017-05-22,15.953204154968262
2017-05-23,16.147476196289062
2017-05-24,15.724642753601074
2017-05-25,15.827493667602539
2017-05-26,15.918920516967773
2017-05-29,15.918920516967773
2017-05-30,16.341747283935547
2017-05-31,15.52466106414795
2017-06-01,15.23896312713623
2017-06-02,15.301817893981934
2017-06-05,15.136117935180664
2017-06-06,15.187540054321289
2017-06-07,15.113259315490723
2017-06-08,15.438952445983887
2017-06-09,15.598937034606934
2017-06-12,15.336103439331055
2017-06-13,15.067547798156738
2017-06-14,14.913270950317383
2017-06-15,14.913270950317383
2017-06-16,14.60472297668457
2017-06-19,15.078973770141602
2017-06-20,14.69043254852295
2017-06-21,15.124686241149902
2017-06-22,15.438952445983887
2017-06-23,15.564657211303711
2017-06-26,15.69607925415039
2017-06-27,15.953204154968262
2017-06-28,16.450313568115234
2017-06-29,16.513160705566406
2017-06-30,16.57030487060547
2017-07-03,16.94170379638672
2017-07-04,16.9245662689209
2017-07-05,16.530303955078125
2017-07-06,16.52459144592285
2017-07-07,16.507450103759766
2017-07-10,16.975990295410156
2017-07-11,17.1645450592041
2017-07-12,17.084552764892578
2017-07-13,16.67315101623535
2017-07-14,16.8674259185791
2017-07-17,16.981706619262695
2017-07-18,17.084552764892578
2017-07-19,17.084552764892578
2017-07-20,16.410316467285156
2017-07-21,16.28461265563965
2017-07-24,16.644580841064453
2017-07-25,17.4902400970459
2017-07-26,16.947420120239258
2017-07-27,16.970279693603516
2017-07-28,17.335962295532227
2017-07-31,17.884496688842773
2017-08-01,17.74736213684082
2017-08-02,17.77593421936035
2017-08-03,17.530241012573242
2017-08-04,17.84450340270996
2017-08-07,18.524452209472656
2017-08-08,18.313039779663086
2017-08-09,18.238759994506836
2017-08-10,17.998781204223633
2017-08-11,17.598806381225586
2017-08-14,17.884496688842773
2017-08-15,17.781648635864258
2017-08-16,18.13019561767578
2017-08-17,17.827360153198242
2017-08-18,18.027345657348633
2017-08-21,18.14162826538086
2017-08-22,18.204479217529297
2017-08-23,18.593027114868164
2017-08-24,19.358684539794922
2017-08-25,19.330116271972656
2017-08-28,19.632953643798828
2017-08-29,19.67866325378418
2017-08-30,19.621524810791016
2017-08-31,20.04435157775879
2017-09-01,20.381467819213867
2017-09-04,20.627168655395508
2017-09-05,20.341476440429688
2017-09-06,20.45575523376465
2017-09-07,20.45575523376465
2017-09-08,19.70151710510254
2017-09-11,20.050064086914062
2017-09-12,20.147201538085938
2017-09-13,19.867225646972656
2017-09-14,19.210124969482422
2017-09-15,19.31297492980957
2017-09-18,19.570100784301758
2017-09-19,19.381540298461914
2017-09-20,18.952993392944336
2017-09-21,18.57588005065918
2017-09-22,18.233047485351562
2017-09-25,17.764509201049805
2017-09-26,17.998781204223633
2017-09-27,18.244476318359375
2017-09-28,18.14162826538086
2017-09-29,18.21019172668457
2017-10-02,18.22733497619629
2017-10-03,18.673019409179688
2017-10-04,18.63302230834961
2017-10-05,18.438749313354492
2017-10-06,18.364465713500977
2017-10-09,17.998781204223633
2017-10-10,17.89592742919922
2017-10-11,17.77022361755371
2017-10-12,17.77022361755371
2017-10-13,18.80443572998047
2017-10-16,19.055849075317383
2017-10-17,18.61587905883789
2017-10-18,18.438749313354492
2017-10-19,18.855859756469727
2017-10-20,18.82729148864746
2017-10-23,18.690156936645508
2017-10-24,19.330116271972656
2017-10-25,19.17012596130371
2017-10-26,18.667301177978516
2017-10-27,18.598735809326172
2017-10-30,18.48445701599121
2017-10-31,18.341611862182617
2017-11-01,18.753009796142578
2017-11-02,18.753009796142578
2017-11-03,19.164413452148438
2017-11-06,19.621524810791016
2017-11-07,19.152982711791992
2017-11-08,19.392963409423828
2017-11-09,18.7415828704834
2017-11-10,18.724441528320312
2017-11-13,18.93585777282715
2017-11-14,18.37589454650879
2017-11-15,18.37589454650879
2017-11-16,18.62730598449707
2017-11-17,18.810148239135742
2017-11-20,18.810148239135742
2017-11-21,19.45582389831543
2017-11-22,19.850082397460938
2017-11-23,20.1129207611084
2017-11-24,20.45003890991211
2017-11-27,20.232908248901367
2017-11-28,20.71287727355957
2017-11-29,20.39861297607422
2017-11-30,20.078632354736328
2017-12-01,20.272907257080078
2017-12-04,21.044286727905273
2017-12-05,20.58146095275879
2017-12-06,20.432899475097656
2017-12-07,20.192913055419922
2017-12-08,20.272907257080078
2017-12-11,20.432899475097656
2017-12-12,20.672880172729492
2017-12-13,20.632883071899414
2017-12-14,20.707162857055664
2017-12-15,21.078571319580078
2017-12-18,21.62138557434082
2017-12-19,21.627099990844727
2017-12-20,22.369909286499023
2017-12-21,22.701313018798828
2017-12-22,22.97846031188965
2017-12-25,22.97846031188965
2017-12-26,23.013113021850586
2017-12-27,23.018888473510742
2017-12-28,23.249887466430664
2017-12-29,23.249887466430664
2018-01-02,24.09302520751953
2018-01-03,23.948650360107422
2018-01-04,24.04682731628418
2018-01-05,24.42219352722168
2018-01-08,24.965038299560547
2018-01-09,24.872634887695312
2018-01-10,24.526147842407227
2018-01-11,25.005460739135742
2018-01-12,25.149837493896484
2018-01-15,25.103641510009766
2018-01-16,24.42797088623047
2018-01-17,24.918838500976562
2018-01-18,24.751367568969727
2018-01-19,24.762920379638672
2018-01-22,24.630094528198242
2018-01-23,23.636802673339844
2018-01-24,24.127674102783203
2018-01-25,24.127674102783203
2018-01-26,23.925552368164062
2018-01-29,24.191200256347656
2018-01-30,23.948650360107422
2018-01-31,23.937103271484375
2018-02-01,24.133451461791992
2018-02-02,23.561731338500977
2018-02-05,23.301856994628906
2018-02-06,24.526147842407227
2018-02-07,24.08724594116211
2018-02-08,24.017948150634766
2018-02-09,24.254722595214844
2018-02-14,25.7042293548584
2018-02-15,26.53582000732422
2018-02-16,26.582019805908203
2018-02-19,26.824567794799805
2018-02-20,26.281723022460938
2018-02-21,25.8716983795166
2018-02-22,26.374120712280273
2018-02-23,26.61089324951172
2018-02-26,27.37318229675293
2018-02-27,27.3327579498291
2018-02-28,26.01607894897461
2018-03-01,25.669578552246094
2018-03-02,25.265338897705078
2018-03-05,25.236465454101562
2018-03-06,25.115188598632812
2018-03-07,25.026708602905273
2018-03-08,24.214876174926758
2018-03-09,24.588668823242188
2018-03-12,24.79892921447754
2018-03-13,24.60618782043457
2018-03-14,24.880695343017578
2018-03-15,24.763885498046875
2018-03-16,24.705480575561523
2018-03-19,24.004613876342773
2018-03-20,24.2966365814209
2018-03-21,24.822290420532227
2018-03-22,24.489376068115234
2018-03-23,24.2966365814209
2018-03-26,24.530261993408203
2018-03-27,23.86444854736328
2018-03-28,24.261600494384766
2018-03-29,24.65291404724121
2018-04-02,25.11431312561035
2018-04-03,25.038387298583984
2018-04-04,24.851486206054688
2018-04-05,25.260332107543945
2018-04-06,24.96246337890625
2018-04-09,25.085113525390625
2018-04-10,26.188974380493164
2018-04-11,26.072168350219727
2018-04-12,26.17145538330078
2018-04-13,26.270750045776367
2018-04-16,26.013761520385742
2018-04-17,26.825593948364258
2018-04-18,27.730884552001953
2018-04-19,27.935304641723633
2018-04-20,27.8184871673584
2018-04-23,27.742565155029297
2018-04-24,28.21564292907715
2018-04-25,28.005386352539062
2018-04-26,28.443424224853516
2018-04-27,28.239002227783203
2018-04-30,28.425899505615234
2018-05-02,28.44926643371582
2018-05-03,28.671207427978516
2018-05-04,29.027475357055664
2018-05-07,28.75881576538086
2018-05-08,28.729610443115234
2018-05-09,29.34870719909668
2018-05-10,30.020362854003906
2018-05-11,30.73875617980957
2018-05-14,31.696605682373047
2018-05-15,31.91854476928711
2018-05-16,32.64862060546875
2018-05-17,32.34490966796875
2018-05-18,31.988636016845703
2018-05-21,30.954853057861328
2018-05-22,30.569381713867188
2018-05-23,30.33576202392578
2018-05-24,30.63946533203125
2018-05-25,30.067096710205078
2018-05-28,29.8276309967041
2018-05-29,29.2961368560791
2018-05-30,29.570650100708008
2018-06-01,30.814682006835938
2018-06-04,30.674510955810547
2018-06-05,31.381214141845703
2018-06-06,32.747894287109375
2018-06-07,31.755006790161133
2018-06-08,29.722503662109375
2018-06-11,29.699134826660156
2018-06-12,30.19559097290039
2018-06-13,30.107975006103516
2018-06-14,30.201427459716797
2018-06-15,28.694568634033203
2018-06-18,28.741291046142578
2018-06-19,28.20980453491211
2018-06-20,28.507673263549805
2018-06-21,27.57318687438965
2018-06-22,28.04042625427246
2018-06-25,27.543981552124023
2018-06-26,28.233165740966797
2018-06-27,28.1221981048584
2018-06-28,28.659530639648438
2018-06-29,28.963233947753906
2018-07-02,28.478469848632812
2018-07-03,28.01123046875
2018-07-04,28.052106857299805
2018-07-05,29.027475357055664
2018-07-06,29.401277542114258
2018-07-10,28.928190231323242
2018-07-11,28.536876678466797
2018-07-12,29.46552276611328
2018-07-13,29.383750915527344
2018-07-16,29.202695846557617
2018-07-17,29.61153793334961
2018-07-18,30.049577713012695
2018-07-19,28.86978530883789
2018-07-20,28.455106735229492
2018-07-23,28.969072341918945
2018-07-24,29.96780776977539
2018-07-25,30.22478485107422
2018-07-26,30.826364517211914
2018-07-27,31.217674255371094
2018-07-30,31.731645584106445
2018-07-31,32.029518127441406
2018-08-01,30.98990821838379
2018-08-02,30.861408233642578
2018-08-03,31.576679229736328
2018-08-06,31.486553192138672
2018-08-07,31.696855545043945
2018-08-08,31.486553192138672
2018-08-09,31.150047302246094
2018-08-10,31.071941375732422
2018-08-13,31.414447784423828
2018-08-14,31.702865600585938
2018-08-15,30.2907772064209
2018-08-16,29.87616729736328
2018-08-17,30.525127410888672
2018-08-20,30.90969467163086
2018-08-21,31.083953857421875
2018-08-22,32.02734375
2018-08-23,32.05739212036133
2018-08-24,32.53810501098633
2018-08-27,33.45145797729492
2018-08-28,33.4394416809082
2018-08-29,33.181053161621094
2018-08-30,32.79047393798828
2018-08-31,32.219635009765625
2018-09-03,32.4780158996582
2018-09-04,31.246192932128906
2018-09-05,31.336322784423828
2018-09-06,32.135501861572266
2018-09-10,31.979270935058594
2018-09-11,31.60071563720703
2018-09-12,32.11747360229492
2018-09-13,32.31576919555664
2018-09-14,33.16903305053711
2018-09-17,33.07289123535156
2018-09-18,34.45493698120117
2018-09-19,35.200035095214844
2018-09-20,35.644691467285156
2018-09-21,36.660194396972656
2018-09-24,36.17347717285156
2018-09-25,37.3752555847168
2018-09-26,36.05930709838867
2018-09-27,35.7408332824707
2018-09-28,35.94514465332031
2018-10-01,36.29365158081055
2018-10-02,36.77436447143555
2018-10-03,36.02325439453125
2018-10-04,35.33222961425781
2018-10-05,34.54507064819336
2018-10-08,34.28068161010742
2018-10-09,34.67125701904297
2018-10-10,33.583648681640625
2018-10-11,33.938167572021484
2018-10-15,34.653228759765625
2018-10-16,34.67125701904297
2018-10-17,35.33222961425781
2018-10-18,33.950191497802734
2018-10-19,33.96821594238281
2018-10-22,35.073848724365234
2018-10-23,34.10041427612305
2018-10-24,32.70635223388672
2018-10-25,32.814510345458984
2018-10-26,33.40939712524414
2018-10-29,31.907167434692383
2018-10-30,32.36985397338867
2018-10-31,34.07637405395508
2018-11-01,34.551082611083984
2018-11-05,34.56909942626953
2018-11-06,34.38884353637695
2018-11-07,34.605159759521484
2018-11-08,34.26264953613281
2018-11-09,32.83854293823242
2018-11-12,32.958717346191406
2018-11-13,33.811988830566406
2018-11-14,33.14500045776367
2018-11-16,33.7398796081543
2018-11-19,33.27118682861328
2018-11-21,32.76643371582031
2018-11-22,32.472007751464844
2018-11-23,30.254728317260742
2018-11-26,30.116519927978516
2018-11-27,29.996339797973633
2018-11-28,31.426464080810547
2018-11-29,31.246192932128906
2018-11-30,31.72690200805664
2018-12-03,32.514068603515625
2018-12-04,31.774978637695312
2018-12-05,31.72690200805664
2018-12-06,31.426464080810547
2018-12-07,30.819557189941406
2018-12-10,30.164596557617188
2018-12-11,30.404945373535156
2018-12-12,30.266738891601562
2018-12-13,30.404945373535156
2018-12-14,30.57320213317871
2018-12-17,30.795528411865234
2018-12-18,30.90969467163086
2018-12-19,30.050426483154297
2018-12-20,29.93024444580078
2018-12-21,30.561180114746094
2018-12-26,30.308809280395508
2018-12-27,29.743976593017578
2018-12-28,30.64530372619629
2019-01-02,30.699386596679688
2019-01-03,29.44352912902832
2019-01-04,31.36035919189453
2019-01-07,31.19211769104004
2019-01-08,31.492555618286133
2019-01-09,32.261688232421875
2019-01-10,31.907167434692383
2019-01-11,31.474533081054688
2019-01-14,31.606725692749023
2019-01-15,31.45650291442871
2019-01-16,31.636768341064453
2019-01-17,32.586177825927734
2019-01-18,32.90464401245117
2019-01-21,33.21710968017578
2019-01-22,33.096927642822266
2019-01-23,33.4394416809082
2019-01-24,33.7398796081543
2019-01-28,25.453628540039062
2019-01-29,25.68196678161621
2019-01-30,28.00139808654785
2019-01-31,27.340417861938477
2019-02-01,27.79108238220215
2019-02-04,26.847692489624023
2019-02-05,26.751550674438477
2019-02-06,25.513715744018555
2019-02-07,24.990947723388672
2019-02-08,25.934343338012695
2019-02-11,25.249332427978516
2019-02-12,26.619356155395508
2019-02-13,27.33440589904785
2019-02-14,27.43656349182129
2019-02-15,27.56875991821289
2019-02-18,27.190196990966797
2019-02-19,27.33440589904785
2019-02-20,27.520681381225586
2019-02-21,27.268314361572266
2019-02-22,28.235742568969727
2019-02-25,28.31385612487793
2019-02-26,28.3619327545166
2019-02-27,28.13960075378418
2019-02-28,28.30183982849121
2019-03-01,28.085519790649414
2019-03-06,28.872682571411133
2019-03-07,29.359405517578125
2019-03-08,29.353397369384766
2019-03-11,29.972318649291992
2019-03-12,30.026386260986328
2019-03-13,30.465044021606445
2019-03-14,30.471044540405273
2019-03-15,30.374902725219727
2019-03-18,30.32082748413086
2019-03-19,31.18610382080078
2019-03-20,30.380918502807617
2019-03-21,30.57921028137207
2019-03-22,30.074460983276367
2019-03-25,29.774023056030273
2019-03-26,30.212669372558594
2019-03-27,29.804059982299805
2019-03-28,29.623790740966797
2019-03-29,30.60324478149414
2019-04-01,31.606725692749023
2019-04-02,31.023868560791016
2019-04-03,31.113998413085938
2019-04-04,31.34233283996582
2019-04-05,31.234176635742188
2019-04-08,32.08142852783203
2019-04-09,31.45650291442871
2019-04-10,31.101980209350586
2019-04-11,31.120004653930664
2019-04-12,30.933731079101562
2019-04-15,30.843595504760742
2019-04-16,31.907167434692383
2019-04-17,31.39641761779785
2019-04-18,31.59470558166504
2019-04-22,30.825571060180664
2019-04-23,31.1981201171875
2019-04-24,30.260732650756836
2019-04-25,30.242713928222656
2019-04-26,30.296789169311523
2019-04-29,30.194639205932617
2019-04-30,30.104503631591797
2019-05-02,29.4074764251709
2019-05-03,30.284772872924805
2019-05-06,29.84011459350586
2019-05-07,29.864151000976562
2019-05-08,29.44352912902832
2019-05-09,29.167118072509766
2019-05-10,29.719940185546875
2019-05-13,28.500137329101562
2019-05-14,28.596277236938477
2019-05-15,28.812597274780273
2019-05-16,27.88121795654297
2019-05-17,28.674392700195312
2019-05-20,28.09153175354004
2019-05-21,28.488115310668945
2019-05-22,28.518156051635742
2019-05-23,28.734481811523438
2019-05-24,29.028913497924805
2019-05-27,30.158592224121094
2019-05-28,30.194639205932617
2019-05-29,29.864151000976562
2019-05-30,30.050426483154297
2019-05-31,29.44352912902832
2019-06-03,29.34137535095215
2019-06-04,29.509620666503906
2019-06-05,29.076988220214844
2019-06-06,29.323347091674805
2019-06-07,29.23922348022461
2019-06-10,29.04694175720215
2019-06-11,30.903688430786133
2019-06-12,30.93973731994629
2019-06-13,31.15605354309082
2019-06-14,30.885662078857422
2019-06-17,30.164596557617188
2019-06-18,31.246192932128906
2019-06-19,31.426464080810547
2019-06-21,31.510578155517578
2019-06-24,31.486553192138672
2019-06-25,30.873645782470703
2019-06-26,30.99382209777832
2019-06-27,31.065927505493164
2019-06-28,31.13803482055664
2019-07-01,32.23766326904297
2019-07-02,30.8796443939209
2019-07-03,30.819557189941406
2019-07-04,31.047893524169922
2019-07-05,30.260732650756836
2019-07-08,30.61526107788086
2019-07-10,31.32430648803711
2019-07-11,31.27623748779297
2019-07-12,31.132030487060547
2019-07-15,31.660808563232422
2019-07-16,31.877124786376953
2019-07-17,31.660808563232422
2019-07-18,31.60071563720703
2019-07-19,31.6788330078125
2019-07-22,31.5165958404541
2019-07-23,31.101980209350586
2019-07-24,30.43499755859375
2019-07-25,30.338855743408203
2019-07-26,30.182626724243164
2019-07-29,30.200645446777344
2019-07-30,30.050426483154297
2019-07-31,29.93024444580078
2019-08-01,29.08300018310547
2019-08-02,28.746503829956055
2019-08-05,27.64086151123047
2019-08-06,28.013412475585938
2019-08-07,27.929292678833008
2019-08-08,28.349912643432617
2019-08-09,27.33440589904785
2019-08-12,27.136117935180664
2019-08-13,27.941307067871094
2019-08-14,26.967870712280273
2019-08-15,26.37298583984375
2019-08-16,26.2528076171875
2019-08-19,26.228775024414062
2019-08-20,26.34294319152832
2019-08-21,26.529220581054688
2019-08-22,26.37298583984375
2019-08-23,26.006446838378906
2019-08-26,25.7180233001709
2019-08-27,26.030481338500977
2019-08-28,26.12662696838379
2019-08-29,27.100067138671875
2019-08-30,27.38248634338379
2019-09-02,27.646873474121094
2019-09-03,27.352436065673828
2019-09-04,27.953325271606445
2019-09-05,27.953325271606445
2019-09-06,27.911266326904297
2019-09-09,28.77654266357422
2019-09-10,28.986858367919922
2019-09-11,28.812597274780273
2019-09-12,29.858139038085938
2019-09-13,29.918231964111328
2019-09-16,29.197166442871094
2019-09-17,29.383440017700195
2019-09-18,29.08300018310547
2019-09-19,29.0349178314209
2019-09-20,29.095014572143555
2019-09-23,28.902725219726562
2019-09-24,28.19969367980957
2019-09-25,28.758512496948242
2019-09-26,28.758512496948242
2019-09-27,28.638338088989258
2019-09-30,28.692411422729492
2019-10-01,28.668386459350586
2019-10-02,27.100067138671875
2019-10-03,27.30436134338379
2019-10-04,27.995389938354492
2019-10-07,27.664899826049805
2019-10-08,27.232263565063477
2019-10-09,27.44257164001465
2019-10-10,28.38596534729004
2019-10-11,29.227209091186523
2019-10-14,28.836631774902344
2019-10-15,28.788557052612305
2019-10-16,28.1215763092041
2019-10-17,28.067489624023438
2019-10-18,27.65888786315918
2019-10-21,28.367938995361328
2019-10-22,28.42201805114746
2019-10-23,28.307846069335938
2019-10-24,28.09153175354004
2019-10-25,29.179140090942383
2019-10-28,29.26325798034668
2019-10-29,29.233219146728516
2019-10-30,29.197166442871094
2019-10-31,28.3619327545166
2019-11-01,29.10702896118164
2019-11-04,29.936256408691406
2019-11-05,29.966299057006836
2019-11-06,29.858139038085938
2019-11-07,30.110515594482422
2019-11-08,29.551687240600586
2019-11-11,28.920757293701172
2019-11-12,28.782550811767578
2019-11-13,28.31385612487793
2019-11-14,28.241758346557617
2019-11-18,28.60829734802246
2019-11-19,28.944795608520508
2019-11-21,29.095014572143555
2019-11-22,30.06244468688965
2019-11-25,30.561180114746094
2019-11-26,30.777502059936523
2019-11-27,30.392929077148438
2019-11-28,30.266738891601562
2019-11-29,30.03240203857422
2019-12-02,30.849605560302734
2019-12-03,30.296789169311523
2019-12-04,30.597238540649414
2019-12-05,30.61526107788086
2019-12-06,30.855615615844727
2019-12-09,30.90969467163086
2019-12-10,30.765485763549805
2019-12-11,31.144044876098633
2019-12-12,31.817031860351562
2019-12-13,32.30376052856445
2019-12-16,32.0513801574707
2019-12-17,32.099449157714844
2019-12-18,32.12949752807617
2019-12-19,32.44797134399414
2019-12-20,32.92267608642578
2019-12-23,32.796485900878906
2019-12-26,32.92267608642578
2019-12-27,33.06106948852539
2019-12-30,32.87601852416992
2020-01-02,33.51133346557617
2020-01-03,33.26461410522461
2020-01-06,33.06722640991211
2020-01-07,33.30778503417969
2020-01-08,33.31394577026367
2020-01-09,32.87601852416992
2020-01-10,32.913028717041016
2020-01-13,34.10964584350586
2020-01-14,34.31935119628906
2020-01-15,34.20833206176758
2020-01-16,34.029457092285156
2020-01-17,35.1582145690918
2020-01-20,35.38026809692383
2020-01-21,34.559913635253906
2020-01-22,34.72644805908203
2020-01-23,34.233001708984375
2020-01-24,33.184417724609375
2020-01-27,31.15511703491211
2020-01-28,31.580717086791992
2020-01-29,31.30314064025879
2020-01-30,31.76576805114746
2020-01-31,31.0070858001709
2020-02-03,31.401840209960938
2020-02-04,32.24070358276367
2020-02-05,32.684810638427734
2020-02-06,32.863685607910156
2020-02-07,32.135841369628906
2020-02-10,30.957738876342773
2020-02-11,32.10500717163086
2020-02-12,32.73415756225586
2020-02-13,32.160518646240234
2020-02-14,31.45734405517578
2020-02-17,32.943870544433594
2020-02-18,32.56761169433594
2020-02-19,32.57378387451172
2020-02-20,32.197532653808594
2020-02-21,30.920726776123047
2020-02-26,27.972373962402344
2020-02-27,27.429582595825195
2020-02-28,27.33088493347168
2020-03-02,28.595354080200195
2020-03-03,28.589183807373047
2020-03-04,29.958505630493164
2020-03-05,28.8975830078125
2020-03-06,27.51593017578125
2020-03-09,23.33395767211914
2020-03-10,27.639293670654297
2020-03-11,25.128875732421875
2020-03-12,21.804262161254883
2020-03-13,26.46118927001953
2020-03-16,24.080299377441406
2020-03-17,25.603816986083984
2020-03-18,23.839744567871094
2020-03-19,22.45191192626953
2020-03-20,21.70557403564453
2020-03-23,21.033248901367188
2020-03-24,23.216760635375977
2020-03-25,25.196725845336914
2020-03-26,25.906057357788086
2020-03-27,24.734111785888672
2020-03-30,25.764190673828125
2020-03-31,26.6585693359375
2020-04-01,26.75108528137207
2020-04-02,26.387165069580078
2020-04-03,24.980836868286133
2020-04-06,26.60305404663086
2020-04-07,27.003978729248047
2020-04-08,26.837438583374023
2020-04-09,26.695573806762695
2020-04-13,27.491262435913086
2020-04-14,27.46659278869629
2020-04-15,26.640060424804688
2020-04-16,26.374835968017578
2020-04-17,27.139680862426758
2020-04-20,26.189786911010742
2020-04-22,26.46118927001953
2020-04-23,26.837438583374023
2020-04-24,26.99163818359375
2020-04-27,27.478923797607422
2020-04-28,27.51593017578125
2020-04-29,28.82356834411621
2020-04-30,27.670133590698242
2020-05-04,27.09650421142578
2020-05-05,26.954633712768555
2020-05-06,27.343225479125977
2020-05-07,28.404136657714844
2020-05-08,30.131206512451172
2020-05-11,29.440387725830078
2020-05-12,29.273839950561523
2020-05-13,29.939998626708984
2020-05-14,29.66243553161621
2020-05-15,29.63776206970215
2020-05-18,31.617721557617188
2020-05-19,32.25920867919922
2020-05-20,32.38257598876953
2020-05-21,31.537538528442383
2020-05-22,31.0070858001709
2020-05-25,30.9022274017334
2020-05-26,30.34710121154785
2020-05-27,31.235300064086914
2020-05-28,30.896047592163086
2020-05-29,32.69096755981445
2020-06-01,32.950035095214844
2020-06-02,32.950035095214844
2020-06-03,33.09807205200195
2020-06-04,34.331687927246094
2020-06-05,33.68404006958008
2020-06-08,33.788902282714844
2020-06-09,33.918434143066406
2020-06-10,33.431148529052734
2020-06-12,32.937705993652344
2020-06-15,33.233768463134766
2020-06-16,34.16515350341797
2020-06-17,34.66477584838867
2020-06-18,34.64626693725586
2020-06-19,34.029457092285156
2020-06-22,33.92459487915039
2020-06-23,34.288516998291016
2020-06-24,34.16515350341797
2020-06-25,34.54140853881836
2020-06-26,34.3070182800293
2020-06-29,34.31319046020508
2020-06-30,34.4920654296875
2020-07-01,33.640869140625
2020-07-02,34.226837158203125
2020-07-03,34.08496856689453
2020-07-06,34.89299011230469
2020-07-07,34.769630432128906
2020-07-08,35.35559844970703
2020-07-09,34.80046844482422
2020-07-10,35.13971710205078
2020-07-13,35.559146881103516
2020-07-14,38.05723190307617
2020-07-15,38.11274719238281
2020-07-16,37.08266830444336
2020-07-17,37.65013885498047
2020-07-20,37.50210189819336
2020-07-21,36.8236083984375
2020-07-22,36.53988265991211
2020-07-23,36.29931640625
2020-07-24,36.14511489868164
2020-07-27,37.85368347167969
2020-07-28,37.21836853027344
2020-07-29,38.828243255615234
2020-07-30,37.791996002197266
2020-07-31,37.44658660888672
2020-08-03,37.16902160644531
2020-08-04,37.44041442871094
2020-08-05,38.359466552734375
2020-08-06,38.137413024902344
2020-08-07,37.28621292114258
2020-08-10,38.365638732910156
2020-08-11,37.18135452270508
2020-08-12,37.93387222290039
2020-08-13,37.22453308105469
2020-08-14,37.841346740722656
2020-08-17,38.38414001464844
2020-08-18,38.896087646484375
2020-08-19,38.482826232910156
2020-08-20,38.828243255615234
2020-08-21,38.365638732910156
2020-08-24,38.834407806396484
2020-08-25,38.00788879394531
2020-08-26,38.08806610107422
2020-08-27,37.49592971801758
2020-08-28,37.6871452331543
2020-08-31,36.81127166748047
2020-09-01,38.09423828125
2020-09-02,37.82284164428711
2020-09-03,36.58921813964844
2020-09-04,37.310890197753906
2020-09-08,36.55837631225586
2020-09-09,37.00865173339844
2020-09-10,36.10194396972656
2020-09-11,38.2114372253418
2020-09-14,38.186763763427734
2020-09-15,38.61235809326172
2020-09-16,37.60695266723633
2020-09-17,38.291622161865234
2020-09-18,38.032554626464844
2020-09-21,37.00865173339844
2020-09-22,37.14842987060547
2020-09-23,37.97736740112305
2020-09-24,37.69463348388672
2020-09-25,38.07376480102539
2020-09-28,37.77174377441406
2020-09-29,37.49542236328125
2020-09-30,37.98379898071289
2020-10-01,37.82314682006836
2020-10-02,37.47614669799805
2020-10-05,38.292240142822266
2020-10-06,37.66893005371094
2020-10-07,38.66494369506836
2020-10-08,39.38465881347656
2020-10-09,39.58385467529297
2020-10-13,39.93085479736328
2020-10-14,40.48349380493164
2020-10-15,40.142921447753906
2020-10-16,39.99512481689453
2020-10-19,39.80876922607422
2020-10-20,39.73808670043945
2020-10-21,40.38710021972656
2020-10-22,40.54775619506836
2020-10-23,40.77266311645508
2020-10-26,40.16219711303711
2020-10-27,40.18146896362305
2020-10-28,38.7227783203125
2020-10-29,39.85375213623047
2020-10-30,38.90913009643555
2020-11-03,40.70197296142578
2020-11-04,39.571006774902344
2020-11-05,40.19431686401367
2020-11-06,40.6055908203125
2020-11-09,40.6055908203125
2020-11-10,40.586307525634766
2020-11-11,40.869049072265625
2020-11-12,40.27143478393555
2020-11-13,40.64413833618164
2020-11-16,41.71727752685547
2020-11-17,43.03459930419922
2020-11-18,42.70044708251953
2020-11-19,43.51654052734375
2020-11-23,45.810611724853516
2020-11-24,48.066123962402344
2020-11-25,48.515933990478516
2020-11-26,49.20349884033203
2020-11-27,50.4051628112793
2020-11-30,50.122432708740234
2020-12-01,52.210853576660156
2020-12-02,51.30479049682617
2020-12-03,50.73930740356445
2020-12-04,52.67994689941406
2020-12-07,53.30326461791992
2020-12-08,53.27113723754883
2020-12-09,53.14260482788086
2020-12-10,54.62058639526367
2020-12-11,54.53062057495117
2020-12-14,53.688812255859375
2020-12-15,54.29928970336914
2020-12-16,55.404544830322266
2020-12-17,56.0342903137207
2020-12-18,56.41985321044922
2020-12-21,55.81581115722656
2020-12-22,55.86721420288086
2020-12-23,56.13711166381836
2020-12-28,56.10498809814453
2020-12-29,55.95075988769531
2020-12-30,56.19493103027344
2021-01-04,58.771751403808594
2021-01-05,59.7613525390625
2021-01-06,61.721275329589844
2021-01-07,65.75033569335938
2021-01-08,65.54468536376953
2021-01-11,65.53185272216797
2021-01-12,63.73900604248047
2021-01-13,61.83050537109375
2021-01-14,62.84579849243164
2021-01-15,60.114776611328125
2021-01-18,60.60314178466797
2021-01-19,60.4424934387207
2021-01-20,59.324378967285156
2021-01-21,59.9926872253418
2021-01-22,59.87058639526367
2021-01-26,58.95810317993164
2021-01-27,57.319480895996094
2021-01-28,58.54041290283203
2021-01-29,56.51624298095703
2021-02-01,58.649654388427734
2021-02-02,56.32988739013672
2021-02-03,58.10987854003906
2021-02-04,57.37731170654297
2021-02-05,59.5621452331543
2021-02-08,60.410377502441406
2021-02-09,60.56459045410156
2021-02-10,60.853759765625
2021-02-11,59.825599670410156
2021-02-12,60.333255767822266
2021-02-17,61.914039611816406
2021-02-18,62.58876037597656
2021-02-19,62.82652282714844
2021-02-22,61.27145004272461
2021-02-23,62.29960250854492
2021-02-24,62.92933654785156
2021-02-25,61.50278091430664
2021-02-26,60.73808288574219
2021-03-01,63.340614318847656
2021-03-02,65.28767395019531
2021-03-03,64.48442840576172
2021-03-04,63.5269660949707
2021-03-05,67.29541778564453
2021-03-08,66.93278503417969
2021-03-09,66.26123809814453
2021-03-10,65.24048614501953
2021-03-11,66.95292663574219
2021-03-12,65.40837860107422
2021-03-15,65.01889038085938
2021-03-16,64.81071472167969
2021-03-17,65.74414825439453
2021-03-18,64.5756607055664
2021-03-19,63.6489372253418
2021-03-22,62.5946159362793
2021-03-23,61.150794982910156
2021-03-24,62.554317474365234
2021-03-25,62.07753372192383
2021-03-26,64.15259552001953
2021-03-29,65.79788208007812
2021-03-30,65.186767578125
2021-03-31,65.79115295410156
2021-04-01,65.40165710449219
2021-04-05,69.43092346191406
2021-04-06,68.53106689453125
2021-04-07,70.21662902832031
2021-04-08,70.17634582519531
2021-04-09,69.16901397705078
2021-04-12,69.4376449584961
2021-04-13,69.55851745605469
2021-04-14,71.8552017211914
2021-04-15,72.66778564453125
2021-04-16,72.97667694091797
2021-04-19,72.3454360961914
2021-04-20,71.29110717773438
2021-04-22,71.33811950683594
2021-04-23,72.52002716064453
2021-04-26,72.9095230102539
2021-04-27,73.95043182373047
2021-04-28,75.1592025756836
2021-04-29,75.1793441772461
2021-04-30,73.21173095703125
2021-05-03,72.83565521240234
2021-05-04,73.93698120117188
2021-05-05,74.34662628173828
2021-05-06,77.26113891601562
2021-05-07,77.52975463867188
2021-05-10,77.01937866210938
2021-05-11,79.72570037841797
2021-05-12,76.7776107788086
2021-05-13,75.54198455810547
2021-05-14,74.24589538574219
2021-05-17,76.1933822631836
2021-05-18,76.95893096923828
2021-05-19,75.38081359863281
2021-05-20,74.6152572631836
2021-05-21,73.46690368652344
2021-05-24,73.72209167480469
2021-05-25,71.88878631591797
2021-05-26,74.00414276123047
2021-05-27,74.53465270996094
2021-05-28,74.93757629394531
2021-05-31,77.0798110961914
2021-06-01,76.01878356933594
2021-06-02,77.09325408935547
2021-06-04,75.81730651855469
2021-06-07,75.07862091064453
2021-06-08,73.81610870361328
2021-06-09,75.34722900390625
2021-06-10,75.0987548828125
2021-06-11,76.78433227539062
2021-06-14,76.36797332763672
2021-06-15,74.87715148925781
2021-06-16,72.62747192382812
2021-06-17,71.11650085449219
2021-06-18,73.25872039794922
2021-06-21,73.9437026977539
2021-06-22,74.81000518798828
2021-06-23,75.93148040771484
2021-06-24,76.03397369384766
2021-06-25,76.97215270996094
2021-06-28,75.73951721191406
2021-06-29,77.04747772216797
2021-06-30,77.55423736572266
2021-07-01,76.2051773071289
2021-07-02,77.78022766113281
2021-07-05,77.49945068359375
2021-07-06,77.91033172607422
2021-07-07,78.13632202148438
2021-07-08,77.83501434326172
2021-07-12,78.80059051513672
2021-07-13,79.26625061035156
2021-07-14,78.8348159790039
2021-07-15,79.08135223388672
2021-07-16,77.65695190429688
2021-07-19,76.80779266357422
2021-07-20,77.4515151977539
2021-07-21,78.34175872802734
2021-07-22,78.54721069335938
2021-07-23,78.1500244140625
2021-07-26,79.84833526611328
2021-07-27,78.19111633300781
2021-07-28,80.32769012451172
2021-07-29,79.14298248291016
2021-07-30,74.47946166992188
2021-08-02,74.59587860107422
2021-08-03,77.13648986816406
2021-08-04,77.05433654785156
2021-08-05,74.69859313964844
2021-08-06,75.1231918334961
2021-08-09,74.6506576538086
2021-08-10,75.36970520019531
2021-08-11,74.82870483398438
2021-08-12,74.78076171875
2021-08-13,74.16444396972656
2021-08-16,74.50685119628906
2021-08-17,73.27420043945312
2021-08-18,70.81575012207031
2021-08-19,66.77540588378906
2021-08-20,66.80280303955078
2021-08-23,65.87830352783203
2021-08-24,68.28197479248047
2021-08-25,68.13816833496094
2021-08-26,67.26846313476562
2021-08-27,68.95309448242188
2021-08-30,68.51480865478516
2021-08-31,67.57661437988281
2021-09-01,67.69303894042969
2021-09-02,67.48075103759766
2021-09-03,67.5286865234375
2021-09-06,66.46723175048828
2021-09-08,65.08392333984375
2021-09-09,64.85108947753906
2021-09-10,64.92642211914062
2021-09-13,64.8921890258789
2021-09-14,64.43335723876953
2021-09-15,62.82406234741211
2021-09-16,60.21495056152344
2021-09-17,58.99601364135742
2021-09-20,56.66766357421875
2021-09-21,57.60585021972656
2021-09-22,59.65341567993164
2021-09-23,59.651329040527344
2021-09-24,58.72908401489258
2021-09-27,59.56818389892578
2021-09-28,56.582210540771484
2021-09-29,57.30035400390625
2021-09-30,57.63296127319336
2021-10-01,57.602725982666016
2021-10-04,57.066009521484375
2021-10-05,56.657806396484375
2021-10-06,58.25283432006836
2021-10-07,59.99150085449219
2021-10-08,60.361915588378906
2021-10-11,61.69993591308594
2021-10-13,59.87055206298828
2021-10-14,59.87055206298828
2021-10-15,60.98934555053711
2021-10-18,60.414833068847656
2021-10-19,59.71936798095703
2021-10-20,57.9580192565918
2021-10-21,56.816551208496094
2021-10-22,57.512020111083984
2021-10-25,58.207481384277344
2021-10-26,57.58761215209961
2021-10-27,56.27982711791992
2021-10-28,55.71287155151367
2021-10-29,54.13295364379883
2021-11-01,54.669681549072266
2021-11-03,50.51955795288086
2021-11-04,49.945045471191406
2021-11-05,48.46339416503906
2021-11-08,51.10163497924805
2021-11-09,49.84677505493164
2021-11-10,49.65778350830078
2021-11-11,51.41156768798828
2021-11-12,51.630794525146484
2021-11-16,50.14159393310547
2021-11-17,49.13618850708008
2021-11-18,47.11782455444336
2021-11-19,48.40291976928711
2021-11-22,51.09407424926758
2021-11-23,52.43964767456055
2021-11-24,53.656715393066406
2021-11-25,53.29386520385742
2021-11-26,51.8878173828125
2021-11-29,52.53792190551758
2021-11-30,52.87809753417969
2021-12-01,53.08976364135742
2021-12-02,55.55412673950195
2021-12-03,54.32950210571289
2021-12-06,57.277671813964844
2021-12-07,57.70100021362305
2021-12-08,57.27011489868164
2021-12-09,56.8316650390625
2021-12-10,57.186973571777344
2021-12-13,58.85759353637695
2021-12-14,58.850032806396484
2021-12-15,58.51741409301758
2021-12-16,60.80792236328125
2021-12-17,59.847869873046875
2021-12-20,59.17509078979492
2021-12-21,60.732322692871094
2021-12-22,60.414833068847656
2021-12-23,59.832759857177734
2021-12-27,59.68156433105469
2021-12-28,58.24527359008789
2021-12-29,58.39647674560547
2021-12-30,58.93319320678711
2022-01-03,58.96342849731445
2022-01-04,58.26795959472656
2022-01-05,58.81978988647461
2022-01-06,60.00661849975586
2022-01-07,63.49907302856445
2022-01-10,62.74312973022461
2022-01-11,63.93751907348633
2022-01-12,64.63298797607422
2022-01-13,63.65026092529297
2022-01-14,64.02067565917969
2022-01-17,63.688045501708984
2022-01-18,65.24530029296875
2022-01-19,66.68158721923828
2022-01-20,65.54767608642578
2022-01-21,64.18697357177734
2022-01-24,63.40080261230469
2022-01-25,63.544437408447266
2022-01-26,63.72584915161133
2022-01-27,63.86947250366211
2022-01-28,63.24205780029297
2022-01-31,61.13297653198242
2022-02-01,64.48934936523438
2022-02-02,64.85220336914062
2022-02-03,64.82196807861328
2022-02-04,66.5228271484375
2022-02-07,68.13299560546875
2022-02-08,69.0854721069336
2022-02-09,69.10059356689453
2022-02-10,70.960205078125
2022-02-11,69.52392578125
2022-02-14,69.22154998779297
2022-02-15,67.16539001464844
2022-02-16,67.65673828125
2022-02-17,64.74637603759766
2022-02-18,64.88245391845703
2022-02-21,64.93537139892578
2022-02-22,66.06170654296875
2022-02-23,65.36625671386719
2022-02-24,66.17510223388672
2022-02-25,69.75825500488281
2022-03-02,75.32954406738281
2022-03-03,75.36734771728516
2022-03-04,77.08334350585938
2022-03-07,79.42675018310547
2022-03-08,75.9418716430664
2022-03-09,73.93951416015625
2022-03-10,76.38088989257812
2022-03-11,75.98052978515625
2022-03-14,71.90636444091797
2022-03-15,69.84180450439453
2022-03-16,71.53739929199219
2022-03-17,74.02586364746094
2022-03-18,75.43101501464844
2022-03-21,77.56622314453125
2022-03-22,75.83137512207031
2022-03-23,75.713623046875
2022-03-24,76.07473754882812
2022-03-25,74.75592803955078
2022-03-28,74.84227752685547
2022-03-29,74.19856262207031
2022-03-30,75.2583236694336
2022-03-31,75.04637145996094
2022-04-01,76.11397552490234
2022-04-04,76.88328552246094
2022-04-05,74.66172790527344
2022-04-06,75.79212951660156
2022-04-07,76.2474365234375
2022-04-08,74.69312286376953
2022-04-11,73.79036712646484
2022-04-12,73.29581451416016
2022-04-13,73.31937408447266
2022-04-14,72.29100799560547
2022-04-18,71.0978012084961
2022-04-19,68.82914733886719
2022-04-20,67.03934478759766
2022-04-22,63.153564453125
2022-04-25,62.07810592651367
2022-04-26,61.23030090332031
2022-04-27,64.50377655029297
2022-04-28,66.09733581542969
2022-04-29,65.38297271728516
2022-05-02,65.09252166748047
2022-05-03,64.7628173828125
2022-05-04,64.2211685180664
2022-05-05,63.059364318847656
2022-05-06,62.611915588378906
2022-05-09,60.04494094848633
2022-05-10,59.299198150634766
2022-05-11,61.7719612121582
2022-05-12,61.15180587768555
2022-05-13,61.081153869628906
2022-05-16,62.91020965576172
2022-05-17,62.64332580566406
2022-05-18,61.05760192871094
2022-05-19,62.68256759643555
2022-05-20,63.78942108154297
2022-05-23,65.09252166748047
2022-05-24,65.97172546386719
2022-05-25,66.17583465576172
2022-05-26,66.1365737915039
2022-05-27,67.29053497314453
2022-05-30,68.02058410644531
2022-05-31,67.6751937866211
2022-06-01,69.26874542236328
2022-06-02,70.57186126708984
2022-06-03,69.44144439697266
2022-06-06,69.51210021972656
2022-06-07,71.13705444335938
2022-06-08,68.6878433227539
2022-06-09,66.36422729492188
2022-06-10,66.37992095947266
2022-06-13,64.27611541748047
2022-06-14,64.15052795410156
2022-06-15,64.11127471923828
2022-06-17,60.76715850830078
2022-06-20,59.267799377441406
2022-06-21,59.66029739379883
2022-06-22,59.15004348754883
2022-06-23,56.99128341674805
2022-06-24,58.57699203491211
2022-06-27,61.269561767578125
2022-06-28,62.36855697631836
2022-06-29,61.85044860839844
2022-06-30,60.09989547729492
2022-07-01,58.95379638671875
2022-07-04,58.61624526977539
2022-07-05,58.3257942199707
2022-07-06,58.87529373168945
2022-07-07,60.58659362792969
2022-07-08,59.18929672241211
2022-07-11,57.17183303833008
2022-07-12,57.34453582763672
2022-07-13,57.148284912109375
2022-07-14,53.34101104736328
2022-07-15,53.67071533203125
2022-07-18,53.95331573486328
2022-07-19,54.07107162475586
2022-07-20,52.90141296386719
2022-07-21,53.827720642089844
2022-07-22,54.33012008666992
2022-07-25,55.33491897583008
2022-07-26,55.23287582397461
2022-07-27,55.35846710205078
2022-07-28,55.4919319152832
2022-07-29,54.7540283203125
2022-08-01,53.44306945800781
2022-08-02,55.14652633666992
2022-08-03,53.00346374511719
2022-08-04,52.69730758666992
2022-08-05,53.3802604675293
2022-08-08,53.8355712890625
2022-08-09,54.95027542114258
2022-08-10,54.989524841308594
2022-08-11,56.90494155883789
2022-08-12,57.633243560791016
2022-08-15,56.39470291137695
2022-08-16,57.64976119995117
2022-08-17,56.33690643310547
2022-08-18,55.915802001953125
2022-08-19,55.28827667236328
2022-08-22,54.47909927368164
2022-08-23,57.971771240234375
2022-08-24,56.105709075927734
2022-08-25,57.195621490478516
2022-08-26,56.33690643310547
2022-08-29,55.24699401855469
2022-08-30,53.64514923095703
2022-08-31,53.257080078125
2022-09-01,52.75340270996094
2022-09-02,51.952484130859375
2022-09-05,53.85158157348633
2022-09-06,52.571754455566406
2022-09-08,53.26533126831055
2022-09-09,57.42681884765625
2022-09-12,57.93049240112305
2022-09-13,56.353416442871094
2022-09-14,55.32130432128906
2022-09-15,56.43598556518555
2022-09-16,56.353416442871094
2022-09-19,58.178192138671875
2022-09-20,57.34424591064453
2022-09-21,56.518550872802734
2022-09-22,57.81488800048828
2022-09-23,56.61763381958008
2022-09-26,56.74149703979492
2022-09-27,55.89928436279297
2022-09-28,56.4277229309082
2022-09-29,56.50204849243164
2022-09-30,59.4827880859375
2022-10-03,61.10114288330078
2022-10-04,62.57913589477539
2022-10-05,63.54518508911133
2022-10-06,62.11674499511719
2022-10-07,62.347938537597656
2022-10-10,61.092891693115234
2022-10-11,60.68003463745117
2022-10-13,59.598388671875
2022-10-14,57.65800857543945
2022-10-17,58.5662727355957
2022-10-18,59.41673278808594
2022-10-19,58.714900970458984
2022-10-20,59.466270446777344
2022-10-21,61.20847702026367
2022-10-24,59.3919677734375
2022-10-25,59.3919677734375
2022-10-26,60.71306610107422
2022-10-27,58.54975509643555
2022-10-28,55.69287109375
2022-10-31,55.428646087646484
2022-11-01,57.11305236816406
2022-11-03,55.44515609741211
2022-11-04,59.65617752075195
2022-11-07,59.34242248535156
2022-11-08,61.14243698120117
2022-11-09,60.39930725097656
2022-11-10,61.55527877807617
2022-11-11,67.95437622070312
2022-11-14,68.78833770751953
2022-11-16,68.0699691772461
2022-11-17,68.61492919921875
2022-11-18,66.74061584472656
2022-11-21,65.98922729492188
2022-11-22,66.17089080810547
2022-11-23,66.82318115234375
2022-11-24,67.25253295898438
2022-11-25,66.79841613769531
2022-11-28,67.1286849975586
2022-11-29,69.72135925292969
2022-11-30,70.76998138427734
2022-12-01,71.15806579589844
2022-12-02,71.66999816894531
2022-12-05,71.59567260742188
2022-12-06,72.63605499267578
2022-12-07,70.05162048339844
2022-12-08,70.91035461425781
2022-12-09,73.27183532714844
2022-12-12,71.083740234375
2022-12-13,71.38367462158203
2022-12-14,71.98847961425781
2022-12-15,72.220458984375
2022-12-16,70.9859848022461
2022-12-19,70.72916412353516
2022-12-20,71.04399108886719
2022-12-21,71.449951171875
2022-12-22,71.04399108886719
2022-12-23,71.51624298095703
2022-12-26,72.17074584960938
2022-12-27,73.89402770996094
2022-12-28,73.72833251953125
2022-12-29,73.63719940185547
2023-01-02,74.06803131103516
2023-01-03,73.93546295166016
2023-01-04,74.06803131103516
2023-01-05,75.31077575683594
2023-01-06,76.5038070678711
2023-01-09,76.586669921875
2023-01-10,77.5311508178711
2023-01-11,77.25774383544922
2023-01-12,77.6637191772461
2023-01-13,77.72998809814453
2023-01-16,76.42924499511719
2023-01-17,76.32982635498047
2023-01-18,77.33231353759766
2023-01-19,77.6637191772461
2023-01-20,77.87083435058594
2023-01-23,78.12767791748047
2023-01-24,78.9561767578125
2023-01-25,79.70182037353516
2023-01-26,81.1931381225586
2023-01-27,78.97274017333984
2023-01-30,78.69107055664062
2023-01-31,78.30166625976562
2023-02-01,77.43172454833984
2023-02-02,73.85260009765625
2023-02-03,73.6951904296875
2023-02-06,72.77555084228516
2023-02-07,73.25608825683594
2023-02-08,73.504638671875
2023-02-09,73.23123168945312
2023-02-10,71.91392517089844
2023-02-13,71.83934783935547
2023-02-14,72.16246795654297
2023-02-15,73.73661804199219
2023-02-16,73.89402770996094
2023-02-17,72.93296813964844
2023-02-22,72.37786865234375
2023-02-23,72.03817749023438
2023-02-24,70.45575714111328
2023-02-27,70.45575714111328
2023-02-28,70.68772888183594
2023-03-01,73.90231323242188
2023-03-02,73.73661804199219
2023-03-03,73.98516845703125
2023-03-06,71.3753890991211
2023-03-07,70.69601440429688
2023-03-08,71.34225463867188
2023-03-09,70.40605163574219
2023-03-10,70.17405700683594
2023-03-13,70.46403503417969
2023-03-14,71.10554504394531
2023-03-15,68.96339416503906
2023-03-16,69.21739959716797
2023-03-17,70.04717254638672
2023-03-20,70.62291717529297
2023-03-21,70.03022766113281
2023-03-22,69.15814208984375
2023-03-23,67.38007354736328
2023-03-24,66.60958099365234
2023-03-27,66.49950408935547
2023-03-28,67.2022705078125
2023-03-29,68.16749572753906
2023-03-30,69.27666473388672
2023-03-31,67.9812240600586
2023-04-03,67.99816131591797
2023-04-04,66.07615661621094
2023-04-05,65.10245513916016
2023-04-06,64.98391723632812
2023-04-10,66.2370376586914
2023-04-11,69.73387908935547
2023-04-12,68.24370574951172
2023-04-13,67.32080841064453
2023-04-14,66.72811889648438
2023-04-17,65.93222045898438
2023-04-18,66.49950408935547
2023-04-19,64.56057739257812
2023-04-20,63.21434020996094
2023-04-24,60.92824172973633
2023-04-25,59.26872634887695
2023-04-26,59.49732971191406
2023-04-27,60.758907318115234
2023-04-28,61.300804138183594
2023-05-02,58.87924575805664
2023-05-03,58.422027587890625
2023-05-04,56.61009979248047
2023-05-05,58.45589828491211
2023-05-08,59.243324279785156
2023-05-09,59.852943420410156
2023-05-10,58.72684097290039
2023-05-11,57.583797454833984
2023-05-12,57.64306640625
2023-05-15,58.47282791137695
2023-05-16,57.27052307128906
2023-05-17,59.167110443115234
2023-05-18,59.251792907714844
2023-05-19,58.59982681274414
2023-05-22,57.65999984741211
2023-05-23,56.3560905456543
2023-05-24,55.077579498291016
2023-05-25,54.908233642578125
2023-05-26,56.16135025024414
2023-05-29,55.737998962402344
2023-05-30,54.425621032714844
2023-05-31,54.027671813964844
2023-06-01,55.170719146728516
2023-06-02,57.524532318115234
2023-06-05,57.050376892089844
2023-06-06,57.236656188964844
2023-06-07,58.14261245727539
2023-06-09,57.88014221191406
2023-06-12,56.83024597167969
2023-06-13,57.431392669677734
2023-06-14,58.43895721435547
2023-06-15,58.89617919921875
2023-06-16,58.989315032958984
2023-06-19,58.76070785522461
2023-06-20,57.245121002197266
2023-06-21,56.669368743896484
2023-06-22,56.364559173583984
2023-06-23,55.797271728515625
2023-06-26,55.91580581665039
2023-06-27,56.58470153808594
2023-06-28,54.79816818237305
2023-06-29,55.46705627441406
2023-06-30,54.37481689453125
2023-07-03,56.07667922973633
2023-07-04,55.797271728515625
2023-07-05,55.306182861328125
2023-07-06,54.908233642578125
2023-07-07,55.424720764160156
2023-07-10,54.578025817871094
2023-07-11,56.37302017211914
2023-07-12,56.770973205566406
2023-07-13,58.09181594848633
2023-07-14,58.09181594848633
2023-07-17,57.44832992553711
2023-07-18,57.08424758911133
2023-07-19,56.93184280395508
2023-07-20,57.05884552001953
2023-07-21,57.40599822998047
2023-07-24,59.1417121887207
2023-07-25,60.970584869384766
2023-07-26,60.758907318115234
2023-07-27,59.62432861328125
2023-07-28,57.262046813964844
2023-07-31,58.557498931884766
2023-08-01,57.744667053222656
2023-08-02,56.80483627319336
2023-08-03,57.16045379638672
2023-08-04,57.202781677246094
2023-08-07,57.49066162109375
2023-08-08,57.11811065673828
2023-08-09,56.601627349853516
2023-08-10,55.932735443115234
2023-08-11,55.46705627441406
2023-08-14,53.991641998291016
2023-08-15,53.459571838378906
2023-08-16,53.2502326965332
2023-08-17,54.000362396240234
2023-08-18,53.39851760864258
2023-08-21,53.468299865722656
2023-08-22,54.58476638793945
2023-08-23,54.98599624633789
2023-08-24,54.25331497192383
2023-08-25,54.139923095703125
2023-08-28,54.91621017456055
2023-08-29,56.66941452026367
2023-08-30,56.67814254760742
2023-08-31,56.76536560058594
2023-09-01,60.088600158691406
2023-09-04,60.533443450927734
2023-09-05,60.271766662597656
2023-09-06,59.3035774230957
2023-09-08,58.187110900878906
2023-09-11,59.02445983886719
2023-09-12,58.98085021972656
2023-09-13,58.754066467285156
2023-09-14,61.161460876464844
2023-09-15,60.65555953979492
2023-09-18,59.9403190612793
2023-09-19,60.0536994934082
2023-09-20,60.45493698120117
2023-09-21,58.87618637084961
2023-09-22,59.31230926513672
2023-09-25,58.09116744995117
2023-09-26,57.18403625488281
2023-09-27,57.306148529052734
2023-09-28,58.17839050292969
2023-09-29,58.94596481323242
2023-10-02,58.431339263916016
2023-10-03,58.07372283935547
2023-10-04,57.45443344116211
2023-10-05,57.48059844970703
2023-10-06,58.31795120239258
2023-10-09,57.89927291870117
2023-10-10,58.2481689453125
2023-10-11,58.754066467285156
2023-10-13,58.08244323730469
2023-10-16,58.70174026489258
2023-10-17,59.18146896362305
2023-10-18,57.00959014892578
2023-10-19,56.1896858215332
2023-10-20,54.67198944091797
2023-10-23,54.56732177734375
2023-10-24,55.81462097167969
2023-10-25,55.762290954589844
2023-10-26,56.9572639465332
2023-10-27,58.93723678588867
2023-10-30,59.46929931640625
2023-10-31,60.184547424316406
2023-11-01,61.335906982421875
2023-11-03,62.10346984863281
2023-11-06,62.365142822265625
2023-11-07,61.12656784057617
2023-11-08,61.170169830322266
2023-11-09,61.466739654541016
2023-11-10,62.40876007080078
2023-11-13,62.27791976928711
2023-11-14,64.20557403564453
2023-11-16,64.63297271728516
2023-11-17,64.75508117675781
2023-11-20,66.3425521850586
2023-11-21,67.94747924804688
2023-11-22,65.935302734375
2023-11-23,65.52127838134766
2023-11-24,64.96631622314453
2023-11-27,64.5787124633789
2023-11-28,64.71966552734375
2023-11-29,64.70203399658203
2023-11-30,65.05439758300781
2023-12-01,66.26123809814453
2023-12-04,64.77251434326172
2023-12-05,64.17350769042969
2023-12-06,63.750675201416016
2023-12-07,63.953277587890625
2023-12-08,64.12946319580078
2023-12-11,64.18231201171875
2023-12-12,64.29682922363281
2023-12-13,64.30563354492188
2023-12-14,64.65800476074219
2023-12-15,65.0632095336914
2023-12-18,65.37152099609375
2023-12-19,65.82958984375
2023-12-20,65.61817169189453
2023-12-21,67.80281066894531
2023-12-22,67.29188537597656
2023-12-26,67.52973175048828
2023-12-27,68.18160247802734
2023-12-28,68.00541687011719
2024-01-02,67.87328338623047
2024-01-03,67.52091979980469
2024-01-04,66.61360168457031
2024-01-05,65.75912475585938
2024-01-08,65.42436981201172
2024-01-09,64.59634399414062
2024-01-10,63.627342224121094
2024-01-11,63.96208953857422
2024-01-12,63.15166091918945
2024-01-15,63.02833938598633
2024-01-16,62.2090950012207
2024-01-17,61.09035873413086
2024-01-18,60.78204345703125
2024-01-19,59.98923110961914
2024-01-22,59.72496795654297
2024-01-23,60.958221435546875
2024-01-24,61.57485580444336
2024-01-25,60.05970001220703
2024-01-26,61.22248840332031
2024-01-29,60.93178939819336
2024-01-30,60.58824157714844
2024-01-31,59.689727783203125
2024-02-01,59.41664505004883
2024-02-02,58.209815979003906
2024-02-05,57.707706451416016
2024-02-06,58.729549407958984
2024-02-07,58.84406280517578
2024-02-08,58.32433319091797
2024-02-09,58.06887435913086
2024-02-14,57.89269256591797
2024-02-15,57.707706451416016
2024-02-16,59.901145935058594
2024-02-19,59.45188522338867
2024-02-20,58.14815139770508
2024-02-21,58.58860397338867
2024-02-22,59.21404266357422
2024-02-23,59.35498046875
2024-02-26,57.91912078857422
2024-02-27,59.443077087402344
2024-02-28,58.79120635986328
2024-02-29,59.01143264770508
2024-03-01,58.91453552246094
2024-03-04,58.782405853271484
2024-03-05,58.007205963134766
2024-03-06,58.80001449584961
2024-03-07,58.597412109375
2024-03-08,58.14815139770508
2024-03-11,56.342308044433594
2024-03-12,55.99126052856445
2024-03-13,56.35017395019531
2024-03-14,55.63233947753906
2024-03-15,54.99732971191406
2024-03-18,56.046478271484375
2024-03-19,56.506629943847656
2024-03-20,56.88395690917969
2024-03-21,56.745906829833984
2024-03-22,56.092491149902344
2024-03-25,55.97285079956055
2024-03-26,55.264217376708984
2024-03-27,55.7703857421875
2024-03-28,55.9820556640625
2024-04-01,56.34097671508789
2024-04-02,57.00359344482422
2024-04-03,56.18452072143555
2024-04-04,55.5587158203125
2024-04-05,54.95131301879883
2024-04-08,57.95150375366211
2024-04-09,57.56497573852539
2024-04-10,56.6906852722168
2024-04-11,56.929969787597656
2024-04-12,56.718299865722656
2024-04-15,57.04961013793945
2024-04-16,56.54343795776367
2024-04-17,57.16004180908203
2024-04-18,57.37171173095703
2024-04-19,58.3104248046875
2024-04-22,58.28281784057617
2024-04-23,57.776641845703125
2024-04-24,58.494483947753906
2024-04-25,57.26127624511719
2024-04-26,57.26127624511719
2024-04-29,58.80739212036133
2024-04-30,58.246002197265625
2024-05-02,58.82579040527344
2024-05-03,58.89021301269531
2024-05-06,59.06507110595703
2024-05-07,59.43319320678711
2024-05-08,58.89021301269531
2024-05-09,59.3687744140625
2024-05-10,59.16630554199219
2024-05-13,59.51601791381836
2024-05-14,59.47920608520508
2024-05-15,59.304351806640625
2024-05-16,59.736900329589844
2024-05-17,60.90567398071289
2024-05-20,60.878074645996094
2024-05-21,60.70321273803711
2024-05-22,60.22465515136719
2024-05-23,59.86573791503906
2024-05-24,59.89334487915039
2024-05-27,60.0958137512207
2024-05-28,58.79818344116211
2024-05-29,58.19998550415039
2024-05-31,58.163177490234375
2024-06-03,56.939170837402344
2024-06-04,56.35938262939453
2024-06-05,55.5587158203125
2024-06-06,56.33176803588867
2024-06-07,55.59552764892578
2024-06-10,56.20293045043945
2024-06-11,56.12010192871094
2024-06-12,55.3470458984375
2024-06-13,55.9820556640625
2024-06-14,55.78879165649414
2024-06-17,55.56791687011719
2024-06-18,55.82560348510742
2024-06-19,56.000457763671875
2024-06-20,56.506629943847656
2024-06-21,55.9820556640625
2024-06-24,56.046478271484375
2024-06-25,55.816402435302734
2024-06-26,56.506629943847656
2024-06-27,56.65388107299805
2024-06-28,57.26127624511719
2024-07-01,58.10795593261719
2024-07-02,57.914695739746094
2024-07-03,59.06507110595703
2024-07-04,58.770572662353516
2024-07-05,58.53129577636719
2024-07-08,58.07114028930664
2024-07-09,57.997520446777344
2024-07-10,57.21525955200195
2024-07-11,57.06801223754883
2024-07-12,57.905487060546875
2024-07-15,57.969913482666016
2024-07-16,57.36251449584961
2024-07-17,56.8287353515625
2024-07-18,56.29495620727539
2024-07-19,56.24894332885742
2024-07-22,56.18452072143555
2024-07-23,55.429874420166016
2024-07-24,55.7703857421875
2024-07-25,55.742774963378906
2024-07-26,56.571048736572266
2024-07-29,56.67228317260742
2024-07-30,55.42067337036133
2024-07-31,56.718299865722656
2024-08-01,55.448280334472656
2024-08-02,54.67522430419922
2024-08-05,54.39267349243164
2024-08-06,54.6693115234375
2024-08-07,54.56438064575195
2024-08-08,54.23050308227539
2024-08-09,54.43082809448242
2024-08-12,54.15419387817383
2024-08-13,53.915714263916016
2024-08-14,53.41967010498047
2024-08-15,53.63907241821289
2024-08-16,53.49598693847656
2024-08-19,54.354515075683594
2024-08-20,54.56438064575195
2024-08-21,55.61369323730469
2024-08-22,55.690006256103516
2024-08-23,54.755165100097656
2024-08-26,55.37520980834961
2024-08-27,57.04457473754883
2024-08-28,56.6343879699707
2024-08-29,56.5676155090332
2024-08-30,56.834716796875
2024-09-02,56.03342056274414
2024-09-03,53.94432830810547
2024-09-04,54.36405563354492
2024-09-05,54.755165100097656
2024-09-06,54.06834030151367
2024-09-09,54.06834030151367
2024-09-10,53.41967010498047
2024-09-11,54.93640899658203
2024-09-12,55.43244552612305
2024-09-13,55.80447769165039
2024-09-16,55.80447769165039
2024-09-17,55.53738021850586
2024-09-18,54.88871383666992
2024-09-19,55.54691696166992
2024-09-20,54.70746612548828
2024-09-23,54.87916946411133
2024-09-24,57.559696197509766
2024-09-25,57.817256927490234
2024-09-26,61.28953170776367
2024-09-27,61.01289749145508
2024-09-30,60.58362579345703
2024-10-01,60.87934494018555
2024-10-02,61.213218688964844
2024-10-03,60.039894104003906
2024-10-04,59.60108947753906
2024-10-07,60.1257438659668
2024-10-08,58.30375289916992
2024-10-09,58.151126861572266
2024-10-10,58.427764892578125
2024-10-11,59.26721954345703
2024-10-14,59.07643127441406
2024-10-15,58.35144805908203
2024-10-16,59.4675407409668
2024-10-17,57.96034240722656
2024-10-18,57.7600212097168
2024-10-21,57.5501594543457
2024-10-22,57.626468658447266
2024-10-23,56.61531066894531
2024-10-24,56.94918441772461
2024-10-25,58.88564682006836
2024-10-28,59.98265838623047
2024-10-29,59.772796630859375
2024-10-30,59.591552734375
2024-10-31,59.200443267822266
2024-11-01,59.17182540893555
2024-11-04,59.78233337402344
2024-11-05,59.2576789855957
2024-11-06,58.589927673339844
2024-11-07,60.631324768066406
2024-11-08,57.836334228515625
2024-11-11,55.947566986083984
2024-11-12,54.67884826660156
2024-11-13,54.52621841430664
2024-11-14,54.22096252441406
2024-11-18,54.898250579833984
2024-11-19,55.02225875854492
2024-11-21,54.96502685546875
2024-11-22,55.49922180175781
2024-11-25,55.489681243896484
2024-11-26,54.78377914428711
2024-11-27,55.4515266418457
2024-11-28,54.87916946411133
2024-11-29,56.07157516479492
2024-12-02,56.20512390136719
2024-12-03,55.77585983276367
2024-12-04,54.68838882446289
2024-12-05,55.1367301940918
2024-12-06,54.19234848022461
2024-12-09,57.07319641113281
2024-12-10,57.015960693359375
2024-12-11,56.12881088256836
2024-12-12,54.579795837402344
2024-12-13,53.76172637939453
2024-12-16,53.732852935791016
2024-12-17,54.00233459472656
2024-12-18,52.75116729736328
2024-12-19,51.7502326965332
2024-12-20,52.568302154541016
2024-12-23,52.7896614074707
2024-12-26,52.94365310668945
2024-12-27,52.683799743652344
2024-12-30,52.50093460083008
2025-01-02,52.21220397949219
2025-01-03,51.240142822265625
2025-01-06,50.58568572998047
2025-01-07,50.09484100341797
2025-01-08,49.61362075805664
2025-01-09,49.305641174316406
2025-01-10,49.58475112915039
2025-01-13,49.57512283325195
2025-01-14,49.90235137939453
2025-01-15,50.62417984008789
2025-01-16,50.691551208496094
2025-01-17,52.44318771362305
2025-01-20,52.250701904296875
2025-01-21,51.990840911865234
2025-01-22,50.68192672729492
2025-01-23,50.354698181152344
2025-01-24,51.038028717041016
2025-01-27,51.9330940246582
2025-01-28,50.672306060791016
2025-01-29,50.81666946411133
2025-01-30,52.9629020690918
2025-01-31,52.13520431518555
2025-02-03,52.1737060546875
2025-02-04,51.990840911865234
2025-02-05,52.26995086669922
2025-02-06,53.059146881103516
2025-02-07,52.770416259765625
2025-02-10,53.319007873535156
2025-02-11,53.08802032470703
2025-02-12,52.73191833496094
2025-02-13,52.79928970336914
2025-02-14,53.578861236572266
2025-02-17,53.290130615234375
2025-02-18,53.646236419677734
2025-02-19,53.59811019897461
2025-02-20,55.571109771728516
2025-02-21,55.9753303527832
2025-02-24,55.465240478515625
2025-02-25,54.926273345947266
2025-02-26,54.58942413330078
2025-02-27,54.18519592285156
2025-02-28,53.07839584350586
2025-03-05,53.501869201660156
2025-03-06,54.08895492553711
2025-03-07,54.87815475463867
2025-03-10,53.9900016784668
2025-03-11,54.5
