Date,WEGE3.SA
2015-01-02,4.957522869110107
2015-01-05,4.991322994232178
2015-01-06,4.9172821044921875
2015-01-07,4.86094856262207
2015-01-08,4.943035125732422
2015-01-09,4.920501232147217
2015-01-12,4.893138885498047
2015-01-13,4.910843849182129
2015-01-14,4.989711761474609
2015-01-15,4.989711761474609
2015-01-16,4.989711761474609
2015-01-19,5.015467166900635
2015-01-20,5.078241348266602
2015-01-21,5.023515224456787
2015-01-22,5.065365314483643
2015-01-23,5.124917507171631
2015-01-26,5.063755035400391
2015-01-27,5.149062633514404
2015-01-28,5.198959827423096
2015-01-29,5.316460132598877
2015-01-30,5.163549423217773
2015-02-02,5.301973819732666
2015-02-03,5.260122299194336
2015-02-04,5.285877227783203
2015-02-05,5.27139139175415
2015-02-06,5.260122299194336
2015-02-09,5.268171787261963
2015-02-10,5.40659761428833
2015-02-11,5.367964744567871
2015-02-12,5.3068037033081055
2015-02-13,5.221495151519775
2015-02-18,5.215056419372559
2015-02-19,5.311631679534912
2015-02-20,5.231152534484863
2015-02-23,5.20700740814209
2015-02-24,5.231152534484863
2015-02-25,5.135193347930908
2015-02-26,5.114133834838867
2015-02-27,4.953760147094727
2015-03-02,5.034758567810059
2015-03-03,5.135193347930908
2015-03-04,5.127094745635986
2015-03-05,5.07039737701416
2015-03-06,5.096316814422607
2015-03-09,5.031518459320068
2015-03-10,4.973200798034668
2015-03-11,5.042856693267822
2015-03-12,5.127094745635986
2015-03-13,5.102797031402588
2015-03-16,4.973200798034668
2015-03-17,4.9877777099609375
2015-03-18,5.060678005218506
2015-03-19,5.036378860473633
2015-03-20,5.0849761962890625
2015-03-23,4.997500419616699
2015-03-24,4.9813008308410645
2015-03-25,5.030604362487793
2015-03-26,4.939640998840332
2015-03-27,5.033851623535156
2015-03-30,5.171921730041504
2015-03-31,5.165424346923828
2015-04-01,5.253139019012451
2015-04-02,5.2498908042907715
2015-04-06,5.262886047363281
2015-04-07,5.2856268882751465
2015-04-08,5.27913236618042
2015-04-09,5.210906028747559
2015-04-10,5.2368974685668945
2015-04-13,5.227149963378906
2015-04-14,5.27913236618042
2015-04-15,5.272631645202637
2015-04-16,5.1784210205078125
2015-04-17,5.168673515319824
2015-04-20,5.110199451446533
2015-04-22,5.0842061042785645
2015-04-23,5.113444805145264
2015-04-24,5.171921730041504
2015-04-27,5.149179458618164
2015-04-28,5.1004509925842285
2015-04-29,5.149179458618164
2015-04-30,5.210906028747559
2015-05-04,5.392834663391113
2015-05-05,5.461056709289551
2015-05-06,5.4025797843933105
2015-05-07,5.412325382232666
2015-05-08,5.490294933319092
2015-05-11,5.5292792320251465
2015-05-12,5.571511745452881
2015-05-13,5.5097880363464355
2015-05-14,5.655979156494141
2015-05-15,5.626739501953125
2015-05-18,5.603997707366943
2015-05-19,5.522781848907471
2015-05-20,5.561765193939209
2015-05-21,5.587756156921387
2015-05-22,5.620242595672607
2015-05-25,5.763183116912842
2015-05-26,5.561765193939209
2015-05-27,5.649479389190674
2015-05-28,5.587756156921387
2015-05-29,5.555266857147217
2015-06-01,5.594254016876221
2015-06-02,5.733946323394775
2015-06-03,5.733946323394775
2015-06-05,5.805418014526367
2015-06-08,5.792423725128174
2015-06-09,5.860644817352295
2015-06-10,5.896381378173828
2015-06-11,5.961355209350586
2015-06-12,5.889883518218994
2015-06-15,5.847650527954102
2015-06-16,5.9451117515563965
2015-06-17,5.990593910217285
2015-06-18,6.013333797454834
2015-06-19,6.088054180145264
2015-06-22,6.169270992279053
2015-06-23,6.117291450500488
2015-06-24,6.123423099517822
2015-06-25,6.217878818511963
2015-06-26,6.256965160369873
2015-06-29,6.175538063049316
2015-06-30,6.191824436187744
2015-07-01,6.344910144805908
2015-07-02,6.374222755432129
2015-07-03,6.458908557891846
2015-07-06,6.452394008636475
2015-07-07,6.514279842376709
2015-07-08,6.439366817474365
2015-07-10,6.3807373046875
2015-07-13,6.403536796569824
2015-07-14,6.432850360870361
2015-07-15,6.429594039916992
2015-07-16,6.4458794593811035
2015-07-17,6.393766403198242
2015-07-20,6.383992671966553
2015-07-21,6.4458794593811035
2015-07-22,6.481709957122803
2015-07-23,6.442621231079102
2015-07-24,6.4947357177734375
2015-07-27,6.400280952453613
2015-07-28,6.188567161560059
2015-07-29,5.983447074890137
2015-07-30,5.976904392242432
2015-07-31,6.120846748352051
2015-08-03,6.140474796295166
2015-08-04,6.235350131988525
2015-08-05,6.107761859893799
2015-08-06,6.042333126068115
2015-08-07,5.95400333404541
2015-08-10,6.052145957946777
2015-08-11,6.055419445037842
2015-08-12,5.859131336212158
2015-08-13,5.839503288269043
2015-08-14,5.695560932159424
2015-08-17,5.6006903648376465
2015-08-18,5.725006580352783
2015-08-19,5.7184624671936035
2015-08-20,5.440388202667236
2015-08-21,5.5156331062316895
2015-08-24,5.404404163360596
2015-08-25,5.283360004425049
2015-08-26,5.293176651000977
2015-08-27,5.446933269500732
2015-08-28,5.476375102996826
2015-08-31,5.479645729064941
2015-09-01,5.32261848449707
2015-09-02,5.5189056396484375
2015-09-03,5.5189056396484375
2015-09-04,5.397861480712891
2015-09-08,5.342245578765869
2015-09-09,5.260462284088135
2015-09-10,5.234288692474365
2015-09-11,5.24737548828125
2015-09-14,5.374960422515869
2015-09-15,5.397861480712891
2015-09-16,5.440388202667236
2015-09-17,5.479645729064941
2015-09-18,5.378232002258301
2015-09-21,5.316076278686523
2015-09-22,5.401133060455322
2015-09-23,5.3434062004089355
2015-09-24,5.333558082580566
2015-09-25,5.179295063018799
2015-09-28,5.133345603942871
2015-09-29,5.087392807006836
2015-09-30,5.070982933044434
2015-10-01,5.215400218963623
2015-10-02,5.363099098205566
2015-10-05,5.494384765625
2015-10-06,5.481256008148193
2015-10-07,5.52720832824707
2015-10-08,5.333558082580566
2015-10-09,5.238375663757324
2015-10-13,5.363099098205566
2015-10-14,5.300738334655762
2015-10-15,5.3138651847839355
2015-10-16,5.2515034675598145
2015-10-19,5.221961498260498
2015-10-20,5.2350921630859375
2015-10-21,5.139908790588379
2015-10-22,5.2022705078125
2015-10-23,5.2022705078125
2015-10-26,5.136627197265625
2015-10-27,5.123497486114502
2015-10-28,4.975799560546875
2015-10-29,4.769021511077881
2015-10-30,4.726353645324707
2015-11-03,4.723071575164795
2015-11-04,4.716506481170654
2015-11-05,5.051288604736328
2015-11-06,4.942978382110596
2015-11-09,4.897027492523193
2015-11-10,4.749327659606934
2015-11-11,4.772304058074951
2015-11-12,4.677121639251709
2015-11-13,4.611477851867676
2015-11-16,4.660709857940674
2015-11-17,4.732916831970215
2015-11-18,4.637735366821289
2015-11-19,4.824818134307861
2015-11-23,4.824818134307861
2015-11-24,4.959388732910156
2015-11-25,5.067700386047363
2015-11-26,5.0381622314453125
2015-11-27,5.139908790588379
2015-11-30,4.988927841186523
2015-12-01,5.215400218963623
2015-12-02,5.274479389190674
2015-12-03,5.415613651275635
2015-12-04,5.120214462280273
2015-12-07,5.290891647338867
2015-12-08,5.097240447998047
2015-12-09,5.070982933044434
2015-12-10,5.2515034675598145
2015-12-11,5.389357089996338
2015-12-14,5.146471977233887
2015-12-15,5.054572105407715
2015-12-16,5.156321048736572
2015-12-17,5.073952674865723
2015-12-18,5.008059978485107
2015-12-21,5.004764080047607
2015-12-22,5.09701681137085
2015-12-23,5.123376846313477
2015-12-28,5.192567348480225
2015-12-29,5.133259296417236
2015-12-30,4.925690650939941
2016-01-04,4.823549270629883
2016-01-05,5.057480812072754
2016-01-06,4.942162990570068
2016-01-07,4.8004865646362305
2016-01-08,4.7774248123168945
2016-01-11,4.668698787689209
2016-01-12,4.8762664794921875
2016-01-13,4.695055961608887
2016-01-14,4.698348045349121
2016-01-15,4.652222633361816
2016-01-18,4.5995049476623535
2016-01-19,4.635748863220215
2016-01-20,4.569852352142334
2016-01-21,4.774128437042236
2016-01-22,4.859792232513428
2016-01-26,4.67528772354126
2016-01-27,4.866383075714111
2016-01-28,4.853203296661377
2016-01-29,5.09372091293335
2016-02-01,4.968521595001221
2016-02-02,4.764244556427002
2016-02-03,4.856498718261719
2016-02-04,4.836730003356934
2016-02-05,4.810372352600098
2016-02-10,4.810372352600098
2016-02-11,4.701642990112305
2016-02-12,4.728002548217773
2016-02-15,4.619276523590088
2016-02-16,4.612684726715088
2016-02-17,4.609389781951904
2016-02-18,4.662108421325684
2016-02-19,4.612684726715088
2016-02-22,4.810372352600098
2016-02-23,4.764244556427002
2016-02-24,4.330515384674072
2016-02-25,4.3735880851745605
2016-02-26,4.257618427276611
2016-02-29,4.370271682739258
2016-03-01,4.390152454376221
2016-03-02,4.5226850509643555
2016-03-03,4.4895524978637695
2016-03-04,4.549192905426025
2016-03-07,4.625396251678467
2016-03-08,4.8208842277526855
2016-03-09,4.595577716827393
2016-03-10,4.559131145477295
2016-03-11,4.5127434730529785
2016-03-14,4.472986698150635
2016-03-15,4.472986698150635
2016-03-16,4.569070339202881
2016-03-17,4.731423854827881
2016-03-18,4.77118444442749
2016-03-21,4.840763092041016
2016-03-22,4.903717994689941
2016-03-23,4.666024684906006
2016-03-24,4.6227898597717285
2016-03-28,4.732540130615234
2016-03-29,4.855591773986816
2016-03-30,4.825660228729248
2016-03-31,4.672677516937256
2016-04-01,4.762472152709961
2016-04-04,4.609486103057861
2016-04-05,4.602834701538086
2016-04-06,4.68597936630249
2016-04-07,4.65604829788208
2016-04-08,4.616137981414795
2016-04-11,4.439873695373535
2016-04-12,4.4797821044921875
2016-04-13,4.609486103057861
2016-04-14,4.6360931396484375
2016-04-15,4.755820274353027
2016-04-18,4.65604829788208
2016-04-19,4.699283123016357
2016-04-20,4.652721405029297
2016-04-22,4.695959091186523
2016-04-25,4.68597936630249
2016-04-26,4.825660228729248
2016-04-27,5.055136680603027
2016-04-28,5.07841682434082
2016-04-29,5.0484843254089355
2016-05-02,5.07841682434082
2016-05-03,5.058463096618652
2016-05-04,4.998600959777832
2016-05-05,5.025205612182617
2016-05-06,4.981971740722656
2016-05-09,5.031856060028076
2016-05-10,5.181513786315918
2016-05-11,5.151584625244141
2016-05-12,5.221424102783203
2016-05-13,5.105023384094238
2016-05-16,5.021880626678467
2016-05-17,4.968668460845947
2016-05-18,5.028530597686768
2016-05-19,5.018555164337158
2016-05-20,5.081742763519287
2016-05-23,4.91878080368042
2016-05-24,4.942061901092529
2016-05-25,4.938735485076904
2016-05-27,4.855591773986816
2016-05-30,4.895501613616943
2016-05-31,4.785750865936279
2016-06-01,4.952042579650879
2016-06-02,4.912130832672119
2016-06-03,4.932085990905762
2016-06-06,4.971993923187256
2016-06-07,4.935410499572754
2016-06-08,5.018555164337158
2016-06-09,4.92875862121582
2016-06-10,4.765796661376953
2016-06-13,4.785750865936279
2016-06-14,4.64939546585083
2016-06-15,4.6128129959106445
2016-06-16,4.745841979980469
2016-06-17,4.682652473449707
2016-06-20,4.725888252258301
2016-06-21,4.799056529998779
2016-06-22,4.795727729797363
2016-06-23,4.852264881134033
2016-06-24,4.709259033203125
2016-06-27,4.65604829788208
2016-06-28,4.569577693939209
2016-06-29,4.591870307922363
2016-06-30,4.591870307922363
2016-07-01,4.581845283508301
2016-07-04,4.528372764587402
2016-07-05,4.478244304656982
2016-07-06,4.478244304656982
2016-07-07,4.52502965927124
2016-07-08,4.578503131866455
2016-07-11,4.478244304656982
2016-07-12,4.414746284484863
2016-07-13,4.4749040603637695
2016-07-14,4.605239391326904
2016-07-15,4.618603706359863
2016-07-18,4.728893756866455
2016-07-19,4.752286434173584
2016-07-20,4.802414417266846
2016-07-21,4.885964393615723
2016-07-22,4.899331569671631
2016-07-25,4.842517852783203
2016-07-26,4.879280090332031
2016-07-27,5.079798698425293
2016-07-28,5.113218784332275
2016-07-29,5.103191375732422
2016-08-01,5.185702800750732
2016-08-02,5.168952465057373
2016-08-03,5.175651550292969
2016-08-04,5.232603073120117
2016-08-05,5.323051452636719
2016-08-08,5.470448017120361
2016-08-09,5.58099365234375
2016-08-10,5.560895919799805
2016-08-11,5.73844051361084
2016-08-12,5.718341827392578
2016-08-15,5.75519323348999
2016-08-16,5.728392124176025
2016-08-17,5.765241622924805
2016-08-18,5.73844051361084
2016-08-19,5.694894313812256
2016-08-22,5.560895919799805
2016-08-23,5.547496795654297
2016-08-24,5.560895919799805
2016-08-25,5.507295608520508
2016-08-26,5.376650810241699
2016-08-29,5.637943744659424
2016-08-30,5.534096717834473
2016-08-31,5.537445545196533
2016-09-01,5.527395725250244
2016-09-02,5.61784553527832
2016-09-05,5.547496795654297
2016-09-06,5.718341827392578
2016-09-08,5.73509407043457
2016-09-09,5.490547180175781
2016-09-12,5.654692649841309
2016-09-13,5.577646732330322
2016-09-14,5.591047286987305
2016-09-15,5.6781439781188965
2016-09-16,5.570943832397461
2016-09-19,5.647993564605713
2016-09-20,5.751842975616455
2016-09-21,5.725042343139648
2016-09-22,5.872439861297607
2016-09-23,5.862390041351318
2016-09-26,5.727321147918701
2016-09-27,5.754210948944092
2016-09-28,5.935708045959473
2016-09-29,5.89873743057251
2016-09-30,5.935708045959473
2016-10-03,5.952513694763184
2016-10-04,5.939068794250488
2016-10-05,5.999568939208984
2016-10-06,6.049987316131592
2016-10-07,6.043263912200928
2016-10-10,6.107126235961914
2016-10-11,5.98276424407959
2016-10-13,5.996210098266602
2016-10-14,5.855042934417725
2016-10-17,5.9625959396362305
2016-10-18,6.006290435791016
2016-10-19,5.9625959396362305
2016-10-20,6.029820442199707
2016-10-21,6.019737243652344
2016-10-24,5.922265529632568
2016-10-25,5.908819675445557
2016-10-26,5.8718485832214355
2016-10-27,5.855042934417725
2016-10-28,5.807985782623291
2016-10-31,5.915541648864746
2016-11-01,5.730681419372559
2016-11-03,5.666818618774414
2016-11-04,5.707154750823975
2016-11-07,5.784458637237549
2016-11-08,5.713876724243164
2016-11-09,5.619764804840088
2016-11-10,5.545820236206055
2016-11-11,5.4685139656066895
2016-11-14,5.471877098083496
2016-11-16,5.572710037231445
2016-11-17,5.451711654663086
2016-11-18,5.522293567657471
2016-11-21,5.360960483551025
2016-11-22,5.32398796081543
2016-11-23,5.391209602355957
2016-11-24,5.276933670043945
2016-11-25,5.186183452606201
2016-11-28,5.4180989265441895
2016-11-29,5.3441548347473145
2016-11-30,5.233235836029053
2016-12-01,4.9038496017456055
2016-12-02,4.947543621063232
2016-12-05,4.860157489776611
2016-12-06,4.971072196960449
2016-12-07,5.078627109527588
2016-12-08,5.0819878578186035
2016-12-09,5.0920729637146
2016-12-12,4.954266548156738
2016-12-13,5.038293361663818
2016-12-14,4.890404224395752
2016-12-15,4.977794647216797
2016-12-16,4.927377223968506
2016-12-19,4.9573540687561035
2016-12-20,4.903287410736084
2016-12-21,4.937077045440674
2016-12-22,4.886392116546631
2016-12-23,5.0181803703308105
2016-12-26,4.974249839782715
2016-12-27,5.055352210998535
2016-12-28,5.068869590759277
2016-12-29,5.237832069396973
2017-01-02,5.102662086486816
2017-01-03,5.359482765197754
2017-01-04,5.231072902679443
2017-01-05,5.217556953430176
2017-01-06,5.261483669281006
2017-01-09,5.204038143157959
2017-01-10,5.146591663360596
2017-01-11,5.058731555938721
2017-01-12,5.231072902679443
2017-01-13,5.119559288024902
2017-01-16,5.119559288024902
2017-01-17,5.237832069396973
2017-01-18,5.1871418952941895
2017-01-19,5.190522193908691
2017-01-20,5.217556953430176
2017-01-23,5.291898250579834
2017-01-24,5.288517475128174
2017-01-26,5.440586090087891
2017-01-27,5.454103946685791
2017-01-30,5.406790256500244
2017-01-31,5.376379013061523
2017-02-01,5.335827350616455
2017-02-02,5.38651704788208
2017-02-03,5.491275310516357
2017-02-06,5.4676194190979
2017-02-07,5.470999717712402
2017-02-08,5.491275310516357
2017-02-09,5.504791736602783
2017-02-10,5.514930248260498
2017-02-13,5.555479526519775
2017-02-14,5.538585186004639
2017-02-15,5.75147819519043
2017-02-16,5.660236835479736
2017-02-17,5.714305400848389
2017-02-20,5.710925579071045
2017-02-21,5.913680076599121
2017-02-22,5.778509616851807
2017-02-23,5.660236835479736
2017-02-24,5.737961292266846
2017-03-01,5.969865322113037
2017-03-02,5.963081359863281
2017-03-03,6.007176399230957
2017-03-06,5.959689617156982
2017-03-07,5.803658962249756
2017-03-08,5.800266265869141
2017-03-09,5.834187030792236
2017-03-10,5.88506555557251
2017-03-13,5.715468883514404
2017-03-14,5.712075710296631
2017-03-15,5.7426042556762695
2017-03-16,5.7222514152526855
2017-03-17,5.7188591957092285
2017-03-20,5.793482780456543
2017-03-21,5.698507785797119
2017-03-22,5.562829971313477
2017-03-23,5.630667209625244
2017-03-24,5.7222514152526855
2017-03-27,5.781941890716553
2017-03-28,5.86707067489624
2017-03-29,5.9453887939453125
2017-03-30,5.941982269287109
2017-03-31,5.924956321716309
2017-04-03,5.9556050300598145
2017-04-04,6.003274917602539
2017-04-05,5.969224452972412
2017-04-06,5.962414264678955
2017-04-07,5.8057780265808105
2017-04-10,5.788753032684326
2017-04-11,5.734271049499512
2017-04-12,5.754700660705566
2017-04-13,5.710433483123779
2017-04-17,5.82961368560791
2017-04-18,5.76151180267334
2017-04-19,5.710433483123779
2017-04-20,5.768321990966797
2017-04-24,5.839828014373779
2017-04-25,5.873879909515381
2017-04-26,6.078187465667725
2017-04-27,5.9964680671691895
2017-04-28,6.0271124839782715
2017-05-02,6.1905598640441895
2017-05-03,6.350600719451904
2017-05-04,6.224611282348633
2017-05-05,6.29952335357666
2017-05-08,6.29952335357666
2017-05-09,6.401679992675781
2017-05-10,6.5787458419799805
2017-05-11,6.694521427154541
2017-05-12,6.817107200622559
2017-05-15,6.95331335067749
2017-05-16,6.640039920806885
2017-05-17,6.531074523925781
2017-05-18,6.350600719451904
2017-05-19,6.435729503631592
2017-05-22,6.4459452629089355
2017-05-23,6.490213871002197
2017-05-24,6.381248950958252
2017-05-25,6.473188400268555
2017-05-26,6.554909706115723
2017-05-29,6.554909706115723
2017-05-30,6.653660297393799
2017-05-31,6.46978235244751
2017-06-01,6.514049530029297
2017-06-02,6.46978235244751
2017-06-05,6.432324409484863
2017-06-06,6.388058185577393
2017-06-07,6.435729503631592
2017-06-08,6.381248950958252
2017-06-09,6.268879413604736
2017-06-12,6.234827041625977
2017-06-13,6.1905598640441895
2017-06-14,6.2143964767456055
2017-06-15,6.2143964767456055
2017-06-16,6.159912109375
2017-06-19,6.228014945983887
2017-06-20,6.176939487457275
2017-06-21,6.095214366912842
2017-06-22,6.050948143005371
2017-06-23,6.044137954711914
2017-06-26,6.081593990325928
2017-06-27,5.952198505401611
2017-06-28,5.931768894195557
2017-06-29,5.959009170532227
2017-06-30,6.0271124839782715
2017-07-03,6.133235931396484
2017-07-04,6.157154560089111
2017-07-05,6.187905311584473
2017-07-06,6.054647922515869
2017-07-07,6.136651515960693
2017-07-10,6.293826103210449
2017-07-11,6.368997573852539
2017-07-12,6.4475836753845215
2017-07-13,6.560340404510498
2017-07-14,6.492004871368408
2017-07-17,6.553508281707764
2017-07-18,6.697014331817627
2017-07-19,6.601343631744385
2017-07-20,6.652595520019531
2017-07-21,6.574009895324707
2017-07-24,6.616153240203857
2017-07-25,6.564759731292725
2017-07-26,6.527069568634033
2017-07-27,6.475675582885742
2017-07-28,6.414003372192383
2017-07-31,6.4893798828125
2017-08-01,6.561331748962402
2017-08-02,6.688104629516602
2017-08-03,6.568183898925781
2017-08-04,6.557905197143555
2017-08-07,6.698384761810303
2017-08-08,6.61272668838501
2017-08-09,6.554479598999023
2017-08-10,6.585316181182861
2017-08-11,6.5955963134765625
2017-08-14,6.629857540130615
2017-08-15,6.718940258026123
2017-08-16,6.982764720916748
2017-08-17,6.890254497528076
2017-08-18,6.958780765533447
2017-08-21,6.972487449645996
2017-08-22,7.1369476318359375
2017-08-23,7.1369476318359375
2017-08-24,7.071847438812256
2017-08-25,7.03073263168335
2017-08-28,7.04443883895874
2017-08-29,6.955356121063232
2017-08-30,7.064996719360352
2017-08-31,7.010176181793213
2017-09-01,7.119816303253174
2017-09-04,7.2363080978393555
2017-09-05,7.417902946472168
2017-09-06,7.342525005340576
2017-09-07,7.342525005340576
2017-09-08,7.2397356033325195
2017-09-11,7.390491962432861
2017-09-12,7.3767876625061035
2017-09-13,7.4864301681518555
2017-09-14,7.657742500305176
2017-09-15,7.8393378257751465
2017-09-18,8.096306800842285
2017-09-19,8.034635543823242
2017-09-20,7.7639570236206055
2017-09-21,7.692005157470703
2017-09-22,7.524115562438965
2017-09-25,7.476147174835205
2017-09-26,7.315114974975586
2017-09-27,7.232882499694824
2017-09-28,7.222604274749756
2017-09-29,7.33224630355835
2017-10-02,7.307551383972168
2017-10-03,7.592704772949219
2017-10-04,7.627061367034912
2017-10-05,7.657980918884277
2017-10-06,7.623626708984375
2017-10-09,7.623626708984375
2017-10-10,7.712951183319092
2017-10-11,7.816020488739014
2017-10-12,7.816020488739014
2017-10-13,7.884733200073242
2017-10-16,7.816020488739014
2017-10-17,7.743872165679932
2017-10-18,7.757615566253662
2017-10-19,7.603013038635254
2017-10-20,7.695774555206299
2017-10-23,7.434667587280273
2017-10-24,7.657980918884277
2017-10-25,7.644240379333496
2017-10-26,7.403748035430908
2017-10-27,7.4174909591674805
2017-10-30,7.2319655418396
2017-10-31,7.310986042022705
2017-11-01,7.273195266723633
2017-11-02,7.273195266723633
2017-11-03,7.369390964508057
2017-11-06,7.458717346191406
2017-11-07,7.256014347076416
2017-11-08,7.46902322769165
2017-11-09,7.448409557342529
2017-11-10,7.438102722167969
2017-11-13,7.317857265472412
2017-11-14,7.2044806480407715
2017-11-15,7.2044806480407715
2017-11-16,7.472461223602295
2017-11-17,7.668288707733154
2017-11-20,7.668288707733154
2017-11-21,7.960317611694336
2017-11-22,8.073688507080078
2017-11-23,8.004980087280273
2017-11-24,7.901911735534668
2017-11-27,7.867556571960449
2017-11-28,7.829765319824219
2017-11-29,7.833199977874756
2017-11-30,7.860686779022217
2017-12-01,7.78510046005249
2017-12-04,7.95344352722168
2017-12-05,8.1767578125
2017-12-06,8.193940162658691
2017-12-07,7.922523021697998
2017-12-08,7.95344352722168
2017-12-11,7.946575164794922
2017-12-12,8.056512832641602
2017-12-13,8.142403602600098
2017-12-14,7.946575164794922
2017-12-15,8.108051300048828
2017-12-18,8.086374282836914
2017-12-19,7.945167064666748
2017-12-20,8.024380683898926
2017-12-21,8.334331512451172
2017-12-22,8.358440399169922
2017-12-25,8.358440399169922
2017-12-26,8.506532669067383
2017-12-27,8.50308895111084
2017-12-28,8.303339004516602
2017-12-29,8.303339004516602
2018-01-02,8.616737365722656
2018-01-03,8.485869407653809
2018-01-04,8.403212547302246
2018-01-05,8.437653541564941
2018-01-08,8.506532669067383
2018-01-09,8.644287109375
2018-01-10,8.575407981872559
2018-01-11,8.740720748901367
2018-01-12,8.806154251098633
2018-01-15,8.864700317382812
2018-01-16,8.97145938873291
2018-01-17,8.919804573059082
2018-01-18,8.795822143554688
2018-01-19,8.916362762451172
2018-01-22,8.816487312316895
2018-01-23,8.56163215637207
2018-01-24,8.575407981872559
2018-01-25,8.575407981872559
2018-01-26,8.613295555114746
2018-01-29,8.337780952453613
2018-01-30,8.265459060668945
2018-01-31,8.162137031555176
2018-02-01,8.093255043029785
2018-02-02,7.834963321685791
2018-02-05,7.748863220214844
2018-02-06,7.9830522537231445
2018-02-07,7.886624336242676
2018-02-08,7.655879020690918
2018-02-09,7.549119472503662
2018-02-14,7.886624336242676
2018-02-15,8.062264442443848
2018-02-16,7.876289367675781
2018-02-19,7.910731315612793
2018-02-20,7.903842449188232
2018-02-21,7.865961074829102
2018-02-22,7.9176177978515625
2018-02-23,8.213798522949219
2018-02-26,8.320555686950684
2018-02-27,8.196574211120605
2018-02-28,8.062264442443848
2018-03-01,8.01749038696289
2018-03-02,7.972720146179199
2018-03-05,7.866311073303223
2018-03-06,7.852483749389648
2018-03-07,7.800639629364014
2018-03-08,7.759166240692139
2018-03-09,7.949256896972656
2018-03-12,7.914698600769043
2018-03-13,7.845573425292969
2018-03-14,7.96653938293457
2018-03-15,7.983821392059326
2018-03-16,8.018383026123047
2018-03-19,8.021839141845703
2018-03-20,7.959627151489258
2018-03-21,8.00110149383545
2018-03-22,8.018383026123047
2018-03-23,7.9527130126953125
2018-03-26,7.832327365875244
2018-03-27,7.693761348724365
2018-03-28,7.759582042694092
2018-03-29,7.832327365875244
2018-04-02,7.731869220733643
2018-04-03,7.731869220733643
2018-04-04,7.735333442687988
2018-04-05,7.704156398773193
2018-04-06,7.537875652313232
2018-04-09,7.378531455993652
2018-04-10,7.447811126708984
2018-04-11,7.485916614532471
2018-04-12,7.572521209716797
2018-04-13,7.638340473175049
2018-04-16,7.672977447509766
2018-04-17,7.707620143890381
2018-04-18,7.686835289001465
2018-04-19,7.773437023162842
2018-04-20,7.936251163482666
2018-04-23,7.90507173538208
2018-04-24,7.866966724395752
2018-04-25,7.700692653656006
2018-04-26,8.069962501525879
2018-04-27,8.074468612670898
2018-04-30,8.006922721862793
2018-05-02,8.110498428344727
2018-05-03,7.925860404968262
2018-05-04,7.745725154876709
2018-05-07,7.619635105133057
2018-05-08,7.592613697052002
2018-05-09,7.628640174865723
2018-05-10,7.993411064147949
2018-05-11,8.011422157287598
2018-05-14,8.056455612182617
2018-05-15,8.376191139221191
2018-05-16,8.592348098754883
2018-05-17,8.416722297668457
2018-05-18,8.241094589233398
2018-05-21,8.074468612670898
2018-05-22,8.124004364013672
2018-05-23,8.114995002746582
2018-05-24,8.475263595581055
2018-05-25,8.421224594116211
2018-05-28,7.961885929107666
2018-05-29,7.822279453277588
2018-05-30,7.736719131469727
2018-06-01,7.67817497253418
2018-06-04,7.565591335296631
2018-06-05,7.385458469390869
2018-06-06,7.655656337738037
2018-06-07,7.3989691734313965
2018-06-08,7.430491924285889
2018-06-11,7.236849784851074
2018-06-12,7.155789852142334
2018-06-13,7.029696464538574
2018-06-14,6.867575645446777
2018-06-15,7.106252193450928
2018-06-18,6.876585006713867
2018-06-19,6.84956169128418
2018-06-20,6.935125827789307
2018-06-21,6.966649055480957
2018-06-22,6.953136920928955
2018-06-25,7.124267101287842
2018-06-26,7.187313556671143
2018-06-27,7.079232692718506
2018-06-28,7.2548651695251465
2018-06-29,7.3179097175598145
2018-07-02,7.069255352020264
2018-07-03,7.222738265991211
2018-07-04,7.1775970458984375
2018-07-05,7.213710784912109
2018-07-06,7.376218318939209
2018-07-10,7.674158573150635
2018-07-11,7.588387489318848
2018-07-12,7.696731090545654
2018-07-13,7.741873264312744
2018-07-16,7.872783184051514
2018-07-17,8.211352348327637
2018-07-18,8.337748527526855
2018-07-19,8.477691650390625
2018-07-20,8.41900634765625
2018-07-23,8.542515754699707
2018-07-24,8.61506462097168
2018-07-25,8.569720268249512
2018-07-26,8.420089721679688
2018-07-27,8.365679740905762
2018-07-30,8.43368911743164
2018-07-31,8.39288330078125
2018-08-01,8.302197456359863
2018-08-02,8.143500328063965
2018-08-03,8.220582962036133
2018-08-06,8.274994850158691
2018-08-07,8.401956558227539
2018-08-08,8.220582962036133
2018-08-09,8.188843727111816
2018-08-10,7.857844352722168
2018-08-13,7.993868827819824
2018-08-14,7.9666666984558105
2018-08-15,7.993868827819824
2018-08-16,8.025611877441406
2018-08-17,7.934924602508545
2018-08-20,7.907718181610107
2018-08-21,7.934924602508545
2018-08-22,8.102694511413574
2018-08-23,8.107227325439453
2018-08-24,8.016545295715332
2018-08-27,8.161640167236328
2018-08-28,8.38381576538086
2018-08-29,8.501707077026367
2018-08-30,8.542515754699707
2018-08-31,8.67854118347168
2018-09-03,8.52437973022461
2018-09-04,8.456364631652832
2018-09-05,8.420089721679688
2018-09-06,8.837239265441895
2018-09-10,8.864447593688965
2018-09-11,8.660408020019531
2018-09-12,8.52437973022461
2018-09-13,8.49716854095459
2018-09-14,8.705748558044434
2018-09-17,8.751086235046387
2018-09-18,8.683073043823242
2018-09-19,8.610530853271484
2018-09-20,8.655869483947754
2018-09-21,8.819104194641113
2018-09-24,8.764263153076172
2018-09-25,8.864215850830078
2018-09-26,8.941455841064453
2018-09-27,9.041410446166992
2018-09-28,8.973258018493652
2018-10-01,8.855130195617676
2018-10-02,8.968713760375977
2018-10-03,8.827868461608887
2018-10-04,8.682479858398438
2018-10-05,8.677939414978027
2018-10-08,8.655220031738281
2018-10-09,8.314464569091797
2018-10-10,8.359896659851074
2018-10-11,8.373525619506836
2018-10-15,8.314464569091797
2018-10-16,8.518917083740234
2018-10-17,8.47348403930664
2018-10-18,8.364441871643066
2018-10-19,8.450761795043945
2018-10-22,8.47348403930664
2018-10-23,8.723372459411621
2018-10-24,8.791520118713379
2018-10-25,8.637046813964844
2018-10-26,8.214506149291992
2018-10-29,7.950987339019775
2018-10-30,8.314464569091797
2018-10-31,8.17816162109375
2018-11-01,8.269028663635254
2018-11-05,8.500741004943848
2018-11-06,8.496200561523438
2018-11-07,8.568894386291504
2018-11-08,8.450761795043945
2018-11-09,8.450761795043945
2018-11-12,8.382613182067871
2018-11-13,8.237222671508789
2018-11-14,8.368983268737793
2018-11-16,8.428048133850098
2018-11-19,8.269028663635254
2018-11-21,8.159985542297363
2018-11-22,8.005511283874512
2018-11-23,8.0327730178833
2018-11-26,8.060030937194824
2018-11-27,8.20087718963623
2018-11-28,8.241765975952148
2018-11-29,8.273568153381348
2018-11-30,8.096379280090332
2018-12-03,8.159985542297363
2018-12-04,8.196337699890137
2018-12-05,8.110010147094727
2018-12-06,8.100921630859375
2018-12-07,8.037317276000977
2018-12-10,7.819228172302246
2018-12-11,7.905555248260498
2018-12-12,7.860117435455322
2018-12-13,7.891923904418945
2018-12-14,7.882836818695068
2018-12-17,7.687472820281982
2018-12-18,7.646580696105957
2018-12-19,7.769252300262451
2018-12-20,7.837402820587158
2018-12-21,7.878298282623291
2018-12-26,7.746786117553711
2018-12-27,7.806027889251709
2018-12-28,7.992859840393066
2019-01-02,8.193367958068848
2019-01-03,8.38019847869873
2019-01-04,8.4758939743042
2019-01-07,8.343744277954102
2019-01-08,8.275391578674316
2019-01-09,8.366528511047363
2019-01-10,8.430325508117676
2019-01-11,8.516908645629883
2019-01-14,8.612604141235352
2019-01-15,8.444000244140625
2019-01-16,8.621716499328613
2019-01-17,8.567034721374512
2019-01-18,8.521467208862305
2019-01-21,8.576147079467773
2019-01-22,8.457667350769043
2019-01-23,8.553363800048828
2019-01-24,8.576147079467773
2019-01-28,8.71285629272461
2019-01-29,8.753867149353027
2019-01-30,8.849563598632812
2019-01-31,8.5852632522583
2019-02-01,8.945260047912598
2019-02-04,8.977158546447754
2019-02-05,9.136652946472168
2019-02-06,8.813109397888184
2019-02-07,8.735641479492188
2019-02-08,8.658174514770508
2019-02-11,8.608046531677246
2019-02-12,8.598936080932617
2019-02-13,8.5032377243042
2019-02-14,8.5852632522583
2019-02-15,8.612604141235352
2019-02-18,8.694629669189453
2019-02-19,8.835895538330078
2019-02-20,8.562479019165039
2019-02-21,8.60348892211914
2019-02-22,8.680957794189453
2019-02-25,8.448868751525879
2019-02-26,8.389369010925293
2019-02-27,8.503790855407715
2019-02-28,8.430560111999512
2019-03-01,8.393945693969727
2019-03-06,8.503790855407715
2019-03-07,8.476329803466797
2019-03-08,8.60448169708252
2019-03-11,8.68686580657959
2019-03-12,8.70059585571289
2019-03-13,8.778401374816895
2019-03-14,8.737210273742676
2019-03-15,8.815019607543945
2019-03-18,8.737210273742676
2019-03-19,8.737210273742676
2019-03-20,8.586175918579102
2019-03-21,8.494638442993164
2019-03-22,8.339022636413574
2019-03-25,8.286905288696289
2019-03-26,8.268550872802734
2019-03-27,8.00700569152832
2019-03-28,8.282315254211426
2019-03-29,8.25937271118164
2019-04-01,8.29149055480957
2019-04-02,8.3740873336792
2019-04-03,8.4750337600708
2019-04-04,8.631041526794434
2019-04-05,8.750343322753906
2019-04-08,8.603513717651367
2019-04-09,8.493388175964355
2019-04-10,8.41079330444336
2019-04-11,8.364910125732422
2019-04-12,8.369497299194336
2019-04-15,8.442914009094238
2019-04-16,8.603513717651367
2019-04-17,8.493388175964355
2019-04-18,8.54844856262207
2019-04-22,8.603513717651367
2019-04-23,8.832942962646484
2019-04-24,8.626457214355469
2019-04-25,8.741169929504395
2019-04-26,8.754936218261719
2019-04-29,8.603513717651367
2019-04-30,8.525507926940918
2019-05-02,8.612690925598145
2019-05-03,8.55762767791748
2019-05-06,8.424559593200684
2019-05-07,8.323609352111816
2019-05-08,8.539274215698242
2019-05-09,8.51174259185791
2019-05-10,8.456679344177246
2019-05-13,8.25937271118164
2019-05-14,8.26396369934082
2019-05-15,8.25937271118164
2019-05-16,8.25937271118164
2019-05-17,8.319023132324219
2019-05-20,8.479623794555664
2019-05-21,8.626457214355469
2019-05-22,8.612690925598145
2019-05-23,8.488799095153809
2019-05-24,8.34655475616455
2019-05-27,8.392437934875488
2019-05-28,8.649399757385254
2019-05-29,8.759521484375
2019-05-30,8.745759010314941
2019-05-31,8.741169929504395
2019-06-03,8.782464981079102
2019-06-04,8.727402687072754
2019-06-05,8.667752265930176
2019-06-06,8.667752265930176
2019-06-07,8.80999755859375
2019-06-10,8.823760986328125
2019-06-11,8.888001441955566
2019-06-12,9.034836769104004
2019-06-13,9.177080154418945
2019-06-14,9.1449613571167
2019-06-17,9.314737319946289
2019-06-18,9.470748901367188
2019-06-19,9.71394157409668
2019-06-21,9.833242416381836
2019-06-24,9.902070045471191
2019-06-25,9.71394157409668
2019-06-26,9.704761505126953
2019-06-27,9.80112361907959
2019-06-28,9.80112361907959
2019-07-01,9.921990394592285
2019-07-02,9.912797927856445
2019-07-03,9.977163314819336
2019-07-04,10.207053184509277
2019-07-05,10.299007415771484
2019-07-08,10.35877799987793
2019-07-10,10.892120361328125
2019-07-11,10.850739479064941
2019-07-12,10.616251945495605
2019-07-15,10.299007415771484
2019-07-16,10.349584579467773
2019-07-17,10.35877799987793
2019-07-18,10.459927558898926
2019-07-19,10.478321075439453
2019-07-22,10.390962600708008
2019-07-23,10.381768226623535
2019-07-24,10.574873924255371
2019-07-25,10.478321075439453
2019-07-26,10.740394592285156
2019-07-29,10.883055686950684
2019-07-30,11.076898574829102
2019-07-31,10.993823051452637
2019-08-01,10.813825607299805
2019-08-02,10.956899642944336
2019-08-05,10.753824234008789
2019-08-06,11.03074836730957
2019-08-07,11.219976425170898
2019-08-08,11.279977798461914
2019-08-09,11.159978866577148
2019-08-12,10.961515426635742
2019-08-13,11.206131935119629
2019-08-14,10.656902313232422
2019-08-15,10.315364837646484
2019-08-16,10.523055076599121
2019-08-19,10.403056144714355
2019-08-20,10.430747032165527
2019-08-21,10.643054962158203
2019-08-22,10.490747451782227
2019-08-23,10.25536060333252
2019-08-26,9.946131706237793
2019-08-27,10.006133079528809
2019-08-28,10.195365905761719
2019-08-29,10.338438987731934
2019-08-30,10.384593963623047
2019-09-02,10.513824462890625
2019-09-03,10.2415189743042
2019-09-04,10.444594383239746
2019-09-05,10.513824462890625
2019-09-06,10.54151725769043
2019-09-09,10.421518325805664
2019-09-10,10.58305549621582
2019-09-11,10.652287483215332
2019-09-12,10.638443946838379
2019-09-13,10.94766902923584
2019-09-16,10.72613525390625
2019-09-17,10.984594345092773
2019-09-18,11.076898574829102
2019-09-19,10.933822631835938
2019-09-20,11.261515617370605
2019-09-23,11.18795394897461
2019-09-24,11.04001235961914
2019-09-25,11.20644474029541
2019-09-26,11.20644474029541
2019-09-27,11.155590057373047
2019-09-30,11.201823234558105
2019-10-01,11.201823234558105
2019-10-02,11.016899108886719
2019-10-03,10.947549819946289
2019-10-04,10.915185928344727
2019-10-07,10.56383228302002
2019-10-08,10.545341491699219
2019-10-09,10.573078155517578
2019-10-10,10.619307518005371
2019-10-11,10.942928314208984
2019-10-14,10.979911804199219
2019-10-15,10.993782997131348
2019-10-16,11.266548156738281
2019-10-17,11.20644474029541
2019-10-18,11.261923789978027
2019-10-21,11.298910140991211
2019-10-22,11.437602043151855
2019-10-23,11.946145057678223
2019-10-24,12.06634521484375
2019-10-25,11.747352600097656
2019-10-28,11.825944900512695
2019-10-29,11.79820728302002
2019-10-30,11.950769424438477
2019-10-31,11.788955688476562
2019-11-01,11.964634895324707
2019-11-04,12.080217361450195
2019-11-05,12.362224578857422
2019-11-06,12.561020851135254
2019-11-07,12.986349105834961
2019-11-08,13.055694580078125
2019-11-11,13.44865894317627
2019-11-12,13.175893783569336
2019-11-13,13.50413703918457
2019-11-14,13.527255058288574
2019-11-18,13.545746803283691
2019-11-19,13.499512672424316
2019-11-21,13.35157585144043
2019-11-22,13.434792518615723
2019-11-25,13.453282356262207
2019-11-26,13.23599910736084
2019-11-27,13.43016529083252
2019-11-28,13.60584545135498
2019-11-29,14.063533782958984
2019-12-02,13.94333553314209
2019-12-03,14.197602272033691
2019-12-04,14.710771560668945
2019-12-05,15.149968147277832
2019-12-06,15.136098861694336
2019-12-09,14.752379417419434
2019-12-10,14.780119895935059
2019-12-11,15.288663864135742
2019-12-12,15.62614917755127
2019-12-13,15.741729736328125
2019-12-16,15.482836723327637
2019-12-17,15.70012378692627
2019-12-18,15.672379493713379
2019-12-19,15.533685684204102
2019-12-20,15.667757034301758
2019-12-23,15.639174461364746
2019-12-26,16.12977409362793
2019-12-27,16.356569290161133
2019-12-30,16.041839599609375
2020-01-02,16.310279846191406
2020-01-03,16.102006912231445
2020-01-06,16.143657684326172
2020-01-07,16.268627166748047
2020-01-08,15.653059959411621
2020-01-09,15.421639442443848
2020-01-10,15.736369132995605
2020-01-13,15.884468078613281
2020-01-14,16.19920539855957
2020-01-15,16.305660247802734
2020-01-16,16.60186195373535
2020-01-17,17.03230094909668
2020-01-20,17.555309295654297
2020-01-21,17.35166358947754
2020-01-22,18.00425148010254
2020-01-23,18.351377487182617
2020-01-24,19.175222396850586
2020-01-27,18.962318420410156
2020-01-28,19.443668365478516
2020-01-29,19.619548797607422
2020-01-30,18.962318420410156
2020-01-31,18.24030113220215
2020-02-03,18.823467254638672
2020-02-04,18.754051208496094
2020-02-05,19.147451400756836
2020-02-06,19.827821731567383
2020-02-07,19.022491455078125
2020-02-10,19.221513748168945
2020-02-11,19.925018310546875
2020-02-12,20.623899459838867
2020-02-13,21.091360092163086
2020-02-14,21.091360092163086
2020-02-17,21.188556671142578
2020-02-18,20.688697814941406
2020-02-19,22.595569610595703
2020-02-20,21.98000717163086
2020-02-21,23.049144744873047
2020-02-26,21.747798919677734
2020-02-27,20.419614791870117
2020-02-28,20.038808822631836
2020-03-02,21.822099685668945
2020-03-03,22.253990173339844
2020-03-04,22.5047607421875
2020-03-05,21.687419891357422
2020-03-06,20.442832946777344
2020-03-09,18.459848403930664
2020-03-10,19.46295166015625
2020-03-11,18.204431533813477
2020-03-12,15.32515811920166
2020-03-13,16.035696029663086
2020-03-16,12.729170799255371
2020-03-17,13.318957328796387
2020-03-18,12.292635917663574
2020-03-19,13.342174530029297
2020-03-20,15.032584190368652
2020-03-23,16.362117767333984
2020-03-24,16.761878967285156
2020-03-25,17.36615562438965
2020-03-26,17.640411376953125
2020-03-27,16.436492919921875
2020-03-30,15.813619613647461
2020-03-31,15.604440689086914
2020-04-01,15.074532508850098
2020-04-02,15.850804328918457
2020-04-03,15.28835678100586
2020-04-06,15.469646453857422
2020-04-07,17.338268280029297
2020-04-08,18.58867073059082
2020-04-09,17.803098678588867
2020-04-13,18.24934196472168
2020-04-14,18.082000732421875
2020-04-15,17.66364860534668
2020-04-16,17.668296813964844
2020-04-17,17.877470016479492
2020-04-20,18.17496681213379
2020-04-22,19.020967483520508
2020-04-23,18.40273666381836
2020-04-24,17.993684768676758
2020-04-27,18.872217178344727
2020-04-28,19.327756881713867
2020-04-29,19.24408531188965
2020-04-30,18.56542205810547
2020-05-04,18.518945693969727
2020-05-05,18.13313102722168
2020-05-06,18.04946517944336
2020-05-07,18.17032241821289
2020-05-08,17.77521324157715
2020-05-11,18.04946517944336
2020-05-12,17.431236267089844
2020-05-13,17.66364860534668
2020-05-14,17.36151123046875
2020-05-15,16.924571990966797
2020-05-18,17.022184371948242
2020-05-19,17.16162872314453
2020-05-20,17.496307373046875
2020-05-21,17.403339385986328
2020-05-22,17.310379028320312
2020-05-25,17.6822452545166
2020-05-26,18.788543701171875
2020-05-27,18.8629207611084
2020-05-28,18.909404754638672
2020-05-29,19.443960189819336
2020-06-01,19.597352981567383
2020-06-02,19.71821403503418
2020-06-03,19.8018798828125
2020-06-04,20.35968589782715
2020-06-05,20.60604476928711
2020-06-08,21.289352416992188
2020-06-09,21.29399871826172
2020-06-10,20.91283416748047
2020-06-12,20.568857192993164
2020-06-15,20.578155517578125
2020-06-16,20.805923461914062
2020-06-17,21.456689834594727
2020-06-18,21.442745208740234
2020-06-19,21.47992706298828
2020-06-22,21.196382522583008
2020-06-23,21.438095092773438
2020-06-24,21.405559539794922
2020-06-25,22.879079818725586
2020-06-26,23.241641998291016
2020-06-29,23.222217559814453
2020-06-30,23.54320526123047
2020-07-01,24.46426773071289
2020-07-02,24.92015838623047
2020-07-03,25.120187759399414
2020-07-06,24.748035430908203
2020-07-07,25.078327178955078
2020-07-08,25.259746551513672
2020-07-09,25.33417320251465
2020-07-10,25.44582176208496
2020-07-13,25.55746841430664
2020-07-14,25.115541458129883
2020-07-15,25.283004760742188
2020-07-16,25.376041412353516
2020-07-17,27.02281379699707
2020-07-20,27.985754013061523
2020-07-21,27.855501174926758
2020-07-22,31.725873947143555
2020-07-23,31.15833854675293
2020-07-24,31.03273582458496
2020-07-27,32.6019172668457
2020-07-28,31.315555572509766
2020-07-29,31.217679977416992
2020-07-30,31.69306755065918
2020-07-31,31.3901309967041
2020-08-03,31.026582717895508
2020-08-04,31.129121780395508
2020-08-05,31.786296844482422
2020-08-06,32.545997619628906
2020-08-07,31.902803421020508
2020-08-10,32.15447998046875
2020-08-11,31.399446487426758
2020-08-12,31.69306755065918
2020-08-13,32.11254119873047
2020-08-14,32.238380432128906
2020-08-17,31.67909049987793
2020-08-18,31.55324363708496
2020-08-19,30.70499610900879
2020-08-20,31.329530715942383
2020-08-21,31.506633758544922
2020-08-24,30.97998046875
2020-08-25,31.828231811523438
2020-08-26,30.961334228515625
2020-08-27,30.896085739135742
2020-08-28,31.315555572509766
2020-08-31,30.117740631103516
2020-09-01,31.194364547729492
2020-09-02,31.138437271118164
2020-09-03,30.02918815612793
2020-09-04,30.057146072387695
2020-09-08,29.36269760131836
2020-09-09,30.262224197387695
2020-09-10,29.092374801635742
2020-09-11,28.938573837280273
2020-09-14,29.516502380371094
2020-09-15,29.866064071655273
2020-09-16,29.334733963012695
2020-09-17,29.2788028717041
2020-09-18,28.8919620513916
2020-09-21,29.549131393432617
2020-09-22,30.117740631103516
2020-09-23,29.129667282104492
2020-09-24,30.057146072387695
2020-09-25,29.945297241210938
2020-09-28,29.327165603637695
2020-09-29,30.283130645751953
2020-09-30,30.637537002563477
2020-10-01,31.197126388549805
2020-10-02,31.2670841217041
2020-10-05,32.72667694091797
2020-10-06,33.33289337158203
2020-10-07,34.1209831237793
2020-10-08,35.058292388916016
2020-10-09,35.86037826538086
2020-10-13,36.90959930419922
2020-10-14,37.57645034790039
2020-10-15,37.66505432128906
2020-10-16,38.26194763183594
2020-10-19,38.26660919189453
2020-10-20,38.9614372253418
2020-10-21,36.55986404418945
2020-10-22,38.2899284362793
2020-10-23,38.08473205566406
2020-10-26,38.58837127685547
2020-10-27,38.81687545776367
2020-10-28,36.90494155883789
2020-10-29,37.319969177246094
2020-10-30,35.36140823364258
2020-11-03,36.05623245239258
2020-11-04,38.33189010620117
2020-11-05,39.987342834472656
2020-11-06,39.17127990722656
2020-11-09,38.29925537109375
2020-11-10,36.853641510009766
2020-11-11,37.58110809326172
2020-11-12,37.679046630859375
2020-11-13,38.64433670043945
2020-11-16,38.04277801513672
2020-11-17,38.09407424926758
2020-11-18,37.814273834228516
2020-11-19,37.73966979980469
2020-11-23,36.61116027832031
2020-11-24,35.87902069091797
2020-11-25,36.05623245239258
2020-11-26,36.233436584472656
2020-11-27,35.90699768066406
2020-11-30,34.30751037597656
2020-12-01,34.32150650024414
2020-12-02,34.14896011352539
2020-12-03,34.475399017333984
2020-12-04,33.48212432861328
2020-12-07,33.393524169921875
2020-12-08,33.90180969238281
2020-12-09,33.10906219482422
2020-12-10,33.10906219482422
2020-12-11,33.10906219482422
2020-12-14,32.899208068847656
2020-12-15,33.92512512207031
2020-12-16,34.18160629272461
2020-12-17,35.33341979980469
2020-12-18,33.9810791015625
2020-12-21,33.5970573425293
2020-12-22,33.97496032714844
2020-12-23,33.881656646728516
2020-12-28,35.22535705566406
2020-12-29,35.062049865722656
2020-12-30,35.33732604980469
2021-01-04,34.814788818359375
2021-01-05,36.95161437988281
2021-01-06,37.93141174316406
2021-01-07,39.49904251098633
2021-01-08,41.88783645629883
2021-01-11,40.604793548583984
2021-01-12,42.023136138916016
2021-01-13,42.121124267578125
2021-01-14,41.92982864379883
2021-01-15,40.19888687133789
2021-01-18,43.02158737182617
2021-01-19,41.80386734008789
2021-01-20,41.38396072387695
2021-01-21,40.89406204223633
2021-01-22,41.509918212890625
2021-01-26,41.50058364868164
2021-01-27,41.37928771972656
2021-01-28,41.04337692260742
2021-01-29,39.093143463134766
2021-02-01,39.44306564331055
2021-02-02,39.76499557495117
2021-02-03,41.36996078491211
2021-02-04,39.92361068725586
2021-02-05,39.42438888549805
2021-02-08,39.890953063964844
2021-02-09,39.66234588623047
2021-02-10,40.13823699951172
2021-02-11,40.59080123901367
2021-02-12,40.43683624267578
2021-02-17,39.16779327392578
2021-02-18,38.90184783935547
2021-02-19,38.8365364074707
2021-02-22,38.59391784667969
2021-02-23,39.032493591308594
2021-02-24,40.450836181640625
2021-02-25,37.32487106323242
2021-02-26,36.415069580078125
2021-03-01,36.55537414550781
2021-03-02,36.114845275878906
2021-03-03,36.08671188354492
2021-03-04,34.31987762451172
2021-03-05,34.2308349609375
2021-03-08,32.40774917602539
2021-03-09,33.50910186767578
2021-03-10,33.8746452331543
2021-03-11,33.7059326171875
2021-03-12,33.345062255859375
2021-03-15,34.315181732177734
2021-03-16,34.39955520629883
2021-03-17,34.3011360168457
2021-03-18,33.65437698364258
2021-03-19,33.71999740600586
2021-03-22,33.41535949707031
2021-03-23,33.56065368652344
2021-03-24,33.0498046875
2021-03-25,33.30757522583008
2021-03-26,34.09023666381836
2021-03-29,33.80600357055664
2021-03-30,35.189205169677734
2021-03-31,34.959449768066406
2021-04-01,35.19388198852539
2021-04-05,36.06130599975586
2021-04-06,36.150390625
2021-04-07,35.709651947021484
2021-04-08,35.850311279296875
2021-04-09,35.404884338378906
2021-04-12,35.404884338378906
2021-04-13,35.15638732910156
2021-04-14,35.74247741699219
2021-04-15,36.71304702758789
2021-04-16,36.126949310302734
2021-04-19,35.540863037109375
2021-04-20,34.63593292236328
2021-04-22,34.17172622680664
2021-04-23,35.26421356201172
2021-04-26,34.992271423339844
2021-04-27,34.706241607666016
2021-04-28,34.22799301147461
2021-04-29,33.28086471557617
2021-04-30,32.83073806762695
2021-05-03,32.30560302734375
2021-05-04,31.602283477783203
2021-05-05,32.54942321777344
2021-05-06,31.63042449951172
2021-05-07,31.3397159576416
2021-05-10,30.29881477355957
2021-05-11,30.280052185058594
2021-05-12,29.323549270629883
2021-05-13,29.820558547973633
2021-05-14,30.101882934570312
2021-05-17,30.167530059814453
2021-05-18,30.383209228515625
2021-05-19,29.633007049560547
2021-05-20,29.876827239990234
2021-05-21,29.736160278320312
2021-05-24,30.61764907836914
2021-05-25,30.9177303314209
2021-05-26,30.758312225341797
2021-05-27,30.767688751220703
2021-05-28,32.25871276855469
2021-05-31,32.0242805480957
2021-06-01,32.06179428100586
2021-06-02,31.36785316467285
2021-06-04,32.08992004394531
2021-06-07,32.00551986694336
2021-06-08,31.902366638183594
2021-06-09,32.11805725097656
2021-06-10,31.817975997924805
2021-06-11,32.08053970336914
2021-06-14,32.708831787109375
2021-06-15,33.25272750854492
2021-06-16,32.66195297241211
2021-06-17,32.2774658203125
2021-06-18,32.999549865722656
2021-06-21,33.05580139160156
2021-06-22,32.15556335449219
2021-06-23,31.836727142333984
2021-06-24,32.193077087402344
2021-06-25,31.47100257873535
2021-06-28,31.903133392333984
2021-06-29,32.559959411621094
2021-06-30,31.61224937438965
2021-07-01,32.13772201538086
2021-07-02,33.08541488647461
2021-07-05,32.75701141357422
2021-07-06,32.419212341308594
2021-07-07,33.83609390258789
2021-07-08,32.588096618652344
2021-07-12,33.38569259643555
2021-07-13,33.01036071777344
2021-07-14,32.850830078125
2021-07-15,32.766387939453125
2021-07-16,32.17525100708008
2021-07-19,32.0720329284668
2021-07-20,32.419212341308594
2021-07-21,32.32537841796875
2021-07-22,32.93528747558594
2021-07-23,32.653785705566406
2021-07-26,32.51304244995117
2021-07-27,32.26908493041992
2021-07-28,34.90578079223633
2021-07-29,33.90176773071289
2021-07-30,33.50767135620117
2021-08-02,34.5427131652832
2021-08-03,34.325927734375
2021-08-04,33.99604034423828
2021-08-05,33.79812240600586
2021-08-06,34.156280517578125
2021-08-09,34.080875396728516
2021-08-10,34.01490020751953
2021-08-11,34.07146072387695
2021-08-12,33.4682502746582
2021-08-13,33.71330642700195
2021-08-16,32.43149185180664
2021-08-17,32.69539260864258
2021-08-18,31.649221420288086
2021-08-19,33.166648864746094
2021-08-20,33.91123962402344
2021-08-23,33.694461822509766
2021-08-24,33.60962677001953
2021-08-25,34.28822708129883
2021-08-26,34.65580749511719
2021-08-27,34.778324127197266
2021-08-30,34.57097625732422
2021-08-31,33.515380859375
2021-09-01,34.203399658203125
2021-09-02,33.68502426147461
2021-09-03,34.16570281982422
2021-09-06,34.28822708129883
2021-09-08,34.39189910888672
2021-09-09,36.606781005859375
2021-09-10,36.437137603759766
2021-09-13,36.663326263427734
2021-09-14,37.11573028564453
2021-09-15,37.54928970336914
2021-09-16,37.605838775634766
2021-09-17,36.936649322509766
2021-09-20,36.653900146484375
2021-09-21,37.46446990966797
2021-09-22,38.23731994628906
2021-09-23,38.802818298339844
2021-09-24,38.96304702758789
2021-09-27,38.529937744140625
2021-09-28,38.35076904296875
2021-09-29,37.59639358520508
2021-09-30,37.37008285522461
2021-10-01,37.87928009033203
2021-10-04,36.568546295166016
2021-10-05,35.38982391357422
2021-10-06,35.3709716796875
2021-10-07,35.418121337890625
2021-10-08,36.44596481323242
2021-10-11,36.41767120361328
2021-10-13,38.26591110229492
2021-10-14,38.28476333618164
2021-10-15,37.83213806152344
2021-10-18,38.05845260620117
2021-10-19,37.106040954589844
2021-10-20,37.83213806152344
2021-10-21,37.106040954589844
2021-10-22,36.67226791381836
2021-10-25,37.29463195800781
2021-10-26,37.39836502075195
2021-10-27,36.964595794677734
2021-10-28,35.672725677490234
2021-10-29,34.89006042480469
2021-11-01,34.85232925415039
2021-11-03,35.53127670288086
2021-11-04,35.569000244140625
2021-11-05,35.53127670288086
2021-11-08,34.98434829711914
2021-11-09,34.69203567504883
2021-11-10,34.211116790771484
2021-11-11,34.4185676574707
2021-11-12,33.617042541503906
2021-11-16,33.3624382019043
2021-11-17,33.73019790649414
2021-11-18,33.871639251708984
2021-11-19,33.74905776977539
2021-11-22,32.69292449951172
2021-11-23,32.212005615234375
2021-11-24,31.61794090270996
2021-11-25,31.87253761291504
2021-11-26,30.825836181640625
2021-11-29,30.561803817749023
2021-11-30,30.392065048217773
2021-12-01,30.637243270874023
2021-12-02,30.8541259765625
2021-12-03,30.91069984436035
2021-12-06,31.127586364746094
2021-12-07,32.58919906616211
2021-12-08,33.984798431396484
2021-12-09,34.4185676574707
2021-12-10,33.75848388671875
2021-12-13,33.56989288330078
2021-12-14,33.27756881713867
2021-12-15,33.57933044433594
2021-12-16,33.56989288330078
2021-12-17,32.86266326904297
2021-12-20,32.10004425048828
2021-12-21,32.015098571777344
2021-12-22,31.779132843017578
2021-12-23,31.590354919433594
2021-12-27,31.307209014892578
2021-12-28,31.42047119140625
2021-12-29,30.90135955810547
2021-12-30,31.12787628173828
2022-01-03,30.221792221069336
2022-01-04,30.07077980041504
2022-01-05,28.485126495361328
2022-01-06,28.475688934326172
2022-01-07,27.75836181640625
2022-01-10,26.956100463867188
2022-01-11,27.409147262573242
2022-01-12,28.522878646850586
2022-01-13,27.465778350830078
2022-01-14,28.975923538208008
2022-01-17,28.645580291748047
2022-01-18,28.824907302856445
2022-01-19,28.787153244018555
2022-01-20,29.0136775970459
2022-01-21,28.89097785949707
2022-01-24,28.220849990844727
2022-01-25,28.503999710083008
2022-01-26,29.0136775970459
2022-01-27,30.580448150634766
2022-01-28,29.84425163269043
2022-01-31,30.35392951965332
2022-02-01,30.259550094604492
2022-02-02,29.985828399658203
2022-02-03,29.211885452270508
2022-02-04,29.11749839782715
2022-02-07,29.259077072143555
2022-02-08,28.522878646850586
2022-02-09,28.588945388793945
2022-02-10,28.069835662841797
2022-02-11,27.871623992919922
2022-02-14,28.73052406311035
2022-02-15,31.03349494934082
2022-02-16,29.54222297668457
2022-02-17,28.928726196289062
2022-02-18,28.135902404785156
2022-02-21,28.055315017700195
2022-02-22,28.0648136138916
2022-02-23,27.180959701538086
2022-02-24,27.865236282348633
2022-02-25,27.941268920898438
2022-03-02,28.74909019470215
2022-03-03,29.699472427368164
2022-03-04,29.946575164794922
2022-03-07,29.53791046142578
2022-03-08,30.003602981567383
2022-03-09,31.049015045166016
2022-03-10,30.146156311035156
2022-03-11,29.83252716064453
2022-03-14,29.480886459350586
2022-03-15,28.70157241821289
2022-03-16,30.39325523376465
2022-03-17,31.457677841186523
2022-03-18,31.63825798034668
2022-03-21,30.934974670410156
2022-03-22,31.362646102905273
2022-03-23,31.125051498413086
2022-03-24,31.486196517944336
2022-03-25,31.248600006103516
2022-03-28,31.968624114990234
2022-03-29,32.3016242980957
2022-03-30,32.49191665649414
2022-03-31,33.17695617675781
2022-04-01,33.662200927734375
2022-04-04,33.319671630859375
2022-04-05,32.94861602783203
2022-04-06,32.66318893432617
2022-04-07,32.46337127685547
2022-04-08,32.482398986816406
2022-04-11,30.969602584838867
2022-04-12,30.798341751098633
2022-04-13,30.9791202545166
2022-04-14,30.722227096557617
2022-04-18,30.360679626464844
2022-04-19,29.846893310546875
2022-04-20,29.894468307495117
2022-04-22,29.78980827331543
2022-04-25,29.69466209411621
2022-04-26,28.524383544921875
2022-04-27,30.094270706176758
2022-04-28,29.618545532226562
2022-04-29,28.638551712036133
2022-05-02,27.534879684448242
2022-05-03,27.03061294555664
2022-05-04,27.534879684448242
2022-05-05,26.792747497558594
2022-05-06,25.831785202026367
2022-05-09,25.365577697753906
2022-05-10,24.851802825927734
2022-05-11,24.8327693939209
2022-05-12,25.127716064453125
2022-05-13,25.213342666625977
2022-05-16,24.927906036376953
2022-05-17,25.60344123840332
2022-05-18,25.14674186706543
2022-05-19,24.290443420410156
2022-05-20,24.728107452392578
2022-05-23,25.279949188232422
2022-05-24,24.813735961914062
2022-05-25,24.081125259399414
2022-05-26,24.461702346801758
2022-05-27,24.946935653686523
2022-05-30,24.299957275390625
2022-05-31,24.138212203979492
2022-06-01,24.937427520751953
2022-06-02,25.051605224609375
2022-06-03,24.66150665283203
2022-06-06,24.718595504760742
2022-06-07,24.6900577545166
2022-06-08,23.224821090698242
2022-06-09,23.329479217529297
2022-06-10,22.834732055664062
2022-06-13,22.663469314575195
2022-06-14,23.072593688964844
2022-06-15,22.834732055664062
2022-06-17,21.721538543701172
2022-06-20,22.929874420166016
2022-06-21,24.071609497070312
2022-06-22,24.537822723388672
2022-06-23,24.65199089050293
2022-06-24,25.175289154052734
2022-06-27,24.711458206176758
2022-06-28,24.921117782592773
2022-06-29,24.80675506591797
2022-06-30,25.207021713256836
2022-07-01,25.254667282104492
2022-07-04,25.245140075683594
2022-07-05,25.750232696533203
2022-07-06,25.826473236083984
2022-07-07,26.31250762939453
2022-07-08,25.98848533630371
2022-07-11,25.330909729003906
2022-07-12,25.34044075012207
2022-07-13,25.473857879638672
2022-07-14,25.159372329711914
2022-07-15,25.30231475830078
2022-07-18,24.89253044128418
2022-07-19,25.693052291870117
2022-07-20,24.768634796142578
2022-07-21,24.139650344848633
2022-07-22,24.625688552856445
2022-07-25,25.365127563476562
2022-07-26,25.096920013427734
2022-07-27,25.73871421813965
2022-07-28,26.754087448120117
2022-07-29,26.859451293945312
2022-08-01,26.706186294555664
2022-08-02,27.185136795043945
2022-08-03,26.936084747314453
2022-08-04,27.597030639648438
2022-08-05,27.61618995666504
2022-08-08,28.478303909301758
2022-08-09,28.334617614746094
2022-08-10,29.388303756713867
2022-08-11,28.86145782470703
2022-08-12,29.599042892456055
2022-08-15,29.062618255615234
2022-08-16,29.302091598510742
2022-08-17,29.148826599121094
2022-08-18,29.54157066345215
2022-08-19,28.593252182006836
2022-08-22,27.731142044067383
2022-08-23,27.587451934814453
2022-08-24,27.5778751373291
2022-08-25,27.731142044067383
2022-08-26,27.597030639648438
2022-08-29,27.175559997558594
2022-08-30,27.194719314575195
2022-08-31,27.09892463684082
2022-09-01,27.185136795043945
2022-09-02,28.938087463378906
2022-09-05,29.599042892456055
2022-09-06,29.014719009399414
2022-09-08,28.938087463378906
2022-09-09,29.167985916137695
2022-09-12,30.461149215698242
2022-09-13,29.32125473022461
2022-09-14,29.330829620361328
2022-09-15,28.746511459350586
2022-09-16,29.196718215942383
2022-09-19,29.311670303344727
2022-09-20,29.819353103637695
2022-09-21,29.867250442504883
2022-09-22,29.704410552978516
2022-09-23,29.282934188842773
2022-09-26,29.32525634765625
2022-09-27,28.826427459716797
2022-09-28,29.085433959960938
2022-09-29,28.912761688232422
2022-09-30,30.831327438354492
2022-10-03,32.21269989013672
2022-10-04,31.886533737182617
2022-10-05,32.29902648925781
2022-10-06,32.35658645629883
2022-10-07,31.992055892944336
2022-10-10,32.874595642089844
2022-10-11,32.5196647644043
2022-10-13,32.107173919677734
2022-10-14,31.52201271057129
2022-10-17,32.24147415161133
2022-10-18,33.15278244018555
2022-10-19,33.23912811279297
2022-10-20,33.24872970581055
2022-10-21,33.7667350769043
2022-10-24,33.498130798339844
2022-10-25,33.62284469604492
2022-10-26,36.43354034423828
2022-10-27,37.248924255371094
2022-10-28,36.90358352661133
2022-10-31,38.6398811340332
2022-11-01,37.805301666259766
2022-11-03,38.563148498535156
2022-11-04,39.13870620727539
2022-11-07,39.23464584350586
2022-11-08,39.13870620727539
2022-11-09,38.94685745239258
2022-11-10,37.63263702392578
2022-11-11,38.361698150634766
2022-11-14,39.00440979003906
2022-11-16,37.133819580078125
2022-11-17,37.93960189819336
2022-11-18,37.680606842041016
2022-11-21,37.88205337524414
2022-11-22,37.31608200073242
2022-11-23,37.35444259643555
2022-11-24,38.141056060791016
2022-11-25,37.507930755615234
2022-11-28,35.973079681396484
2022-11-29,36.17452621459961
2022-11-30,37.412010192871094
2022-12-01,36.75010299682617
2022-12-02,37.08584976196289
2022-12-05,36.06901550292969
2022-12-06,36.17452621459961
2022-12-07,35.742855072021484
2022-12-08,35.68529510498047
2022-12-09,35.5893669128418
2022-12-12,34.6013069152832
2022-12-13,34.332706451416016
2022-12-14,35.550994873046875
2022-12-15,35.5701789855957
2022-12-16,35.925113677978516
2022-12-19,36.62099075317383
2022-12-20,36.918800354003906
2022-12-21,36.88998031616211
2022-12-22,37.40873718261719
2022-12-23,36.986045837402344
2022-12-26,36.688232421875
2022-12-27,36.515316009521484
2022-12-28,37.178184509277344
2022-12-29,36.99564743041992
2023-01-02,36.601776123046875
2023-01-03,35.68912887573242
2023-01-04,35.92929458618164
2023-01-05,36.00614929199219
2023-01-06,36.53452682495117
2023-01-09,36.42885208129883
2023-01-10,36.07340621948242
2023-01-11,37.08210372924805
2023-01-12,36.99564743041992
2023-01-13,37.43756103515625
2023-01-16,36.2078971862793
2023-01-17,36.80351638793945
2023-01-18,36.49610137939453
2023-01-19,36.41924285888672
2023-01-20,35.86205291748047
2023-01-23,35.90048599243164
2023-01-24,35.74677276611328
2023-01-25,37.1973876953125
2023-01-26,36.70745086669922
2023-01-27,36.41924285888672
2023-01-30,35.881263732910156
2023-01-31,36.73626708984375
2023-02-01,36.880367279052734
2023-02-02,36.54413604736328
2023-02-03,36.41924285888672
2023-02-06,36.09260940551758
2023-02-07,36.18867874145508
2023-02-08,36.1790771484375
2023-02-09,36.48649597167969
2023-02-10,37.08210372924805
2023-02-13,37.062896728515625
2023-02-14,36.85154724121094
2023-02-15,37.351104736328125
2023-02-16,37.255027770996094
2023-02-17,38.0620002746582
2023-02-22,37.101898193359375
2023-02-23,37.91350555419922
2023-02-24,37.546348571777344
2023-02-27,37.488372802734375
2023-02-28,37.83620071411133
2023-03-01,38.04877853393555
2023-03-02,37.83620071411133
2023-03-03,37.52701950073242
2023-03-06,38.09708023071289
2023-03-07,38.25167465209961
2023-03-08,38.80240249633789
2023-03-09,38.512535095214844
2023-03-10,38.20336151123047
2023-03-13,38.444915771484375
2023-03-14,38.899017333984375
2023-03-15,38.7154426574707
2023-03-16,38.93766403198242
2023-03-17,38.52220153808594
2023-03-20,38.409236907958984
2023-03-21,38.66078567504883
2023-03-22,38.23508834838867
2023-03-23,38.59306716918945
2023-03-24,39.192893981933594
2023-03-27,39.850791931152344
2023-03-28,40.024932861328125
2023-03-29,40.373233795166016
2023-03-30,40.49900817871094
2023-03-31,39.23160171508789
2023-04-03,38.30280685424805
2023-04-04,38.341514587402344
2023-04-05,37.49011993408203
2023-04-06,37.35467529296875
2023-04-10,37.14182662963867
2023-04-11,37.81907272338867
2023-04-12,38.44793701171875
2023-04-13,38.0899658203125
2023-04-14,37.49979782104492
2023-04-17,38.196388244628906
2023-04-18,37.99321365356445
2023-04-19,37.83842086791992
2023-04-20,38.94135284423828
2023-04-24,39.0380973815918
2023-04-25,39.221923828125
2023-04-26,38.805904388427734
2023-04-27,39.0380973815918
2023-04-28,39.78306579589844
2023-05-02,39.49282455444336
2023-05-03,38.60272979736328
2023-05-04,38.022239685058594
2023-05-05,37.94483947753906
2023-05-08,37.92549133300781
2023-05-09,38.56403350830078
2023-05-10,38.07061767578125
2023-05-11,38.041595458984375
2023-05-12,37.644920349121094
2023-05-15,38.3511848449707
2023-05-16,38.409236907958984
2023-05-17,38.177040100097656
2023-05-18,38.022239685058594
2023-05-19,38.825260162353516
2023-05-22,39.04777908325195
2023-05-23,38.91233444213867
2023-05-24,38.52532958984375
2023-05-25,37.77069854736328
2023-05-26,38.22541809082031
2023-05-29,37.61589813232422
2023-05-30,37.09345626831055
2023-05-31,36.38718795776367
2023-06-01,35.98084259033203
2023-06-02,36.445228576660156
2023-06-05,36.40654373168945
2023-06-06,36.95800018310547
2023-06-07,36.909629821777344
2023-06-09,36.571014404296875
2023-06-12,36.52263641357422
2023-06-13,36.13563537597656
2023-06-14,36.638729095458984
2023-06-15,36.609710693359375
2023-06-16,36.61937713623047
2023-06-19,36.445228576660156
2023-06-20,35.7486457824707
2023-06-21,35.26491165161133
2023-06-22,35.21653366088867
2023-06-23,35.41001892089844
2023-06-26,35.2727165222168
2023-06-27,35.36960983276367
2023-06-28,35.44713592529297
2023-06-29,35.6990852355957
2023-06-30,36.58089828491211
2023-07-03,36.522762298583984
2023-07-04,36.03824234008789
2023-07-05,36.33864212036133
2023-07-06,35.747535705566406
2023-07-07,35.8541259765625
2023-07-10,35.16611862182617
2023-07-11,34.83664321899414
2023-07-12,34.943241119384766
2023-07-13,34.943241119384766
2023-07-14,34.885101318359375
2023-07-17,34.20677185058594
2023-07-18,34.82695388793945
2023-07-19,36.73594665527344
2023-07-20,36.97819900512695
2023-07-21,37.68559265136719
2023-07-24,40.404380798339844
2023-07-25,39.39280700683594
2023-07-26,39.37335968017578
2023-07-27,39.24691390991211
2023-07-28,39.21773147583008
2023-07-31,38.828670501708984
2023-08-01,38.77030944824219
2023-08-02,38.9356575012207
2023-08-03,39.32472610473633
2023-08-04,39.73324203491211
2023-08-07,39.81105422973633
2023-08-08,39.54844665527344
2023-08-09,39.6651611328125
2023-08-10,39.13991928100586
2023-08-11,38.711952209472656
2023-08-14,38.2353401184082
2023-08-15,38.27425003051758
2023-08-16,36.581817626953125
2023-08-17,35.90095138549805
2023-08-18,35.26871871948242
2023-08-21,35.05474090576172
2023-08-22,35.47298812866211
2023-08-23,35.45352554321289
2023-08-24,34.99637985229492
2023-08-25,35.365989685058594
2023-08-28,35.6188850402832
2023-08-29,35.492435455322266
2023-08-30,35.30763244628906
2023-08-31,34.89911651611328
2023-09-01,34.96719741821289
2023-09-04,35.14228439331055
2023-09-05,34.92829513549805
2023-09-06,34.57813262939453
2023-09-08,34.43223571777344
2023-09-11,34.31551742553711
2023-09-12,34.67539978027344
2023-09-13,35.92041015625
2023-09-14,35.09364700317383
2023-09-15,35.11309814453125
2023-09-18,34.811580657958984
2023-09-19,34.99637985229492
2023-09-20,34.811580657958984
2023-09-21,34.023719787597656
2023-09-22,33.644378662109375
2023-09-25,35.20316696166992
2023-09-26,35.15444564819336
2023-09-27,35.09598159790039
2023-09-28,35.456485748291016
2023-09-29,35.33956527709961
2023-10-02,35.22264862060547
2023-10-03,34.267784118652344
2023-10-04,34.2580451965332
2023-10-05,34.082664489746094
2023-10-06,33.90727996826172
2023-10-09,33.95600128173828
2023-10-10,34.39445114135742
2023-10-11,34.267784118652344
2023-10-13,33.653953552246094
2023-10-16,33.76112365722656
2023-10-17,33.40061569213867
2023-10-18,33.41036605834961
2023-10-19,33.069339752197266
2023-10-20,32.94267654418945
2023-10-23,33.03036880493164
2023-10-24,34.11188888549805
2023-10-25,30.66270637512207
2023-10-26,31.822175979614258
2023-10-27,30.818599700927734
2023-10-30,31.471410751342773
2023-10-31,32.1631965637207
2023-11-01,32.231407165527344
2023-11-03,32.669857025146484
2023-11-06,32.35806655883789
2023-11-07,31.93909454345703
2023-11-08,31.617565155029297
2023-11-09,31.578590393066406
2023-11-10,32.319095611572266
2023-11-13,31.880638122558594
2023-11-14,32.601654052734375
2023-11-16,32.62114715576172
2023-11-17,32.40678405761719
2023-11-20,32.62114715576172
2023-11-21,32.79652786254883
2023-11-22,33.22523880004883
2023-11-23,33.18626403808594
2023-11-24,32.854984283447266
2023-11-27,33.26421356201172
2023-11-28,33.48830795288086
2023-11-29,33.25447463989258
2023-11-30,33.312923431396484
2023-12-01,33.88779067993164
2023-12-04,33.86830520629883
2023-12-05,34.39445114135742
2023-12-06,34.48214340209961
2023-12-07,34.45291519165039
2023-12-08,33.76112365722656
2023-12-11,33.97548294067383
2023-12-12,34.13138198852539
2023-12-13,35.13496017456055
2023-12-14,35.36880111694336
2023-12-15,35.10572814941406
2023-12-18,35.18572235107422
2023-12-19,35.55671691894531
2023-12-20,35.302879333496094
2023-12-21,35.527427673339844
2023-12-22,35.64458465576172
2023-12-26,35.849605560302734
2023-12-27,35.96676254272461
2023-12-28,36.03510665893555
2024-01-02,35.70315933227539
2024-01-03,35.976524353027344
2024-01-04,35.498146057128906
2024-01-05,35.11738967895508
2024-01-08,35.20524978637695
2024-01-09,34.33634948730469
2024-01-10,34.482791900634766
2024-01-11,33.99464416503906
2024-01-12,33.84819412231445
2024-01-15,33.506492614746094
2024-01-16,32.81332778930664
2024-01-17,32.60830307006836
2024-01-18,32.35446548461914
2024-01-19,32.68640899658203
2024-01-22,32.58877944946289
2024-01-23,32.96953582763672
2024-01-24,32.6766471862793
2024-01-25,32.461856842041016
2024-01-26,32.383750915527344
2024-01-29,32.461856842041016
2024-01-30,32.20802688598633
2024-01-31,31.573429107666016
2024-02-01,31.856555938720703
2024-02-02,31.817506790161133
2024-02-05,32.47161865234375
2024-02-06,32.45209503173828
2024-02-07,32.832855224609375
2024-02-08,32.99882125854492
2024-02-09,32.579010009765625
2024-02-14,32.73522186279297
2024-02-15,32.42280578613281
2024-02-16,32.60830307006836
2024-02-19,32.696170806884766
2024-02-20,33.45768356323242
2024-02-21,35.76173782348633
2024-02-22,34.62923812866211
2024-02-23,35.12715148925781
2024-02-26,36.001285552978516
2024-02-27,36.385223388671875
2024-02-28,36.33599853515625
2024-02-29,36.119415283203125
2024-03-01,36.71009063720703
2024-03-04,36.56241989135742
2024-03-05,36.8479118347168
2024-03-06,36.552574157714844
2024-03-07,36.32615280151367
2024-03-08,36.34584426879883
2024-03-11,36.58210754394531
2024-03-12,37.02511215209961
2024-03-13,37.428733825683594
2024-03-14,37.20231246948242
2024-03-15,37.4090461730957
2024-03-18,37.4090461730957
2024-03-19,38.1572265625
2024-03-20,38.22614288330078
2024-03-21,38.81680679321289
2024-03-22,39.121986389160156
2024-03-25,38.48881912231445
2024-03-26,38.232486724853516
2024-03-27,38.0057373046875
2024-03-28,37.66067886352539
2024-04-01,37.45363998413086
2024-04-02,37.631099700927734
2024-04-03,37.35505294799805
2024-04-04,37.56208801269531
2024-04-05,37.45363998413086
2024-04-08,37.66067886352539
2024-04-09,38.2522087097168
2024-04-10,37.85785675048828
2024-04-11,37.700111389160156
2024-04-12,37.443782806396484
2024-04-15,37.108585357666016
2024-04-16,38.22262954711914
2024-04-17,37.680397033691406
2024-04-18,38.05502700805664
2024-04-19,38.0057373046875
2024-04-22,37.72968673706055
2024-04-23,37.45363998413086
2024-04-24,37.690250396728516
2024-04-25,38.12403869628906
2024-04-26,38.66627502441406
2024-04-29,38.804298400878906
2024-04-30,38.991615295410156
2024-05-02,38.30149841308594
2024-05-03,38.22262954711914
2024-05-06,38.08460998535156
2024-05-07,38.350799560546875
2024-05-08,38.53811264038086
2024-05-09,38.350799560546875
2024-05-10,38.4198112487793
2024-05-13,38.52825927734375
2024-05-14,39.0507698059082
2024-05-15,39.060630798339844
2024-05-16,39.04090881347656
2024-05-17,39.080345153808594
2024-05-20,39.28738021850586
2024-05-21,39.19865036010742
2024-05-22,38.72542953491211
2024-05-23,38.47895812988281
2024-05-24,37.798702239990234
2024-05-27,37.808555603027344
2024-05-28,37.690250396728516
2024-05-29,37.19731140136719
2024-05-31,37.01984786987305
2024-06-03,36.81282043457031
2024-06-04,37.266326904296875
2024-06-05,37.0099983215332
2024-06-06,37.27618408203125
2024-06-07,37.31561279296875
2024-06-10,37.27618408203125
2024-06-11,37.266326904296875
2024-06-12,37.53251266479492
2024-06-13,37.877567291259766
2024-06-14,38.22262954711914
2024-06-17,38.22262954711914
2024-06-18,38.311363220214844
2024-06-19,39.247947692871094
2024-06-20,40.20425033569336
2024-06-21,40.50001907348633
2024-06-24,40.29297637939453
2024-06-25,40.983097076416016
2024-06-26,41.35773849487305
2024-06-27,41.11126708984375
2024-06-28,41.59434127807617
2024-07-01,41.43910217285156
2024-07-02,41.49833679199219
2024-07-03,41.57733154296875
2024-07-04,41.360111236572266
2024-07-05,41.656314849853516
2024-07-08,43.907474517822266
2024-07-09,43.9864616394043
2024-07-10,43.49279022216797
2024-07-11,44.391273498535156
2024-07-12,45.29963684082031
2024-07-15,45.921669006347656
2024-07-16,46.08951950073242
2024-07-17,46.454837799072266
2024-07-18,46.800411224365234
2024-07-19,46.691802978515625
2024-07-22,46.57332229614258
2024-07-23,46.454837799072266
2024-07-24,46.05990219116211
2024-07-25,45.368751525878906
2024-07-26,46.32648468017578
2024-07-29,45.892051696777344
2024-07-30,45.2798957824707
2024-07-31,50.0191764831543
2024-08-01,52.17159652709961
2024-08-02,49.18980026245117
2024-08-05,48.42424392700195
2024-08-06,48.533260345458984
2024-08-07,47.88905334472656
2024-08-08,49.2468376159668
2024-08-09,49.25674819946289
2024-08-12,50.12889862060547
2024-08-13,50.67399597167969
2024-08-14,51.08033752441406
2024-08-15,52.22999572753906
2024-08-16,52.775089263916016
2024-08-19,51.3281135559082
2024-08-20,52.63633728027344
2024-08-21,52.9534797668457
2024-08-22,53.716617584228516
2024-08-23,53.33009719848633
2024-08-26,53.597686767578125
2024-08-27,53.51839828491211
2024-08-28,53.51839828491211
2024-08-29,53.0625
2024-08-30,53.66706466674805
2024-09-02,51.88311004638672
2024-09-03,52.3291015625
2024-09-04,52.91383743286133
2024-09-05,53.50849151611328
2024-09-06,52.408390045166016
2024-09-09,51.98222351074219
2024-09-10,52.418296813964844
2024-09-11,53.022857666015625
2024-09-12,52.83455276489258
2024-09-13,53.14178466796875
2024-09-16,52.52731704711914
2024-09-17,52.84446334838867
2024-09-18,53.12196731567383
2024-09-19,52.784996032714844
2024-09-20,52.05160140991211
2024-09-23,53.83554458618164
2024-09-24,54.89600372314453
2024-09-25,55.183414459228516
2024-09-26,55.550113677978516
2024-09-27,55.53028869628906
2024-09-30,53.97240447998047
2024-10-01,55.45096969604492
2024-10-02,54.92503356933594
2024-10-03,54.180789947509766
2024-10-04,54.08156204223633
2024-10-07,52.99000930786133
2024-10-08,53.89302444458008
2024-10-09,53.58539962768555
2024-10-10,53.76402282714844
2024-10-11,53.754093170166016
2024-10-14,54.61741638183594
2024-10-15,56.09597396850586
2024-10-16,56.75090789794922
2024-10-17,55.78835678100586
2024-10-18,54.7960319519043
2024-10-21,54.61741638183594
2024-10-22,55.52042770385742
2024-10-23,55.76851272583008
2024-10-24,55.837974548339844
2024-10-25,55.04411697387695
2024-10-28,55.82804489135742
2024-10-29,56.50282669067383
2024-10-30,53.58539962768555
2024-10-31,53.694557189941406
2024-11-01,54.280025482177734
2024-11-04,55.75858688354492
2024-11-05,55.5799674987793
2024-11-06,55.65935516357422
2024-11-07,55.34181213378906
2024-11-08,54.667030334472656
2024-11-11,55.063961029052734
2024-11-12,54.99449920654297
2024-11-13,54.280025482177734
2024-11-14,53.93271255493164
2024-11-18,53.58539962768555
2024-11-19,53.71440124511719
2024-11-21,53.317474365234375
2024-11-22,53.59532165527344
2024-11-25,51.74960708618164
2024-11-26,52.37476348876953
2024-11-27,51.70991134643555
2024-11-28,52.50376892089844
2024-11-29,53.52585983276367
2024-12-02,53.43655014038086
2024-12-03,54.180789947509766
2024-12-04,54.57772445678711
2024-12-05,54.508262634277344
2024-12-06,55.17311477661133
2024-12-09,55.321964263916016
2024-12-10,56.44328689575195
2024-12-11,58.100467681884766
2024-12-12,57.356224060058594
2024-12-13,57.21730041503906
2024-12-16,56.67152404785156
2024-12-17,57.45545959472656
2024-12-18,56.61198425292969
2024-12-19,56.02651596069336
2024-12-20,55.11357879638672
2024-12-23,53.900970458984375
2024-12-26,54.31834411621094
2024-12-27,53.3444709777832
2024-12-30,52.44015884399414
2025-01-02,52.390472412109375
2025-01-03,52.13209533691406
2025-01-06,52.142032623291016
2025-01-07,53.18547058105469
2025-01-08,52.87740707397461
2025-01-09,53.95065689086914
2025-01-10,53.01653289794922
2025-01-13,52.91715621948242
2025-01-14,52.599159240722656
2025-01-15,53.821468353271484
2025-01-16,53.334529876708984
2025-01-17,53.83140563964844
2025-01-20,54.78540802001953
2025-01-21,55.282283782958984
2025-01-22,56.087215423583984
2025-01-23,56.892154693603516
2025-01-24,57.508277893066406
2025-01-27,52.976783752441406
2025-01-28,53.75190734863281
2025-01-29,54.08978271484375
2025-01-30,55.8586540222168
2025-01-31,54.69596862792969
2025-02-03,53.56309509277344
2025-02-04,53.72209548950195
2025-02-05,54.12953186035156
2025-02-06,54.18915557861328
2025-02-07,53.60284423828125
2025-02-10,53.87115478515625
2025-02-11,52.77803421020508
2025-02-12,52.37059783935547
2025-02-13,52.142032623291016
2025-02-14,53.46371841430664
2025-02-17,52.12215805053711
2025-02-18,52.55940628051758
2025-02-19,51.8836555480957
2025-02-20,51.77434539794922
2025-02-21,52.61903381347656
2025-02-24,51.227783203125
2025-02-25,52.072471618652344
2025-02-26,47.55091094970703
2025-02-27,48.5943489074707
2025-02-28,48.117347717285156
2025-03-05,47.650001525878906
2025-03-06,47.279998779296875
2025-03-07,47.88999938964844
2025-03-10,47.68000030517578
2025-03-11,46.540000915527344
